--------- beginning of main
06-02 15:53:36.909 31473 31530 I Unity   : SetGameState: isLoading: true, mode: UNKNOWN, label: 1, quality: 0
06-02 15:53:37.070 31473 31530 I Unity   : [GameManager] OnSceneLoaded: MainMenu  State=Playing
06-02 15:53:37.070 31473 31530 I Unity   : UnityEngine.Debug:ExtractStackTraceNoAlloc (byte*,int,string)
06-02 15:53:37.070 31473 31530 I Unity   : UnityEngine.StackTraceUtility:ExtractStackTrace () (at /home/bokken/build/output/unity/unity/Runtime/Export/Scripting/StackTrace.cs:35)
06-02 15:53:37.070 31473 31530 I Unity   : UnityEngine.DebugLogHandler:Internal_Log (UnityEngine.LogType,UnityEngine.LogOption,string,UnityEngine.Object)
06-02 15:53:37.070 31473 31530 I Unity   : UnityEngine.DebugLogHandler:LogFormat (UnityEngine.LogType,UnityEngine.Object,string,object[]) (at /home/bokken/build/output/unity/unity/Runtime/Export/Logging/DebugLogHandler.cs:9)
06-02 15:53:37.070 31473 31530 I Unity   : UnityEngine.Logger:Log (UnityEngine.LogType,object) (at /home/bokken/build/output/unity/unity/Runtime/Export/Logging/Logger.cs:60)
06-02 15:53:37.070 31473 31530 I Unity   : UnityEngine.Debug:Log (object) (at /home/bokken/build/output/unity/unity/Runtime/Export/Debug/Debug.bindings.cs:123)
06-02 15:53:37.070 31473 31530 I Unity   : GameManager:OnSceneLoaded (UnityEngine.SceneManagement.Scene,UnityEngine.SceneManagement.LoadSceneMode) (at C:/Games/UnityProject/OrbitDrop3D/Assets/Scripts/Core/GameManager.cs:65)
06-02 15:53:37.070 31473 31530 I Unity   : UnityEngine.SceneManagement.SceneManager:Internal_
06-02 15:53:37.070 31473 31530 I Unity   : [GameManager] State -> MainMenu  Level=11  Lives=3
06-02 15:53:37.070 31473 31530 I Unity   : UnityEngine.Debug:ExtractStackTraceNoAlloc (byte*,int,string)
06-02 15:53:37.070 31473 31530 I Unity   : UnityEngine.StackTraceUtility:ExtractStackTrace () (at /home/bokken/build/output/unity/unity/Runtime/Export/Scripting/StackTrace.cs:35)
06-02 15:53:37.070 31473 31530 I Unity   : UnityEngine.DebugLogHandler:Internal_Log (UnityEngine.LogType,UnityEngine.LogOption,string,UnityEngine.Object)
06-02 15:53:37.070 31473 31530 I Unity   : UnityEngine.DebugLogHandler:LogFormat (UnityEngine.LogType,UnityEngine.Object,string,object[]) (at /home/bokken/build/output/unity/unity/Runtime/Export/Logging/DebugLogHandler.cs:9)
06-02 15:53:37.070 31473 31530 I Unity   : UnityEngine.Logger:Log (UnityEngine.LogType,object) (at /home/bokken/build/output/unity/unity/Runtime/Export/Logging/Logger.cs:60)
06-02 15:53:37.070 31473 31530 I Unity   : UnityEngine.Debug:Log (object) (at /home/bokken/build/output/unity/unity/Runtime/Export/Debug/Debug.bindings.cs:123)
06-02 15:53:37.070 31473 31530 I Unity   : GameManager:SetState (GameManager/GameState) (at C:/Games/UnityProject/OrbitDrop3D/Assets/Scripts/Core/GameManager.cs:174)
06-02 15:53:37.070 31473 31530 I Unity   : GameManager:OnSceneLoaded (UnityEngine.SceneManagement.Scene,UnityEngine.SceneManagement.LoadSceneMode) (at C:
06-02 15:53:37.071 31473 31530 I Unity   : SetGameState: isLoading: false, mode: UNKNOWN, label: 1, quality: 0
06-02 15:53:37.743 31473 31530 I Unity   : SetGameState: isLoading: true, mode: UNKNOWN, label: 2, quality: 0
06-02 15:53:37.849 31473 31530 I Unity   : [GameManager] OnSceneLoaded: LevelSelected  State=MainMenu
06-02 15:53:37.849 31473 31530 I Unity   : UnityEngine.Debug:ExtractStackTraceNoAlloc (byte*,int,string)
06-02 15:53:37.849 31473 31530 I Unity   : UnityEngine.StackTraceUtility:ExtractStackTrace () (at /home/bokken/build/output/unity/unity/Runtime/Export/Scripting/StackTrace.cs:35)
06-02 15:53:37.849 31473 31530 I Unity   : UnityEngine.DebugLogHandler:Internal_Log (UnityEngine.LogType,UnityEngine.LogOption,string,UnityEngine.Object)
06-02 15:53:37.849 31473 31530 I Unity   : UnityEngine.DebugLogHandler:LogFormat (UnityEngine.LogType,UnityEngine.Object,string,object[]) (at /home/bokken/build/output/unity/unity/Runtime/Export/Logging/DebugLogHandler.cs:9)
06-02 15:53:37.849 31473 31530 I Unity   : UnityEngine.Logger:Log (UnityEngine.LogType,object) (at /home/bokken/build/output/unity/unity/Runtime/Export/Logging/Logger.cs:60)
06-02 15:53:37.849 31473 31530 I Unity   : UnityEngine.Debug:Log (object) (at /home/bokken/build/output/unity/unity/Runtime/Export/Debug/Debug.bindings.cs:123)
06-02 15:53:37.849 31473 31530 I Unity   : GameManager:OnSceneLoaded (UnityEngine.SceneManagement.Scene,UnityEngine.SceneManagement.LoadSceneMode) (at C:/Games/UnityProject/OrbitDrop3D/Assets/Scripts/Core/GameManager.cs:65)
06-02 15:53:37.849 31473 31530 I Unity   : UnityEngine.SceneManagement.SceneManager:Int
06-02 15:53:37.849 31473 31530 I Unity   : SetGameState: isLoading: false, mode: UNKNOWN, label: 2, quality: 0
06-02 15:53:38.942 31473 31530 I Unity   : SetGameState: isLoading: true, mode: UNKNOWN, label: 3, quality: 0
06-02 15:53:39.086 31473 31530 I Unity   : [GameManager] Awake in scene: Game
06-02 15:53:39.086 31473 31530 I Unity   : UnityEngine.Debug:ExtractStackTraceNoAlloc (byte*,int,string)
06-02 15:53:39.086 31473 31530 I Unity   : UnityEngine.StackTraceUtility:ExtractStackTrace () (at /home/bokken/build/output/unity/unity/Runtime/Export/Scripting/StackTrace.cs:35)
06-02 15:53:39.086 31473 31530 I Unity   : UnityEngine.DebugLogHandler:Internal_Log (UnityEngine.LogType,UnityEngine.LogOption,string,UnityEngine.Object)
06-02 15:53:39.086 31473 31530 I Unity   : UnityEngine.DebugLogHandler:LogFormat (UnityEngine.LogType,UnityEngine.Object,string,object[]) (at /home/bokken/build/output/unity/unity/Runtime/Export/Logging/DebugLogHandler.cs:9)
06-02 15:53:39.086 31473 31530 I Unity   : UnityEngine.Logger:Log (UnityEngine.LogType,object) (at /home/bokken/build/output/unity/unity/Runtime/Export/Logging/Logger.cs:60)
06-02 15:53:39.086 31473 31530 I Unity   : UnityEngine.Debug:Log (object) (at /home/bokken/build/output/unity/unity/Runtime/Export/Debug/Debug.bindings.cs:123)
06-02 15:53:39.086 31473 31530 I Unity   : GameManager:Awake () (at C:/Games/UnityProject/OrbitDrop3D/Assets/Scripts/Core/GameManager.cs:34)
06-02 15:53:39.086 31473 31530 I Unity   : 
06-02 15:53:39.086 31473 31530 I Unity   : (Filename: /home/bokken/build/output/unity/unity/Runtime/Export/Debug/Debug.bindings.cs Line: 123)
06-02 15:53:39.086 31473 31530 I Unity   : 
06-02 15:53:39.087 31473 31530 I Unity   : [EnemySpawner] Awake — existingInstance=NULL thisActive=True
06-02 15:53:39.087 31473 31530 I Unity   : UnityEngine.Debug:ExtractStackTraceNoAlloc (byte*,int,string)
06-02 15:53:39.087 31473 31530 I Unity   : UnityEngine.StackTraceUtility:ExtractStackTrace () (at /home/bokken/build/output/unity/unity/Runtime/Export/Scripting/StackTrace.cs:35)
06-02 15:53:39.087 31473 31530 I Unity   : UnityEngine.DebugLogHandler:Internal_Log (UnityEngine.LogType,UnityEngine.LogOption,string,UnityEngine.Object)
06-02 15:53:39.087 31473 31530 I Unity   : UnityEngine.DebugLogHandler:LogFormat (UnityEngine.LogType,UnityEngine.Object,string,object[]) (at /home/bokken/build/output/unity/unity/Runtime/Export/Logging/DebugLogHandler.cs:9)
06-02 15:53:39.087 31473 31530 I Unity   : UnityEngine.Logger:Log (UnityEngine.LogType,object) (at /home/bokken/build/output/unity/unity/Runtime/Export/Logging/Logger.cs:60)
06-02 15:53:39.087 31473 31530 I Unity   : UnityEngine.Debug:Log (object) (at /home/bokken/build/output/unity/unity/Runtime/Export/Debug/Debug.bindings.cs:123)
06-02 15:53:39.087 31473 31530 I Unity   : EnemySpawner:Awake () (at C:/Games/UnityProject/OrbitDrop3D/Assets/Scripts/Gameplay/EnemySpawner.cs:15)
06-02 15:53:39.087 31473 31530 I Unity   : 
06-02 15:53:39.087 31473 31530 I Unity   : (Filename: /home/bokken/build/output/unity/unity/Runtime/Export/Debug/Debug.bindings.cs Line: 123)
06-02 15:53:39.087 31473 31530 I Unity   : 
06-02 15:53:39.087 31473 31530 I Unity   : [EnemySpawner] Instance set — DontDestroyOnLoad applied.
06-02 15:53:39.087 31473 31530 I Unity   : UnityEngine.Debug:ExtractStackTraceNoAlloc (byte*,int,string)
06-02 15:53:39.087 31473 31530 I Unity   : UnityEngine.StackTraceUtility:ExtractStackTrace () (at /home/bokken/build/output/unity/unity/Runtime/Export/Scripting/StackTrace.cs:35)
06-02 15:53:39.087 31473 31530 I Unity   : UnityEngine.DebugLogHandler:Internal_Log (UnityEngine.LogType,UnityEngine.LogOption,string,UnityEngine.Object)
06-02 15:53:39.087 31473 31530 I Unity   : UnityEngine.DebugLogHandler:LogFormat (UnityEngine.LogType,UnityEngine.Object,string,object[]) (at /home/bokken/build/output/unity/unity/Runtime/Export/Logging/DebugLogHandler.cs:9)
06-02 15:53:39.087 31473 31530 I Unity   : UnityEngine.Logger:Log (UnityEngine.LogType,object) (at /home/bokken/build/output/unity/unity/Runtime/Export/Logging/Logger.cs:60)
06-02 15:53:39.087 31473 31530 I Unity   : UnityEngine.Debug:Log (object) (at /home/bokken/build/output/unity/unity/Runtime/Export/Debug/Debug.bindings.cs:123)
06-02 15:53:39.087 31473 31530 I Unity   : EnemySpawner:Awake () (at C:/Games/UnityProject/OrbitDrop3D/Assets/Scripts/Gameplay/EnemySpawner.cs:24)
06-02 15:53:39.087 31473 31530 I Unity   : 
06-02 15:53:39.087 31473 31530 I Unity   : (Filename: /home/bokken/build/output/unity/unity/Runtime/Export/Debug/Debug.bindings.cs Line: 123)
06-02 15:53:39.087 31473 31530 I Unity   : 
06-02 15:53:39.087 31473 31530 I Unity   : CardPopupAnimation ready on Card
06-02 15:53:39.087 31473 31530 I Unity   : UnityEngine.Debug:ExtractStackTraceNoAlloc (byte*,int,string)
06-02 15:53:39.087 31473 31530 I Unity   : UnityEngine.StackTraceUtility:ExtractStackTrace () (at /home/bokken/build/output/unity/unity/Runtime/Export/Scripting/StackTrace.cs:35)
06-02 15:53:39.087 31473 31530 I Unity   : UnityEngine.DebugLogHandler:Internal_Log (UnityEngine.LogType,UnityEngine.LogOption,string,UnityEngine.Object)
06-02 15:53:39.087 31473 31530 I Unity   : UnityEngine.DebugLogHandler:LogFormat (UnityEngine.LogType,UnityEngine.Object,string,object[]) (at /home/bokken/build/output/unity/unity/Runtime/Export/Logging/DebugLogHandler.cs:9)
06-02 15:53:39.087 31473 31530 I Unity   : UnityEngine.Logger:Log (UnityEngine.LogType,object) (at /home/bokken/build/output/unity/unity/Runtime/Export/Logging/Logger.cs:60)
06-02 15:53:39.087 31473 31530 I Unity   : UnityEngine.Debug:Log (object) (at /home/bokken/build/output/unity/unity/Runtime/Export/Debug/Debug.bindings.cs:123)
06-02 15:53:39.087 31473 31530 I Unity   : CardPopupAnimation:Awake () (at C:/Games/UnityProject/OrbitDrop3D/Assets/Scripts/UI/CardPopupAnimation.cs:42)
06-02 15:53:39.087 31473 31530 I Unity   : 
06-02 15:53:39.087 31473 31530 I Unity   : (Filename: /home/bokken/build/output/unity/unity/Runtime/Export/Debug/Debug.bindings.cs Line: 123)
06-02 15:53:39.087 31473 31530 I Unity   : 
06-02 15:53:39.088 31473 31530 I Unity   : CardPopupAnimation ready on Glowborder
06-02 15:53:39.088 31473 31530 I Unity   : UnityEngine.Debug:ExtractStackTraceNoAlloc (byte*,int,string)
06-02 15:53:39.088 31473 31530 I Unity   : UnityEngine.StackTraceUtility:ExtractStackTrace () (at /home/bokken/build/output/unity/unity/Runtime/Export/Scripting/StackTrace.cs:35)
06-02 15:53:39.088 31473 31530 I Unity   : UnityEngine.DebugLogHandler:Internal_Log (UnityEngine.LogType,UnityEngine.LogOption,string,UnityEngine.Object)
06-02 15:53:39.088 31473 31530 I Unity   : UnityEngine.DebugLogHandler:LogFormat (UnityEngine.LogType,UnityEngine.Object,string,object[]) (at /home/bokken/build/output/unity/unity/Runtime/Export/Logging/DebugLogHandler.cs:9)
06-02 15:53:39.088 31473 31530 I Unity   : UnityEngine.Logger:Log (UnityEngine.LogType,object) (at /home/bokken/build/output/unity/unity/Runtime/Export/Logging/Logger.cs:60)
06-02 15:53:39.088 31473 31530 I Unity   : UnityEngine.Debug:Log (object) (at /home/bokken/build/output/unity/unity/Runtime/Export/Debug/Debug.bindings.cs:123)
06-02 15:53:39.088 31473 31530 I Unity   : CardPopupAnimation:Awake () (at C:/Games/UnityProject/OrbitDrop3D/Assets/Scripts/UI/CardPopupAnimation.cs:42)
06-02 15:53:39.088 31473 31530 I Unity   : 
06-02 15:53:39.088 31473 31530 I Unity   : (Filename: /home/bokken/build/output/unity/unity/Runtime/Export/Debug/Debug.bindings.cs Line: 123)
06-02 15:53:39.088 31473 31530 I Unity   : 
06-02 15:53:39.089 31473 31530 I Unity   : CardPopupAnimation ready on Card
06-02 15:53:39.089 31473 31530 I Unity   : UnityEngine.Debug:ExtractStackTraceNoAlloc (byte*,int,string)
06-02 15:53:39.089 31473 31530 I Unity   : UnityEngine.StackTraceUtility:ExtractStackTrace () (at /home/bokken/build/output/unity/unity/Runtime/Export/Scripting/StackTrace.cs:35)
06-02 15:53:39.089 31473 31530 I Unity   : UnityEngine.DebugLogHandler:Internal_Log (UnityEngine.LogType,UnityEngine.LogOption,string,UnityEngine.Object)
06-02 15:53:39.089 31473 31530 I Unity   : UnityEngine.DebugLogHandler:LogFormat (UnityEngine.LogType,UnityEngine.Object,string,object[]) (at /home/bokken/build/output/unity/unity/Runtime/Export/Logging/DebugLogHandler.cs:9)
06-02 15:53:39.089 31473 31530 I Unity   : UnityEngine.Logger:Log (UnityEngine.LogType,object) (at /home/bokken/build/output/unity/unity/Runtime/Export/Logging/Logger.cs:60)
06-02 15:53:39.089 31473 31530 I Unity   : UnityEngine.Debug:Log (object) (at /home/bokken/build/output/unity/unity/Runtime/Export/Debug/Debug.bindings.cs:123)
06-02 15:53:39.089 31473 31530 I Unity   : CardPopupAnimation:Awake () (at C:/Games/UnityProject/OrbitDrop3D/Assets/Scripts/UI/CardPopupAnimation.cs:42)
06-02 15:53:39.089 31473 31530 I Unity   : 
06-02 15:53:39.089 31473 31530 I Unity   : (Filename: /home/bokken/build/output/unity/unity/Runtime/Export/Debug/Debug.bindings.cs Line: 123)
06-02 15:53:39.089 31473 31530 I Unity   : 
06-02 15:53:39.120 31473 31530 I Unity   : [GameManager] OnSceneLoaded: Game  State=MainMenu
06-02 15:53:39.120 31473 31530 I Unity   : UnityEngine.Debug:ExtractStackTraceNoAlloc (byte*,int,string)
06-02 15:53:39.120 31473 31530 I Unity   : UnityEngine.StackTraceUtility:ExtractStackTrace () (at /home/bokken/build/output/unity/unity/Runtime/Export/Scripting/StackTrace.cs:35)
06-02 15:53:39.120 31473 31530 I Unity   : UnityEngine.DebugLogHandler:Internal_Log (UnityEngine.LogType,UnityEngine.LogOption,string,UnityEngine.Object)
06-02 15:53:39.120 31473 31530 I Unity   : UnityEngine.DebugLogHandler:LogFormat (UnityEngine.LogType,UnityEngine.Object,string,object[]) (at /home/bokken/build/output/unity/unity/Runtime/Export/Logging/DebugLogHandler.cs:9)
06-02 15:53:39.120 31473 31530 I Unity   : UnityEngine.Logger:Log (UnityEngine.LogType,object) (at /home/bokken/build/output/unity/unity/Runtime/Export/Logging/Logger.cs:60)
06-02 15:53:39.120 31473 31530 I Unity   : UnityEngine.Debug:Log (object) (at /home/bokken/build/output/unity/unity/Runtime/Export/Debug/Debug.bindings.cs:123)
06-02 15:53:39.120 31473 31530 I Unity   : GameManager:OnSceneLoaded (UnityEngine.SceneManagement.Scene,UnityEngine.SceneManagement.LoadSceneMode) (at C:/Games/UnityProject/OrbitDrop3D/Assets/Scripts/Core/GameManager.cs:65)
06-02 15:53:39.120 31473 31530 I Unity   : UnityEngine.SceneManagement.SceneManager:Internal_Sce
06-02 15:53:39.120 31473 31530 I Unity   : [GameManager] State -> Playing  Level=10  Lives=3
06-02 15:53:39.120 31473 31530 I Unity   : UnityEngine.Debug:ExtractStackTraceNoAlloc (byte*,int,string)
06-02 15:53:39.120 31473 31530 I Unity   : UnityEngine.StackTraceUtility:ExtractStackTrace () (at /home/bokken/build/output/unity/unity/Runtime/Export/Scripting/StackTrace.cs:35)
06-02 15:53:39.120 31473 31530 I Unity   : UnityEngine.DebugLogHandler:Internal_Log (UnityEngine.LogType,UnityEngine.LogOption,string,UnityEngine.Object)
06-02 15:53:39.120 31473 31530 I Unity   : UnityEngine.DebugLogHandler:LogFormat (UnityEngine.LogType,UnityEngine.Object,string,object[]) (at /home/bokken/build/output/unity/unity/Runtime/Export/Logging/DebugLogHandler.cs:9)
06-02 15:53:39.120 31473 31530 I Unity   : UnityEngine.Logger:Log (UnityEngine.LogType,object) (at /home/bokken/build/output/unity/unity/Runtime/Export/Logging/Logger.cs:60)
06-02 15:53:39.120 31473 31530 I Unity   : UnityEngine.Debug:Log (object) (at /home/bokken/build/output/unity/unity/Runtime/Export/Debug/Debug.bindings.cs:123)
06-02 15:53:39.120 31473 31530 I Unity   : GameManager:SetState (GameManager/GameState) (at C:/Games/UnityProject/OrbitDrop3D/Assets/Scripts/Core/GameManager.cs:174)
06-02 15:53:39.120 31473 31530 I Unity   : GameManager:BeginGame () (at C:/Games/UnityProject/OrbitDrop3D/Assets/Scripts/Core/GameManager.cs:87)
06-02 15:53:39.120 31473 31530 I Unity   : GameManag
06-02 15:53:39.121 31473 31530 I Unity   : [LevelManager] LoadLevel(10)
06-02 15:53:39.121 31473 31530 I Unity   : UnityEngine.Debug:ExtractStackTraceNoAlloc (byte*,int,string)
06-02 15:53:39.121 31473 31530 I Unity   : UnityEngine.StackTraceUtility:ExtractStackTrace () (at /home/bokken/build/output/unity/unity/Runtime/Export/Scripting/StackTrace.cs:35)
06-02 15:53:39.121 31473 31530 I Unity   : UnityEngine.DebugLogHandler:Internal_Log (UnityEngine.LogType,UnityEngine.LogOption,string,UnityEngine.Object)
06-02 15:53:39.121 31473 31530 I Unity   : UnityEngine.DebugLogHandler:LogFormat (UnityEngine.LogType,UnityEngine.Object,string,object[]) (at /home/bokken/build/output/unity/unity/Runtime/Export/Logging/DebugLogHandler.cs:9)
06-02 15:53:39.121 31473 31530 I Unity   : UnityEngine.Logger:Log (UnityEngine.LogType,object) (at /home/bokken/build/output/unity/unity/Runtime/Export/Logging/Logger.cs:60)
06-02 15:53:39.121 31473 31530 I Unity   : UnityEngine.Debug:Log (object) (at /home/bokken/build/output/unity/unity/Runtime/Export/Debug/Debug.bindings.cs:123)
06-02 15:53:39.121 31473 31530 I Unity   : LevelManager:LoadLevel (int) (at C:/Games/UnityProject/OrbitDrop3D/Assets/Scripts/Core/LevelManager.cs:135)
06-02 15:53:39.121 31473 31530 I Unity   : GameManager:BeginGame () (at C:/Games/UnityProject/OrbitDrop3D/Assets/Scripts/Core/GameManager.cs:88)
06-02 15:53:39.121 31473 31530 I Unity   : GameManager:OnSceneLoaded (UnityEngine.SceneM
06-02 15:53:39.121 31473 31530 I Unity   : [LevelManager] Camera  pos=(0.00,0.00)  orthoSize=6.09  aspect=0.46  |  bounds  top=6.09  bottom=-6.09  left=-2.81  right=2.81
06-02 15:53:39.121 31473 31530 I Unity   : UnityEngine.Debug:ExtractStackTraceNoAlloc (byte*,int,string)
06-02 15:53:39.121 31473 31530 I Unity   : UnityEngine.StackTraceUtility:ExtractStackTrace () (at /home/bokken/build/output/unity/unity/Runtime/Export/Scripting/StackTrace.cs:35)
06-02 15:53:39.121 31473 31530 I Unity   : UnityEngine.DebugLogHandler:Internal_Log (UnityEngine.LogType,UnityEngine.LogOption,string,UnityEngine.Object)
06-02 15:53:39.121 31473 31530 I Unity   : UnityEngine.DebugLogHandler:LogFormat (UnityEngine.LogType,UnityEngine.Object,string,object[]) (at /home/bokken/build/output/unity/unity/Runtime/Export/Logging/DebugLogHandler.cs:9)
06-02 15:53:39.121 31473 31530 I Unity   : UnityEngine.Logger:Log (UnityEngine.LogType,object) (at /home/bokken/build/output/unity/unity/Runtime/Export/Logging/Logger.cs:60)
06-02 15:53:39.121 31473 31530 I Unity   : UnityEngine.Debug:Log (object) (at /home/bokken/build/output/unity/unity/Runtime/Export/Debug/Debug.bindings.cs:123)
06-02 15:53:39.121 31473 31530 I Unity   : LevelManager:LogCameraBounds (UnityEngine.Camera) (at C:/Games/UnityProject/OrbitDrop3D/Assets/Scripts/Core/LevelManager.cs:265)
06-02 15:53:39.121 31473 31530 I Unity   : LevelManager:SpawnTargets (L
06-02 15:53:39.122 31473 31530 I Unity   : [LevelManager] TargetRing[0] spawned at (1.19, 4.45)
06-02 15:53:39.122 31473 31530 I Unity   : UnityEngine.Debug:ExtractStackTraceNoAlloc (byte*,int,string)
06-02 15:53:39.122 31473 31530 I Unity   : UnityEngine.StackTraceUtility:ExtractStackTrace () (at /home/bokken/build/output/unity/unity/Runtime/Export/Scripting/StackTrace.cs:35)
06-02 15:53:39.122 31473 31530 I Unity   : UnityEngine.DebugLogHandler:Internal_Log (UnityEngine.LogType,UnityEngine.LogOption,string,UnityEngine.Object)
06-02 15:53:39.122 31473 31530 I Unity   : UnityEngine.DebugLogHandler:LogFormat (UnityEngine.LogType,UnityEngine.Object,string,object[]) (at /home/bokken/build/output/unity/unity/Runtime/Export/Logging/DebugLogHandler.cs:9)
06-02 15:53:39.122 31473 31530 I Unity   : UnityEngine.Logger:Log (UnityEngine.LogType,object) (at /home/bokken/build/output/unity/unity/Runtime/Export/Logging/Logger.cs:60)
06-02 15:53:39.122 31473 31530 I Unity   : UnityEngine.Debug:Log (object) (at /home/bokken/build/output/unity/unity/Runtime/Export/Debug/Debug.bindings.cs:123)
06-02 15:53:39.122 31473 31530 I Unity   : LevelManager:SpawnTargets (LevelManager/LevelConfig) (at C:/Games/UnityProject/OrbitDrop3D/Assets/Scripts/Core/LevelManager.cs:254)
06-02 15:53:39.122 31473 31530 I Unity   : LevelManager:LoadLevel (int) (at C:/Games/UnityProject/OrbitDrop3D/Assets/Scripts/Core/LevelManager
06-02 15:53:39.122 31473 31530 I Unity   : [LevelManager] TargetRing[1] spawned at (-2.10, 3.82)
06-02 15:53:39.122 31473 31530 I Unity   : UnityEngine.Debug:ExtractStackTraceNoAlloc (byte*,int,string)
06-02 15:53:39.122 31473 31530 I Unity   : UnityEngine.StackTraceUtility:ExtractStackTrace () (at /home/bokken/build/output/unity/unity/Runtime/Export/Scripting/StackTrace.cs:35)
06-02 15:53:39.122 31473 31530 I Unity   : UnityEngine.DebugLogHandler:Internal_Log (UnityEngine.LogType,UnityEngine.LogOption,string,UnityEngine.Object)
06-02 15:53:39.122 31473 31530 I Unity   : UnityEngine.DebugLogHandler:LogFormat (UnityEngine.LogType,UnityEngine.Object,string,object[]) (at /home/bokken/build/output/unity/unity/Runtime/Export/Logging/DebugLogHandler.cs:9)
06-02 15:53:39.122 31473 31530 I Unity   : UnityEngine.Logger:Log (UnityEngine.LogType,object) (at /home/bokken/build/output/unity/unity/Runtime/Export/Logging/Logger.cs:60)
06-02 15:53:39.122 31473 31530 I Unity   : UnityEngine.Debug:Log (object) (at /home/bokken/build/output/unity/unity/Runtime/Export/Debug/Debug.bindings.cs:123)
06-02 15:53:39.122 31473 31530 I Unity   : LevelManager:SpawnTargets (LevelManager/LevelConfig) (at C:/Games/UnityProject/OrbitDrop3D/Assets/Scripts/Core/LevelManager.cs:254)
06-02 15:53:39.122 31473 31530 I Unity   : LevelManager:LoadLevel (int) (at C:/Games/UnityProject/OrbitDrop3D/Assets/Scripts/Core/LevelManage
06-02 15:53:39.123 31473 31530 I Unity   : [LevelManager] TargetRing[2] spawned at (0.92, -3.91)
06-02 15:53:39.123 31473 31530 I Unity   : UnityEngine.Debug:ExtractStackTraceNoAlloc (byte*,int,string)
06-02 15:53:39.123 31473 31530 I Unity   : UnityEngine.StackTraceUtility:ExtractStackTrace () (at /home/bokken/build/output/unity/unity/Runtime/Export/Scripting/StackTrace.cs:35)
06-02 15:53:39.123 31473 31530 I Unity   : UnityEngine.DebugLogHandler:Internal_Log (UnityEngine.LogType,UnityEngine.LogOption,string,UnityEngine.Object)
06-02 15:53:39.123 31473 31530 I Unity   : UnityEngine.DebugLogHandler:LogFormat (UnityEngine.LogType,UnityEngine.Object,string,object[]) (at /home/bokken/build/output/unity/unity/Runtime/Export/Logging/DebugLogHandler.cs:9)
06-02 15:53:39.123 31473 31530 I Unity   : UnityEngine.Logger:Log (UnityEngine.LogType,object) (at /home/bokken/build/output/unity/unity/Runtime/Export/Logging/Logger.cs:60)
06-02 15:53:39.123 31473 31530 I Unity   : UnityEngine.Debug:Log (object) (at /home/bokken/build/output/unity/unity/Runtime/Export/Debug/Debug.bindings.cs:123)
06-02 15:53:39.123 31473 31530 I Unity   : LevelManager:SpawnTargets (LevelManager/LevelConfig) (at C:/Games/UnityProject/OrbitDrop3D/Assets/Scripts/Core/LevelManager.cs:254)
06-02 15:53:39.123 31473 31530 I Unity   : LevelManager:LoadLevel (int) (at C:/Games/UnityProject/OrbitDrop3D/Assets/Scripts/Core/LevelManage
06-02 15:53:39.123 31473 31530 I Unity   : [LevelManager] TargetRing[3] spawned at (-1.81, 2.61)
06-02 15:53:39.123 31473 31530 I Unity   : UnityEngine.Debug:ExtractStackTraceNoAlloc (byte*,int,string)
06-02 15:53:39.123 31473 31530 I Unity   : UnityEngine.StackTraceUtility:ExtractStackTrace () (at /home/bokken/build/output/unity/unity/Runtime/Export/Scripting/StackTrace.cs:35)
06-02 15:53:39.123 31473 31530 I Unity   : UnityEngine.DebugLogHandler:Internal_Log (UnityEngine.LogType,UnityEngine.LogOption,string,UnityEngine.Object)
06-02 15:53:39.123 31473 31530 I Unity   : UnityEngine.DebugLogHandler:LogFormat (UnityEngine.LogType,UnityEngine.Object,string,object[]) (at /home/bokken/build/output/unity/unity/Runtime/Export/Logging/DebugLogHandler.cs:9)
06-02 15:53:39.123 31473 31530 I Unity   : UnityEngine.Logger:Log (UnityEngine.LogType,object) (at /home/bokken/build/output/unity/unity/Runtime/Export/Logging/Logger.cs:60)
06-02 15:53:39.123 31473 31530 I Unity   : UnityEngine.Debug:Log (object) (at /home/bokken/build/output/unity/unity/Runtime/Export/Debug/Debug.bindings.cs:123)
06-02 15:53:39.123 31473 31530 I Unity   : LevelManager:SpawnTargets (LevelManager/LevelConfig) (at C:/Games/UnityProject/OrbitDrop3D/Assets/Scripts/Core/LevelManager.cs:254)
06-02 15:53:39.123 31473 31530 I Unity   : LevelManager:LoadLevel (int) (at C:/Games/UnityProject/OrbitDrop3D/Assets/Scripts/Core/LevelManage
06-02 15:53:39.124 31473 31530 I Unity   : [LevelManager] TargetRing[4] spawned at (-0.80, -3.50)
06-02 15:53:39.124 31473 31530 I Unity   : UnityEngine.Debug:ExtractStackTraceNoAlloc (byte*,int,string)
06-02 15:53:39.124 31473 31530 I Unity   : UnityEngine.StackTraceUtility:ExtractStackTrace () (at /home/bokken/build/output/unity/unity/Runtime/Export/Scripting/StackTrace.cs:35)
06-02 15:53:39.124 31473 31530 I Unity   : UnityEngine.DebugLogHandler:Internal_Log (UnityEngine.LogType,UnityEngine.LogOption,string,UnityEngine.Object)
06-02 15:53:39.124 31473 31530 I Unity   : UnityEngine.DebugLogHandler:LogFormat (UnityEngine.LogType,UnityEngine.Object,string,object[]) (at /home/bokken/build/output/unity/unity/Runtime/Export/Logging/DebugLogHandler.cs:9)
06-02 15:53:39.124 31473 31530 I Unity   : UnityEngine.Logger:Log (UnityEngine.LogType,object) (at /home/bokken/build/output/unity/unity/Runtime/Export/Logging/Logger.cs:60)
06-02 15:53:39.124 31473 31530 I Unity   : UnityEngine.Debug:Log (object) (at /home/bokken/build/output/unity/unity/Runtime/Export/Debug/Debug.bindings.cs:123)
06-02 15:53:39.124 31473 31530 I Unity   : LevelManager:SpawnTargets (LevelManager/LevelConfig) (at C:/Games/UnityProject/OrbitDrop3D/Assets/Scripts/Core/LevelManager.cs:254)
06-02 15:53:39.124 31473 31530 I Unity   : LevelManager:LoadLevel (int) (at C:/Games/UnityProject/OrbitDrop3D/Assets/Scripts/Core/LevelManag
06-02 15:53:39.124 31473 31530 I Unity   : [LevelManager] TargetRing[5] spawned at (1.98, -3.61)
06-02 15:53:39.124 31473 31530 I Unity   : UnityEngine.Debug:ExtractStackTraceNoAlloc (byte*,int,string)
06-02 15:53:39.124 31473 31530 I Unity   : UnityEngine.StackTraceUtility:ExtractStackTrace () (at /home/bokken/build/output/unity/unity/Runtime/Export/Scripting/StackTrace.cs:35)
06-02 15:53:39.124 31473 31530 I Unity   : UnityEngine.DebugLogHandler:Internal_Log (UnityEngine.LogType,UnityEngine.LogOption,string,UnityEngine.Object)
06-02 15:53:39.124 31473 31530 I Unity   : UnityEngine.DebugLogHandler:LogFormat (UnityEngine.LogType,UnityEngine.Object,string,object[]) (at /home/bokken/build/output/unity/unity/Runtime/Export/Logging/DebugLogHandler.cs:9)
06-02 15:53:39.124 31473 31530 I Unity   : UnityEngine.Logger:Log (UnityEngine.LogType,object) (at /home/bokken/build/output/unity/unity/Runtime/Export/Logging/Logger.cs:60)
06-02 15:53:39.124 31473 31530 I Unity   : UnityEngine.Debug:Log (object) (at /home/bokken/build/output/unity/unity/Runtime/Export/Debug/Debug.bindings.cs:123)
06-02 15:53:39.124 31473 31530 I Unity   : LevelManager:SpawnTargets (LevelManager/LevelConfig) (at C:/Games/UnityProject/OrbitDrop3D/Assets/Scripts/Core/LevelManager.cs:254)
06-02 15:53:39.124 31473 31530 I Unity   : LevelManager:LoadLevel (int) (at C:/Games/UnityProject/OrbitDrop3D/Assets/Scripts/Core/LevelManage
06-02 15:53:39.125 31473 31530 I Unity   : [LevelManager] TargetRing[6] spawned at (0.38, -4.25)
06-02 15:53:39.125 31473 31530 I Unity   : UnityEngine.Debug:ExtractStackTraceNoAlloc (byte*,int,string)
06-02 15:53:39.125 31473 31530 I Unity   : UnityEngine.StackTraceUtility:ExtractStackTrace () (at /home/bokken/build/output/unity/unity/Runtime/Export/Scripting/StackTrace.cs:35)
06-02 15:53:39.125 31473 31530 I Unity   : UnityEngine.DebugLogHandler:Internal_Log (UnityEngine.LogType,UnityEngine.LogOption,string,UnityEngine.Object)
06-02 15:53:39.125 31473 31530 I Unity   : UnityEngine.DebugLogHandler:LogFormat (UnityEngine.LogType,UnityEngine.Object,string,object[]) (at /home/bokken/build/output/unity/unity/Runtime/Export/Logging/DebugLogHandler.cs:9)
06-02 15:53:39.125 31473 31530 I Unity   : UnityEngine.Logger:Log (UnityEngine.LogType,object) (at /home/bokken/build/output/unity/unity/Runtime/Export/Logging/Logger.cs:60)
06-02 15:53:39.125 31473 31530 I Unity   : UnityEngine.Debug:Log (object) (at /home/bokken/build/output/unity/unity/Runtime/Export/Debug/Debug.bindings.cs:123)
06-02 15:53:39.125 31473 31530 I Unity   : LevelManager:SpawnTargets (LevelManager/LevelConfig) (at C:/Games/UnityProject/OrbitDrop3D/Assets/Scripts/Core/LevelManager.cs:254)
06-02 15:53:39.125 31473 31530 I Unity   : LevelManager:LoadLevel (int) (at C:/Games/UnityProject/OrbitDrop3D/Assets/Scripts/Core/LevelManage
06-02 15:53:39.126 31473 31530 I Unity   : [EnemySpawner] StartSpawning called — level=10 gameObject.active=True enabled=False Instance=SET
06-02 15:53:39.126 31473 31530 I Unity   : UnityEngine.Debug:ExtractStackTraceNoAlloc (byte*,int,string)
06-02 15:53:39.126 31473 31530 I Unity   : UnityEngine.StackTraceUtility:ExtractStackTrace () (at /home/bokken/build/output/unity/unity/Runtime/Export/Scripting/StackTrace.cs:35)
06-02 15:53:39.126 31473 31530 I Unity   : UnityEngine.DebugLogHandler:Internal_Log (UnityEngine.LogType,UnityEngine.LogOption,string,UnityEngine.Object)
06-02 15:53:39.126 31473 31530 I Unity   : UnityEngine.DebugLogHandler:LogFormat (UnityEngine.LogType,UnityEngine.Object,string,object[]) (at /home/bokken/build/output/unity/unity/Runtime/Export/Logging/DebugLogHandler.cs:9)
06-02 15:53:39.126 31473 31530 I Unity   : UnityEngine.Logger:Log (UnityEngine.LogType,object) (at /home/bokken/build/output/unity/unity/Runtime/Export/Logging/Logger.cs:60)
06-02 15:53:39.126 31473 31530 I Unity   : UnityEngine.Debug:Log (object) (at /home/bokken/build/output/unity/unity/Runtime/Export/Debug/Debug.bindings.cs:123)
06-02 15:53:39.126 31473 31530 I Unity   : EnemySpawner:StartSpawning (int) (at C:/Games/UnityProject/OrbitDrop3D/Assets/Scripts/Gameplay/EnemySpawner.cs:34)
06-02 15:53:39.126 31473 31530 I Unity   : GameManager:BeginGame () (at C:/Games/UnityProject/OrbitDrop3D/Assets/
06-02 15:53:39.126 31473 31530 W Unity   : [EnemySpawner] Component was disabled — enabling now. Check the scene: EnemySpawner MonoBehaviour should be ticked.
06-02 15:53:39.126 31473 31530 W Unity   : UnityEngine.Debug:ExtractStackTraceNoAlloc (byte*,int,string)
06-02 15:53:39.126 31473 31530 W Unity   : UnityEngine.StackTraceUtility:ExtractStackTrace () (at /home/bokken/build/output/unity/unity/Runtime/Export/Scripting/StackTrace.cs:35)
06-02 15:53:39.126 31473 31530 W Unity   : UnityEngine.DebugLogHandler:Internal_Log (UnityEngine.LogType,UnityEngine.LogOption,string,UnityEngine.Object)
06-02 15:53:39.126 31473 31530 W Unity   : UnityEngine.DebugLogHandler:LogFormat (UnityEngine.LogType,UnityEngine.Object,string,object[]) (at /home/bokken/build/output/unity/unity/Runtime/Export/Logging/DebugLogHandler.cs:9)
06-02 15:53:39.126 31473 31530 W Unity   : UnityEngine.Logger:Log (UnityEngine.LogType,object) (at /home/bokken/build/output/unity/unity/Runtime/Export/Logging/Logger.cs:60)
06-02 15:53:39.126 31473 31530 W Unity   : UnityEngine.Debug:LogWarning (object) (at /home/bokken/build/output/unity/unity/Runtime/Export/Debug/Debug.bindings.cs:213)
06-02 15:53:39.126 31473 31530 W Unity   : EnemySpawner:StartSpawning (int) (at C:/Games/UnityProject/OrbitDrop3D/Assets/Scripts/Gameplay/EnemySpawner.cs:40)
06-02 15:53:39.126 31473 31530 W Unity   : GameManager:BeginGame () (at C:/Games/UnityP
06-02 15:53:39.126 31473 31530 I Unity   : [EnemySpawner] SpawnLoop ENTERED — level=10
06-02 15:53:39.126 31473 31530 I Unity   : UnityEngine.Debug:ExtractStackTraceNoAlloc (byte*,int,string)
06-02 15:53:39.126 31473 31530 I Unity   : UnityEngine.StackTraceUtility:ExtractStackTrace () (at /home/bokken/build/output/unity/unity/Runtime/Export/Scripting/StackTrace.cs:35)
06-02 15:53:39.126 31473 31530 I Unity   : UnityEngine.DebugLogHandler:Internal_Log (UnityEngine.LogType,UnityEngine.LogOption,string,UnityEngine.Object)
06-02 15:53:39.126 31473 31530 I Unity   : UnityEngine.DebugLogHandler:LogFormat (UnityEngine.LogType,UnityEngine.Object,string,object[]) (at /home/bokken/build/output/unity/unity/Runtime/Export/Logging/DebugLogHandler.cs:9)
06-02 15:53:39.126 31473 31530 I Unity   : UnityEngine.Logger:Log (UnityEngine.LogType,object) (at /home/bokken/build/output/unity/unity/Runtime/Export/Logging/Logger.cs:60)
06-02 15:53:39.126 31473 31530 I Unity   : UnityEngine.Debug:Log (object) (at /home/bokken/build/output/unity/unity/Runtime/Export/Debug/Debug.bindings.cs:123)
06-02 15:53:39.126 31473 31530 I Unity   : EnemySpawner/<SpawnLoop>d__8:MoveNext () (at C:/Games/UnityProject/OrbitDrop3D/Assets/Scripts/Gameplay/EnemySpawner.cs:64)
06-02 15:53:39.126 31473 31530 I Unity   : UnityEngine.SetupCoroutine:InvokeMoveNext (System.Collections.IEnumerator,intptr) (at /home/bokken/build/output/uni
06-02 15:53:39.127 31473 31530 I Unity   : [EnemySpawner] SpawnLoop waiting 8s — live enemies=0
06-02 15:53:39.127 31473 31530 I Unity   : UnityEngine.Debug:ExtractStackTraceNoAlloc (byte*,int,string)
06-02 15:53:39.127 31473 31530 I Unity   : UnityEngine.StackTraceUtility:ExtractStackTrace () (at /home/bokken/build/output/unity/unity/Runtime/Export/Scripting/StackTrace.cs:35)
06-02 15:53:39.127 31473 31530 I Unity   : UnityEngine.DebugLogHandler:Internal_Log (UnityEngine.LogType,UnityEngine.LogOption,string,UnityEngine.Object)
06-02 15:53:39.127 31473 31530 I Unity   : UnityEngine.DebugLogHandler:LogFormat (UnityEngine.LogType,UnityEngine.Object,string,object[]) (at /home/bokken/build/output/unity/unity/Runtime/Export/Logging/DebugLogHandler.cs:9)
06-02 15:53:39.127 31473 31530 I Unity   : UnityEngine.Logger:Log (UnityEngine.LogType,object) (at /home/bokken/build/output/unity/unity/Runtime/Export/Logging/Logger.cs:60)
06-02 15:53:39.127 31473 31530 I Unity   : UnityEngine.Debug:Log (object) (at /home/bokken/build/output/unity/unity/Runtime/Export/Debug/Debug.bindings.cs:123)
06-02 15:53:39.127 31473 31530 I Unity   : EnemySpawner/<SpawnLoop>d__8:MoveNext () (at C:/Games/UnityProject/OrbitDrop3D/Assets/Scripts/Gameplay/EnemySpawner.cs:69)
06-02 15:53:39.127 31473 31530 I Unity   : UnityEngine.SetupCoroutine:InvokeMoveNext (System.Collections.IEnumerator,intptr) (at /home/bokken/build/o
06-02 15:53:39.127 31473 31530 I Unity   : [EnemySpawner] SpawnLoop coroutine started for level=10.
06-02 15:53:39.127 31473 31530 I Unity   : UnityEngine.Debug:ExtractStackTraceNoAlloc (byte*,int,string)
06-02 15:53:39.127 31473 31530 I Unity   : UnityEngine.StackTraceUtility:ExtractStackTrace () (at /home/bokken/build/output/unity/unity/Runtime/Export/Scripting/StackTrace.cs:35)
06-02 15:53:39.127 31473 31530 I Unity   : UnityEngine.DebugLogHandler:Internal_Log (UnityEngine.LogType,UnityEngine.LogOption,string,UnityEngine.Object)
06-02 15:53:39.127 31473 31530 I Unity   : UnityEngine.DebugLogHandler:LogFormat (UnityEngine.LogType,UnityEngine.Object,string,object[]) (at /home/bokken/build/output/unity/unity/Runtime/Export/Logging/DebugLogHandler.cs:9)
06-02 15:53:39.127 31473 31530 I Unity   : UnityEngine.Logger:Log (UnityEngine.LogType,object) (at /home/bokken/build/output/unity/unity/Runtime/Export/Logging/Logger.cs:60)
06-02 15:53:39.127 31473 31530 I Unity   : UnityEngine.Debug:Log (object) (at /home/bokken/build/output/unity/unity/Runtime/Export/Debug/Debug.bindings.cs:123)
06-02 15:53:39.127 31473 31530 I Unity   : EnemySpawner:StartSpawning (int) (at C:/Games/UnityProject/OrbitDrop3D/Assets/Scripts/Gameplay/EnemySpawner.cs:52)
06-02 15:53:39.127 31473 31530 I Unity   : GameManager:BeginGame () (at C:/Games/UnityProject/OrbitDrop3D/Assets/Scripts/Core/GameManager.cs:94)
06-02 15:53:39.127 31473 31530 I Unity   : GameManage
06-02 15:53:39.127 31473 31530 I Unity   : [GameManager] BeginGame — Level=10 Lives=3
06-02 15:53:39.127 31473 31530 I Unity   : UnityEngine.Debug:ExtractStackTraceNoAlloc (byte*,int,string)
06-02 15:53:39.127 31473 31530 I Unity   : UnityEngine.StackTraceUtility:ExtractStackTrace () (at /home/bokken/build/output/unity/unity/Runtime/Export/Scripting/StackTrace.cs:35)
06-02 15:53:39.127 31473 31530 I Unity   : UnityEngine.DebugLogHandler:Internal_Log (UnityEngine.LogType,UnityEngine.LogOption,string,UnityEngine.Object)
06-02 15:53:39.127 31473 31530 I Unity   : UnityEngine.DebugLogHandler:LogFormat (UnityEngine.LogType,UnityEngine.Object,string,object[]) (at /home/bokken/build/output/unity/unity/Runtime/Export/Logging/DebugLogHandler.cs:9)
06-02 15:53:39.127 31473 31530 I Unity   : UnityEngine.Logger:Log (UnityEngine.LogType,object) (at /home/bokken/build/output/unity/unity/Runtime/Export/Logging/Logger.cs:60)
06-02 15:53:39.127 31473 31530 I Unity   : UnityEngine.Debug:Log (object) (at /home/bokken/build/output/unity/unity/Runtime/Export/Debug/Debug.bindings.cs:123)
06-02 15:53:39.127 31473 31530 I Unity   : GameManager:BeginGame () (at C:/Games/UnityProject/OrbitDrop3D/Assets/Scripts/Core/GameManager.cs:96)
06-02 15:53:39.127 31473 31530 I Unity   : GameManager:OnSceneLoaded (UnityEngine.SceneManagement.Scene,UnityEngine.SceneManagement.LoadSceneMode) (at C:/Games/UnityProject/OrbitDr
06-02 15:53:39.128 31473 31530 I Unity   : SetGameState: isLoading: false, mode: UNKNOWN, label: 3, quality: 0
06-02 15:53:39.151 31473 31530 I Unity   : GameHUD Start, lifeIcons count: 3
06-02 15:53:39.151 31473 31530 I Unity   : UnityEngine.Debug:ExtractStackTraceNoAlloc (byte*,int,string)
06-02 15:53:39.151 31473 31530 I Unity   : UnityEngine.StackTraceUtility:ExtractStackTrace () (at /home/bokken/build/output/unity/unity/Runtime/Export/Scripting/StackTrace.cs:35)
06-02 15:53:39.151 31473 31530 I Unity   : UnityEngine.DebugLogHandler:Internal_Log (UnityEngine.LogType,UnityEngine.LogOption,string,UnityEngine.Object)
06-02 15:53:39.151 31473 31530 I Unity   : UnityEngine.DebugLogHandler:LogFormat (UnityEngine.LogType,UnityEngine.Object,string,object[]) (at /home/bokken/build/output/unity/unity/Runtime/Export/Logging/DebugLogHandler.cs:9)
06-02 15:53:39.151 31473 31530 I Unity   : UnityEngine.Logger:Log (UnityEngine.LogType,object) (at /home/bokken/build/output/unity/unity/Runtime/Export/Logging/Logger.cs:60)
06-02 15:53:39.151 31473 31530 I Unity   : UnityEngine.Debug:Log (object) (at /home/bokken/build/output/unity/unity/Runtime/Export/Debug/Debug.bindings.cs:123)
06-02 15:53:39.151 31473 31530 I Unity   : GameHUD:Start () (at C:/Games/UnityProject/OrbitDrop3D/Assets/Scripts/UI/GameHUD.cs:27)
06-02 15:53:39.151 31473 31530 I Unity   : 
06-02 15:53:39.151 31473 31530 I Unity   : (Filename: /home/bokken/build/output/unity/unity/Runtime/Export/Debug/Debug.bindings.cs Line: 123)
06-02 15:53:39.151 31473 31530 I Unity   : 
06-02 15:53:39.151 31473 31530 I Unity   : GameManager Instance: OK
06-02 15:53:39.151 31473 31530 I Unity   : UnityEngine.Debug:ExtractStackTraceNoAlloc (byte*,int,string)
06-02 15:53:39.151 31473 31530 I Unity   : UnityEngine.StackTraceUtility:ExtractStackTrace () (at /home/bokken/build/output/unity/unity/Runtime/Export/Scripting/StackTrace.cs:35)
06-02 15:53:39.151 31473 31530 I Unity   : UnityEngine.DebugLogHandler:Internal_Log (UnityEngine.LogType,UnityEngine.LogOption,string,UnityEngine.Object)
06-02 15:53:39.151 31473 31530 I Unity   : UnityEngine.DebugLogHandler:LogFormat (UnityEngine.LogType,UnityEngine.Object,string,object[]) (at /home/bokken/build/output/unity/unity/Runtime/Export/Logging/DebugLogHandler.cs:9)
06-02 15:53:39.151 31473 31530 I Unity   : UnityEngine.Logger:Log (UnityEngine.LogType,object) (at /home/bokken/build/output/unity/unity/Runtime/Export/Logging/Logger.cs:60)
06-02 15:53:39.151 31473 31530 I Unity   : UnityEngine.Debug:Log (object) (at /home/bokken/build/output/unity/unity/Runtime/Export/Debug/Debug.bindings.cs:123)
06-02 15:53:39.151 31473 31530 I Unity   : GameHUD:Start () (at C:/Games/UnityProject/OrbitDrop3D/Assets/Scripts/UI/GameHUD.cs:28)
06-02 15:53:39.151 31473 31530 I Unity   : 
06-02 15:53:39.151 31473 31530 I Unity   : (Filename: /home/bokken/build/output/unity/unity/Runtime/Export/Debug/Debug.bindings.cs Line: 123)
06-02 15:53:39.151 31473 31530 I Unity   : 
06-02 15:53:39.152 31473 31530 I Unity   : Heart updated instantly — lives: 3
06-02 15:53:39.152 31473 31530 I Unity   : UnityEngine.Debug:ExtractStackTraceNoAlloc (byte*,int,string)
06-02 15:53:39.152 31473 31530 I Unity   : UnityEngine.StackTraceUtility:ExtractStackTrace () (at /home/bokken/build/output/unity/unity/Runtime/Export/Scripting/StackTrace.cs:35)
06-02 15:53:39.152 31473 31530 I Unity   : UnityEngine.DebugLogHandler:Internal_Log (UnityEngine.LogType,UnityEngine.LogOption,string,UnityEngine.Object)
06-02 15:53:39.152 31473 31530 I Unity   : UnityEngine.DebugLogHandler:LogFormat (UnityEngine.LogType,UnityEngine.Object,string,object[]) (at /home/bokken/build/output/unity/unity/Runtime/Export/Logging/DebugLogHandler.cs:9)
06-02 15:53:39.152 31473 31530 I Unity   : UnityEngine.Logger:Log (UnityEngine.LogType,object) (at /home/bokken/build/output/unity/unity/Runtime/Export/Logging/Logger.cs:60)
06-02 15:53:39.152 31473 31530 I Unity   : UnityEngine.Debug:Log (object) (at /home/bokken/build/output/unity/unity/Runtime/Export/Debug/Debug.bindings.cs:123)
06-02 15:53:39.152 31473 31530 I Unity   : GameHUD:OnLivesChanged (int) (at C:/Games/UnityProject/OrbitDrop3D/Assets/Scripts/UI/GameHUD.cs:101)
06-02 15:53:39.152 31473 31530 I Unity   : GameHUD:Refresh () (at C:/Games/UnityProject/OrbitDrop3D/Assets/Scripts/UI/GameHUD.cs:122)
06-02 15:53:39.152 31473 31530 I Unity   : GameHUD:Start () (at C:/Games/UnityProject/OrbitDrop3D/
06-02 15:53:39.156 31473 31530 I Unity   : [TargetRing2D] 'TargetRing2D(Clone)' (path=LevelManager/TargetRing2D(Clone)) spawned | tag=Untagged layer=Default col_enabled=True isTrigger=True radius=1.8
06-02 15:53:39.156 31473 31530 I Unity   : UnityEngine.Debug:ExtractStackTraceNoAlloc (byte*,int,string)
06-02 15:53:39.156 31473 31530 I Unity   : UnityEngine.StackTraceUtility:ExtractStackTrace () (at /home/bokken/build/output/unity/unity/Runtime/Export/Scripting/StackTrace.cs:35)
06-02 15:53:39.156 31473 31530 I Unity   : UnityEngine.DebugLogHandler:Internal_Log (UnityEngine.LogType,UnityEngine.LogOption,string,UnityEngine.Object)
06-02 15:53:39.156 31473 31530 I Unity   : UnityEngine.DebugLogHandler:LogFormat (UnityEngine.LogType,UnityEngine.Object,string,object[]) (at /home/bokken/build/output/unity/unity/Runtime/Export/Logging/DebugLogHandler.cs:9)
06-02 15:53:39.156 31473 31530 I Unity   : UnityEngine.Logger:Log (UnityEngine.LogType,object) (at /home/bokken/build/output/unity/unity/Runtime/Export/Logging/Logger.cs:60)
06-02 15:53:39.156 31473 31530 I Unity   : UnityEngine.Debug:Log (object) (at /home/bokken/build/output/unity/unity/Runtime/Export/Debug/Debug.bindings.cs:123)
06-02 15:53:39.156 31473 31530 I Unity   : TargetRing2D:Start () (at C:/Games/UnityProject/OrbitDrop3D/Assets/Scripts/Gameplay/TargetRing2D.cs:23)
06-02 15:53:39.156 31473 31530 I Unity   : 
06-02 15:53:39.156 31473 31530 I Unity   : (Filename: /home/bokke
06-02 15:53:39.156 31473 31530 I Unity   : [TargetRing2D] 'TargetRing2D(Clone)' (path=LevelManager/TargetRing2D(Clone)) spawned | tag=Untagged layer=Default col_enabled=True isTrigger=True radius=1.8
06-02 15:53:39.156 31473 31530 I Unity   : UnityEngine.Debug:ExtractStackTraceNoAlloc (byte*,int,string)
06-02 15:53:39.156 31473 31530 I Unity   : UnityEngine.StackTraceUtility:ExtractStackTrace () (at /home/bokken/build/output/unity/unity/Runtime/Export/Scripting/StackTrace.cs:35)
06-02 15:53:39.156 31473 31530 I Unity   : UnityEngine.DebugLogHandler:Internal_Log (UnityEngine.LogType,UnityEngine.LogOption,string,UnityEngine.Object)
06-02 15:53:39.156 31473 31530 I Unity   : UnityEngine.DebugLogHandler:LogFormat (UnityEngine.LogType,UnityEngine.Object,string,object[]) (at /home/bokken/build/output/unity/unity/Runtime/Export/Logging/DebugLogHandler.cs:9)
06-02 15:53:39.156 31473 31530 I Unity   : UnityEngine.Logger:Log (UnityEngine.LogType,object) (at /home/bokken/build/output/unity/unity/Runtime/Export/Logging/Logger.cs:60)
06-02 15:53:39.156 31473 31530 I Unity   : UnityEngine.Debug:Log (object) (at /home/bokken/build/output/unity/unity/Runtime/Export/Debug/Debug.bindings.cs:123)
06-02 15:53:39.156 31473 31530 I Unity   : TargetRing2D:Start () (at C:/Games/UnityProject/OrbitDrop3D/Assets/Scripts/Gameplay/TargetRing2D.cs:23)
06-02 15:53:39.156 31473 31530 I Unity   : 
06-02 15:53:39.156 31473 31530 I Unity   : (Filename: /home/bokke
06-02 15:53:39.156 31473 31530 I Unity   : [TargetRing2D] 'TargetRing2D(Clone)' (path=LevelManager/TargetRing2D(Clone)) spawned | tag=Untagged layer=Default col_enabled=True isTrigger=True radius=1.8
06-02 15:53:39.156 31473 31530 I Unity   : UnityEngine.Debug:ExtractStackTraceNoAlloc (byte*,int,string)
06-02 15:53:39.156 31473 31530 I Unity   : UnityEngine.StackTraceUtility:ExtractStackTrace () (at /home/bokken/build/output/unity/unity/Runtime/Export/Scripting/StackTrace.cs:35)
06-02 15:53:39.156 31473 31530 I Unity   : UnityEngine.DebugLogHandler:Internal_Log (UnityEngine.LogType,UnityEngine.LogOption,string,UnityEngine.Object)
06-02 15:53:39.156 31473 31530 I Unity   : UnityEngine.DebugLogHandler:LogFormat (UnityEngine.LogType,UnityEngine.Object,string,object[]) (at /home/bokken/build/output/unity/unity/Runtime/Export/Logging/DebugLogHandler.cs:9)
06-02 15:53:39.156 31473 31530 I Unity   : UnityEngine.Logger:Log (UnityEngine.LogType,object) (at /home/bokken/build/output/unity/unity/Runtime/Export/Logging/Logger.cs:60)
06-02 15:53:39.156 31473 31530 I Unity   : UnityEngine.Debug:Log (object) (at /home/bokken/build/output/unity/unity/Runtime/Export/Debug/Debug.bindings.cs:123)
06-02 15:53:39.156 31473 31530 I Unity   : TargetRing2D:Start () (at C:/Games/UnityProject/OrbitDrop3D/Assets/Scripts/Gameplay/TargetRing2D.cs:23)
06-02 15:53:39.156 31473 31530 I Unity   : 
06-02 15:53:39.156 31473 31530 I Unity   : (Filename: /home/bokke
06-02 15:53:39.157 31473 31530 I Unity   : [TargetRing2D] 'TargetRing2D(Clone)' (path=LevelManager/TargetRing2D(Clone)) spawned | tag=Untagged layer=Default col_enabled=True isTrigger=True radius=1.8
06-02 15:53:39.157 31473 31530 I Unity   : UnityEngine.Debug:ExtractStackTraceNoAlloc (byte*,int,string)
06-02 15:53:39.157 31473 31530 I Unity   : UnityEngine.StackTraceUtility:ExtractStackTrace () (at /home/bokken/build/output/unity/unity/Runtime/Export/Scripting/StackTrace.cs:35)
06-02 15:53:39.157 31473 31530 I Unity   : UnityEngine.DebugLogHandler:Internal_Log (UnityEngine.LogType,UnityEngine.LogOption,string,UnityEngine.Object)
06-02 15:53:39.157 31473 31530 I Unity   : UnityEngine.DebugLogHandler:LogFormat (UnityEngine.LogType,UnityEngine.Object,string,object[]) (at /home/bokken/build/output/unity/unity/Runtime/Export/Logging/DebugLogHandler.cs:9)
06-02 15:53:39.157 31473 31530 I Unity   : UnityEngine.Logger:Log (UnityEngine.LogType,object) (at /home/bokken/build/output/unity/unity/Runtime/Export/Logging/Logger.cs:60)
06-02 15:53:39.157 31473 31530 I Unity   : UnityEngine.Debug:Log (object) (at /home/bokken/build/output/unity/unity/Runtime/Export/Debug/Debug.bindings.cs:123)
06-02 15:53:39.157 31473 31530 I Unity   : TargetRing2D:Start () (at C:/Games/UnityProject/OrbitDrop3D/Assets/Scripts/Gameplay/TargetRing2D.cs:23)
06-02 15:53:39.157 31473 31530 I Unity   : 
06-02 15:53:39.157 31473 31530 I Unity   : (Filename: /home/bokke
06-02 15:53:39.157 31473 31530 I Unity   : [TargetRing2D] 'TargetRing2D(Clone)' (path=LevelManager/TargetRing2D(Clone)) spawned | tag=Untagged layer=Default col_enabled=True isTrigger=True radius=1.8
06-02 15:53:39.157 31473 31530 I Unity   : UnityEngine.Debug:ExtractStackTraceNoAlloc (byte*,int,string)
06-02 15:53:39.157 31473 31530 I Unity   : UnityEngine.StackTraceUtility:ExtractStackTrace () (at /home/bokken/build/output/unity/unity/Runtime/Export/Scripting/StackTrace.cs:35)
06-02 15:53:39.157 31473 31530 I Unity   : UnityEngine.DebugLogHandler:Internal_Log (UnityEngine.LogType,UnityEngine.LogOption,string,UnityEngine.Object)
06-02 15:53:39.157 31473 31530 I Unity   : UnityEngine.DebugLogHandler:LogFormat (UnityEngine.LogType,UnityEngine.Object,string,object[]) (at /home/bokken/build/output/unity/unity/Runtime/Export/Logging/DebugLogHandler.cs:9)
06-02 15:53:39.157 31473 31530 I Unity   : UnityEngine.Logger:Log (UnityEngine.LogType,object) (at /home/bokken/build/output/unity/unity/Runtime/Export/Logging/Logger.cs:60)
06-02 15:53:39.157 31473 31530 I Unity   : UnityEngine.Debug:Log (object) (at /home/bokken/build/output/unity/unity/Runtime/Export/Debug/Debug.bindings.cs:123)
06-02 15:53:39.157 31473 31530 I Unity   : TargetRing2D:Start () (at C:/Games/UnityProject/OrbitDrop3D/Assets/Scripts/Gameplay/TargetRing2D.cs:23)
06-02 15:53:39.157 31473 31530 I Unity   : 
06-02 15:53:39.157 31473 31530 I Unity   : (Filename: /home/bokke
06-02 15:53:39.157 31473 31530 I Unity   : [TargetRing2D] 'TargetRing2D(Clone)' (path=LevelManager/TargetRing2D(Clone)) spawned | tag=Untagged layer=Default col_enabled=True isTrigger=True radius=1.8
06-02 15:53:39.157 31473 31530 I Unity   : UnityEngine.Debug:ExtractStackTraceNoAlloc (byte*,int,string)
06-02 15:53:39.157 31473 31530 I Unity   : UnityEngine.StackTraceUtility:ExtractStackTrace () (at /home/bokken/build/output/unity/unity/Runtime/Export/Scripting/StackTrace.cs:35)
06-02 15:53:39.157 31473 31530 I Unity   : UnityEngine.DebugLogHandler:Internal_Log (UnityEngine.LogType,UnityEngine.LogOption,string,UnityEngine.Object)
06-02 15:53:39.157 31473 31530 I Unity   : UnityEngine.DebugLogHandler:LogFormat (UnityEngine.LogType,UnityEngine.Object,string,object[]) (at /home/bokken/build/output/unity/unity/Runtime/Export/Logging/DebugLogHandler.cs:9)
06-02 15:53:39.157 31473 31530 I Unity   : UnityEngine.Logger:Log (UnityEngine.LogType,object) (at /home/bokken/build/output/unity/unity/Runtime/Export/Logging/Logger.cs:60)
06-02 15:53:39.157 31473 31530 I Unity   : UnityEngine.Debug:Log (object) (at /home/bokken/build/output/unity/unity/Runtime/Export/Debug/Debug.bindings.cs:123)
06-02 15:53:39.157 31473 31530 I Unity   : TargetRing2D:Start () (at C:/Games/UnityProject/OrbitDrop3D/Assets/Scripts/Gameplay/TargetRing2D.cs:23)
06-02 15:53:39.157 31473 31530 I Unity   : 
06-02 15:53:39.157 31473 31530 I Unity   : (Filename: /home/bokke
06-02 15:53:39.157 31473 31530 I Unity   : [TargetRing2D] 'TargetRing2D(Clone)' (path=LevelManager/TargetRing2D(Clone)) spawned | tag=Untagged layer=Default col_enabled=True isTrigger=True radius=1.8
06-02 15:53:39.157 31473 31530 I Unity   : UnityEngine.Debug:ExtractStackTraceNoAlloc (byte*,int,string)
06-02 15:53:39.157 31473 31530 I Unity   : UnityEngine.StackTraceUtility:ExtractStackTrace () (at /home/bokken/build/output/unity/unity/Runtime/Export/Scripting/StackTrace.cs:35)
06-02 15:53:39.157 31473 31530 I Unity   : UnityEngine.DebugLogHandler:Internal_Log (UnityEngine.LogType,UnityEngine.LogOption,string,UnityEngine.Object)
06-02 15:53:39.157 31473 31530 I Unity   : UnityEngine.DebugLogHandler:LogFormat (UnityEngine.LogType,UnityEngine.Object,string,object[]) (at /home/bokken/build/output/unity/unity/Runtime/Export/Logging/DebugLogHandler.cs:9)
06-02 15:53:39.157 31473 31530 I Unity   : UnityEngine.Logger:Log (UnityEngine.LogType,object) (at /home/bokken/build/output/unity/unity/Runtime/Export/Logging/Logger.cs:60)
06-02 15:53:39.157 31473 31530 I Unity   : UnityEngine.Debug:Log (object) (at /home/bokken/build/output/unity/unity/Runtime/Export/Debug/Debug.bindings.cs:123)
06-02 15:53:39.157 31473 31530 I Unity   : TargetRing2D:Start () (at C:/Games/UnityProject/OrbitDrop3D/Assets/Scripts/Gameplay/TargetRing2D.cs:23)
06-02 15:53:39.157 31473 31530 I Unity   : 
06-02 15:53:39.157 31473 31530 I Unity   : (Filename: /home/bokke
06-02 15:53:40.564 31473 31530 I Unity   : Life lost! Remaining: 2
06-02 15:53:40.564 31473 31530 I Unity   : UnityEngine.Debug:ExtractStackTraceNoAlloc (byte*,int,string)
06-02 15:53:40.564 31473 31530 I Unity   : UnityEngine.StackTraceUtility:ExtractStackTrace () (at /home/bokken/build/output/unity/unity/Runtime/Export/Scripting/StackTrace.cs:35)
06-02 15:53:40.564 31473 31530 I Unity   : UnityEngine.DebugLogHandler:Internal_Log (UnityEngine.LogType,UnityEngine.LogOption,string,UnityEngine.Object)
06-02 15:53:40.564 31473 31530 I Unity   : UnityEngine.DebugLogHandler:LogFormat (UnityEngine.LogType,UnityEngine.Object,string,object[]) (at /home/bokken/build/output/unity/unity/Runtime/Export/Logging/DebugLogHandler.cs:9)
06-02 15:53:40.564 31473 31530 I Unity   : UnityEngine.Logger:Log (UnityEngine.LogType,object) (at /home/bokken/build/output/unity/unity/Runtime/Export/Logging/Logger.cs:60)
06-02 15:53:40.564 31473 31530 I Unity   : UnityEngine.Debug:Log (object) (at /home/bokken/build/output/unity/unity/Runtime/Export/Debug/Debug.bindings.cs:123)
06-02 15:53:40.564 31473 31530 I Unity   : GameManager:LoseLife () (at C:/Games/UnityProject/OrbitDrop3D/Assets/Scripts/Core/GameManager.cs:125)
06-02 15:53:40.564 31473 31530 I Unity   : OrbiterBall2D:Update () (at C:/Games/UnityProject/OrbitDrop3D/Assets/Scripts/Gameplay/OrbiterBall2D.cs:75)
06-02 15:53:40.564 31473 31530 I Unity   : 
06-02 15:53:40.564 31473 31530 I Unity   : (Filename: /home/bokken/build/output/unity/unity/R
06-02 15:53:40.564 31473 31530 I Unity   : Heart updated instantly — lives: 2
06-02 15:53:40.564 31473 31530 I Unity   : UnityEngine.Debug:ExtractStackTraceNoAlloc (byte*,int,string)
06-02 15:53:40.564 31473 31530 I Unity   : UnityEngine.StackTraceUtility:ExtractStackTrace () (at /home/bokken/build/output/unity/unity/Runtime/Export/Scripting/StackTrace.cs:35)
06-02 15:53:40.564 31473 31530 I Unity   : UnityEngine.DebugLogHandler:Internal_Log (UnityEngine.LogType,UnityEngine.LogOption,string,UnityEngine.Object)
06-02 15:53:40.564 31473 31530 I Unity   : UnityEngine.DebugLogHandler:LogFormat (UnityEngine.LogType,UnityEngine.Object,string,object[]) (at /home/bokken/build/output/unity/unity/Runtime/Export/Logging/DebugLogHandler.cs:9)
06-02 15:53:40.564 31473 31530 I Unity   : UnityEngine.Logger:Log (UnityEngine.LogType,object) (at /home/bokken/build/output/unity/unity/Runtime/Export/Logging/Logger.cs:60)
06-02 15:53:40.564 31473 31530 I Unity   : UnityEngine.Debug:Log (object) (at /home/bokken/build/output/unity/unity/Runtime/Export/Debug/Debug.bindings.cs:123)
06-02 15:53:40.564 31473 31530 I Unity   : GameHUD:OnLivesChanged (int) (at C:/Games/UnityProject/OrbitDrop3D/Assets/Scripts/UI/GameHUD.cs:101)
06-02 15:53:40.564 31473 31530 I Unity   : GameManager:LoseLife () (at C:/Games/UnityProject/OrbitDrop3D/Assets/Scripts/Core/GameManager.cs:126)
06-02 15:53:40.564 31473 31530 I Unity   : OrbiterBall2D:Update () (at C:/Games/UnityPr
06-02 15:53:41.029 31473 31530 I Unity   : [OrbiterBall] Hit: TargetRing2D(Clone)  tag=Untagged  released=True
06-02 15:53:41.029 31473 31530 I Unity   : UnityEngine.Debug:ExtractStackTraceNoAlloc (byte*,int,string)
06-02 15:53:41.029 31473 31530 I Unity   : UnityEngine.StackTraceUtility:ExtractStackTrace () (at /home/bokken/build/output/unity/unity/Runtime/Export/Scripting/StackTrace.cs:35)
06-02 15:53:41.029 31473 31530 I Unity   : UnityEngine.DebugLogHandler:Internal_Log (UnityEngine.LogType,UnityEngine.LogOption,string,UnityEngine.Object)
06-02 15:53:41.029 31473 31530 I Unity   : UnityEngine.DebugLogHandler:LogFormat (UnityEngine.LogType,UnityEngine.Object,string,object[]) (at /home/bokken/build/output/unity/unity/Runtime/Export/Logging/DebugLogHandler.cs:9)
06-02 15:53:41.029 31473 31530 I Unity   : UnityEngine.Logger:Log (UnityEngine.LogType,object) (at /home/bokken/build/output/unity/unity/Runtime/Export/Logging/Logger.cs:60)
06-02 15:53:41.029 31473 31530 I Unity   : UnityEngine.Debug:Log (object) (at /home/bokken/build/output/unity/unity/Runtime/Export/Debug/Debug.bindings.cs:123)
06-02 15:53:41.029 31473 31530 I Unity   : OrbiterBall2D:OnTriggerEnter2D (UnityEngine.Collider2D) (at C:/Games/UnityProject/OrbitDrop3D/Assets/Scripts/Gameplay/OrbiterBall2D.cs:53)
06-02 15:53:41.029 31473 31530 I Unity   : 
06-02 15:53:41.029 31473 31530 I Unity   : (Filename: /home/bokken/build/output/unity/unity/Runtime/Export/Debug/Debug.
06-02 15:53:41.030 31473 31530 I Unity   : [TargetRing2D] OnTriggerEnter2D on 'LevelManager/TargetRing2D(Clone)' | _hit=False other='OrbiterBall2D(Clone)'
06-02 15:53:41.030 31473 31530 I Unity   : UnityEngine.Debug:ExtractStackTraceNoAlloc (byte*,int,string)
06-02 15:53:41.030 31473 31530 I Unity   : UnityEngine.StackTraceUtility:ExtractStackTrace () (at /home/bokken/build/output/unity/unity/Runtime/Export/Scripting/StackTrace.cs:35)
06-02 15:53:41.030 31473 31530 I Unity   : UnityEngine.DebugLogHandler:Internal_Log (UnityEngine.LogType,UnityEngine.LogOption,string,UnityEngine.Object)
06-02 15:53:41.030 31473 31530 I Unity   : UnityEngine.DebugLogHandler:LogFormat (UnityEngine.LogType,UnityEngine.Object,string,object[]) (at /home/bokken/build/output/unity/unity/Runtime/Export/Logging/DebugLogHandler.cs:9)
06-02 15:53:41.030 31473 31530 I Unity   : UnityEngine.Logger:Log (UnityEngine.LogType,object) (at /home/bokken/build/output/unity/unity/Runtime/Export/Logging/Logger.cs:60)
06-02 15:53:41.030 31473 31530 I Unity   : UnityEngine.Debug:Log (object) (at /home/bokken/build/output/unity/unity/Runtime/Export/Debug/Debug.bindings.cs:123)
06-02 15:53:41.030 31473 31530 I Unity   : TargetRing2D:OnTriggerEnter2D (UnityEngine.Collider2D) (at C:/Games/UnityProject/OrbitDrop3D/Assets/Scripts/Gameplay/TargetRing2D.cs:88)
06-02 15:53:41.030 31473 31530 I Unity   : 
06-02 15:53:41.030 31473 31530 I Unity   : (Filename: /home/bokken/build/outp
06-02 15:53:41.030 31473 31530 I Unity   : [TargetRing2D] Ball check | ball_found=True IsReleased=True HasHit=False
06-02 15:53:41.030 31473 31530 I Unity   : UnityEngine.Debug:ExtractStackTraceNoAlloc (byte*,int,string)
06-02 15:53:41.030 31473 31530 I Unity   : UnityEngine.StackTraceUtility:ExtractStackTrace () (at /home/bokken/build/output/unity/unity/Runtime/Export/Scripting/StackTrace.cs:35)
06-02 15:53:41.030 31473 31530 I Unity   : UnityEngine.DebugLogHandler:Internal_Log (UnityEngine.LogType,UnityEngine.LogOption,string,UnityEngine.Object)
06-02 15:53:41.030 31473 31530 I Unity   : UnityEngine.DebugLogHandler:LogFormat (UnityEngine.LogType,UnityEngine.Object,string,object[]) (at /home/bokken/build/output/unity/unity/Runtime/Export/Logging/DebugLogHandler.cs:9)
06-02 15:53:41.030 31473 31530 I Unity   : UnityEngine.Logger:Log (UnityEngine.LogType,object) (at /home/bokken/build/output/unity/unity/Runtime/Export/Logging/Logger.cs:60)
06-02 15:53:41.030 31473 31530 I Unity   : UnityEngine.Debug:Log (object) (at /home/bokken/build/output/unity/unity/Runtime/Export/Debug/Debug.bindings.cs:123)
06-02 15:53:41.030 31473 31530 I Unity   : TargetRing2D:OnTriggerEnter2D (UnityEngine.Collider2D) (at C:/Games/UnityProject/OrbitDrop3D/Assets/Scripts/Gameplay/TargetRing2D.cs:91)
06-02 15:53:41.030 31473 31530 I Unity   : 
06-02 15:53:41.030 31473 31530 I Unity   : (Filename: /home/bokken/build/output/unity/unity/Runtime/Export/Debug/Deb
06-02 15:53:41.031 31473 31530 I Unity   : [TargetRing2D] HIT ACCEPTED on 'LevelManager/TargetRing2D(Clone)' — processing score/destroy
06-02 15:53:41.031 31473 31530 I Unity   : UnityEngine.Debug:ExtractStackTraceNoAlloc (byte*,int,string)
06-02 15:53:41.031 31473 31530 I Unity   : UnityEngine.StackTraceUtility:ExtractStackTrace () (at /home/bokken/build/output/unity/unity/Runtime/Export/Scripting/StackTrace.cs:35)
06-02 15:53:41.031 31473 31530 I Unity   : UnityEngine.DebugLogHandler:Internal_Log (UnityEngine.LogType,UnityEngine.LogOption,string,UnityEngine.Object)
06-02 15:53:41.031 31473 31530 I Unity   : UnityEngine.DebugLogHandler:LogFormat (UnityEngine.LogType,UnityEngine.Object,string,object[]) (at /home/bokken/build/output/unity/unity/Runtime/Export/Logging/DebugLogHandler.cs:9)
06-02 15:53:41.031 31473 31530 I Unity   : UnityEngine.Logger:Log (UnityEngine.LogType,object) (at /home/bokken/build/output/unity/unity/Runtime/Export/Logging/Logger.cs:60)
06-02 15:53:41.031 31473 31530 I Unity   : UnityEngine.Debug:Log (object) (at /home/bokken/build/output/unity/unity/Runtime/Export/Debug/Debug.bindings.cs:123)
06-02 15:53:41.031 31473 31530 I Unity   : TargetRing2D:OnTriggerEnter2D (UnityEngine.Collider2D) (at C:/Games/UnityProject/OrbitDrop3D/Assets/Scripts/Gameplay/TargetRing2D.cs:94)
06-02 15:53:41.031 31473 31530 I Unity   : 
06-02 15:53:41.031 31473 31530 I Unity   : (Filename: /home/bokken/build/output/unity/unity/Ru
06-02 15:53:41.031 31473 31530 I Unity   : [ScoreManager] Hit! Combo=1  +100pts  Total=100
06-02 15:53:41.031 31473 31530 I Unity   : UnityEngine.Debug:ExtractStackTraceNoAlloc (byte*,int,string)
06-02 15:53:41.031 31473 31530 I Unity   : UnityEngine.StackTraceUtility:ExtractStackTrace () (at /home/bokken/build/output/unity/unity/Runtime/Export/Scripting/StackTrace.cs:35)
06-02 15:53:41.031 31473 31530 I Unity   : UnityEngine.DebugLogHandler:Internal_Log (UnityEngine.LogType,UnityEngine.LogOption,string,UnityEngine.Object)
06-02 15:53:41.031 31473 31530 I Unity   : UnityEngine.DebugLogHandler:LogFormat (UnityEngine.LogType,UnityEngine.Object,string,object[]) (at /home/bokken/build/output/unity/unity/Runtime/Export/Logging/DebugLogHandler.cs:9)
06-02 15:53:41.031 31473 31530 I Unity   : UnityEngine.Logger:Log (UnityEngine.LogType,object) (at /home/bokken/build/output/unity/unity/Runtime/Export/Logging/Logger.cs:60)
06-02 15:53:41.031 31473 31530 I Unity   : UnityEngine.Debug:Log (object) (at /home/bokken/build/output/unity/unity/Runtime/Export/Debug/Debug.bindings.cs:123)
06-02 15:53:41.031 31473 31530 I Unity   : ScoreManager:RegisterHit () (at C:/Games/UnityProject/OrbitDrop3D/Assets/Scripts/Core/ScoreManager.cs:65)
06-02 15:53:41.031 31473 31530 I Unity   : TargetRing2D:OnTriggerEnter2D (UnityEngine.Collider2D) (at C:/Games/UnityProject/OrbitDrop3D/Assets/Scripts/Gameplay/TargetRing2D.
06-02 15:53:41.032 31473 31530 I Unity   : Explosion spawned at: (1.98, -3.61, 0.00)
06-02 15:53:41.032 31473 31530 I Unity   : UnityEngine.Debug:ExtractStackTraceNoAlloc (byte*,int,string)
06-02 15:53:41.032 31473 31530 I Unity   : UnityEngine.StackTraceUtility:ExtractStackTrace () (at /home/bokken/build/output/unity/unity/Runtime/Export/Scripting/StackTrace.cs:35)
06-02 15:53:41.032 31473 31530 I Unity   : UnityEngine.DebugLogHandler:Internal_Log (UnityEngine.LogType,UnityEngine.LogOption,string,UnityEngine.Object)
06-02 15:53:41.032 31473 31530 I Unity   : UnityEngine.DebugLogHandler:LogFormat (UnityEngine.LogType,UnityEngine.Object,string,object[]) (at /home/bokken/build/output/unity/unity/Runtime/Export/Logging/DebugLogHandler.cs:9)
06-02 15:53:41.032 31473 31530 I Unity   : UnityEngine.Logger:Log (UnityEngine.LogType,object) (at /home/bokken/build/output/unity/unity/Runtime/Export/Logging/Logger.cs:60)
06-02 15:53:41.032 31473 31530 I Unity   : UnityEngine.Debug:Log (object) (at /home/bokken/build/output/unity/unity/Runtime/Export/Debug/Debug.bindings.cs:123)
06-02 15:53:41.032 31473 31530 I Unity   : CFXRExplosionManager:SpawnExplosion (UnityEngine.Vector3) (at C:/Games/UnityProject/OrbitDrop3D/Assets/Scripts/Utils/CFXRExplosionManager.cs:45)
06-02 15:53:41.032 31473 31530 I Unity   : ParticleManager:SpawnHitBurst (UnityEngine.Vector3) (at C:/Games/UnityProject/OrbitDrop3D/Assets/
06-02 15:53:41.074 31473 31530 I Unity   : [OrbiterBall] Hit: TargetRing2D  tag=Untagged  released=True
06-02 15:53:41.074 31473 31530 I Unity   : UnityEngine.Debug:ExtractStackTraceNoAlloc (byte*,int,string)
06-02 15:53:41.074 31473 31530 I Unity   : UnityEngine.StackTraceUtility:ExtractStackTrace () (at /home/bokken/build/output/unity/unity/Runtime/Export/Scripting/StackTrace.cs:35)
06-02 15:53:41.074 31473 31530 I Unity   : UnityEngine.DebugLogHandler:Internal_Log (UnityEngine.LogType,UnityEngine.LogOption,string,UnityEngine.Object)
06-02 15:53:41.074 31473 31530 I Unity   : UnityEngine.DebugLogHandler:LogFormat (UnityEngine.LogType,UnityEngine.Object,string,object[]) (at /home/bokken/build/output/unity/unity/Runtime/Export/Logging/DebugLogHandler.cs:9)
06-02 15:53:41.074 31473 31530 I Unity   : UnityEngine.Logger:Log (UnityEngine.LogType,object) (at /home/bokken/build/output/unity/unity/Runtime/Export/Logging/Logger.cs:60)
06-02 15:53:41.074 31473 31530 I Unity   : UnityEngine.Debug:Log (object) (at /home/bokken/build/output/unity/unity/Runtime/Export/Debug/Debug.bindings.cs:123)
06-02 15:53:41.074 31473 31530 I Unity   : OrbiterBall2D:OnTriggerEnter2D (UnityEngine.Collider2D) (at C:/Games/UnityProject/OrbitDrop3D/Assets/Scripts/Gameplay/OrbiterBall2D.cs:53)
06-02 15:53:41.074 31473 31530 I Unity   : 
06-02 15:53:41.074 31473 31530 I Unity   : (Filename: /home/bokken/build/output/unity/unity/Runtime/Export/Debug/Debug.binding
06-02 15:53:42.740 31473 31530 I Unity   : Life lost! Remaining: 1
06-02 15:53:42.740 31473 31530 I Unity   : UnityEngine.Debug:ExtractStackTraceNoAlloc (byte*,int,string)
06-02 15:53:42.740 31473 31530 I Unity   : UnityEngine.StackTraceUtility:ExtractStackTrace () (at /home/bokken/build/output/unity/unity/Runtime/Export/Scripting/StackTrace.cs:35)
06-02 15:53:42.740 31473 31530 I Unity   : UnityEngine.DebugLogHandler:Internal_Log (UnityEngine.LogType,UnityEngine.LogOption,string,UnityEngine.Object)
06-02 15:53:42.740 31473 31530 I Unity   : UnityEngine.DebugLogHandler:LogFormat (UnityEngine.LogType,UnityEngine.Object,string,object[]) (at /home/bokken/build/output/unity/unity/Runtime/Export/Logging/DebugLogHandler.cs:9)
06-02 15:53:42.740 31473 31530 I Unity   : UnityEngine.Logger:Log (UnityEngine.LogType,object) (at /home/bokken/build/output/unity/unity/Runtime/Export/Logging/Logger.cs:60)
06-02 15:53:42.740 31473 31530 I Unity   : UnityEngine.Debug:Log (object) (at /home/bokken/build/output/unity/unity/Runtime/Export/Debug/Debug.bindings.cs:123)
06-02 15:53:42.740 31473 31530 I Unity   : GameManager:LoseLife () (at C:/Games/UnityProject/OrbitDrop3D/Assets/Scripts/Core/GameManager.cs:125)
06-02 15:53:42.740 31473 31530 I Unity   : OrbiterBall2D:Update () (at C:/Games/UnityProject/OrbitDrop3D/Assets/Scripts/Gameplay/OrbiterBall2D.cs:75)
06-02 15:53:42.740 31473 31530 I Unity   : 
06-02 15:53:42.740 31473 31530 I Unity   : (Filename: /home/bokken/build/output/unity/unity/R
06-02 15:53:42.741 31473 31530 I Unity   : Heart updated instantly — lives: 1
06-02 15:53:42.741 31473 31530 I Unity   : UnityEngine.Debug:ExtractStackTraceNoAlloc (byte*,int,string)
06-02 15:53:42.741 31473 31530 I Unity   : UnityEngine.StackTraceUtility:ExtractStackTrace () (at /home/bokken/build/output/unity/unity/Runtime/Export/Scripting/StackTrace.cs:35)
06-02 15:53:42.741 31473 31530 I Unity   : UnityEngine.DebugLogHandler:Internal_Log (UnityEngine.LogType,UnityEngine.LogOption,string,UnityEngine.Object)
06-02 15:53:42.741 31473 31530 I Unity   : UnityEngine.DebugLogHandler:LogFormat (UnityEngine.LogType,UnityEngine.Object,string,object[]) (at /home/bokken/build/output/unity/unity/Runtime/Export/Logging/DebugLogHandler.cs:9)
06-02 15:53:42.741 31473 31530 I Unity   : UnityEngine.Logger:Log (UnityEngine.LogType,object) (at /home/bokken/build/output/unity/unity/Runtime/Export/Logging/Logger.cs:60)
06-02 15:53:42.741 31473 31530 I Unity   : UnityEngine.Debug:Log (object) (at /home/bokken/build/output/unity/unity/Runtime/Export/Debug/Debug.bindings.cs:123)
06-02 15:53:42.741 31473 31530 I Unity   : GameHUD:OnLivesChanged (int) (at C:/Games/UnityProject/OrbitDrop3D/Assets/Scripts/UI/GameHUD.cs:101)
06-02 15:53:42.741 31473 31530 I Unity   : GameManager:LoseLife () (at C:/Games/UnityProject/OrbitDrop3D/Assets/Scripts/Core/GameManager.cs:126)
06-02 15:53:42.741 31473 31530 I Unity   : OrbiterBall2D:Update () (at C:/Games/UnityPr
06-02 15:53:43.252 31473 31530 I Unity   : Life lost! Remaining: 0
06-02 15:53:43.252 31473 31530 I Unity   : UnityEngine.Debug:ExtractStackTraceNoAlloc (byte*,int,string)
06-02 15:53:43.252 31473 31530 I Unity   : UnityEngine.StackTraceUtility:ExtractStackTrace () (at /home/bokken/build/output/unity/unity/Runtime/Export/Scripting/StackTrace.cs:35)
06-02 15:53:43.252 31473 31530 I Unity   : UnityEngine.DebugLogHandler:Internal_Log (UnityEngine.LogType,UnityEngine.LogOption,string,UnityEngine.Object)
06-02 15:53:43.252 31473 31530 I Unity   : UnityEngine.DebugLogHandler:LogFormat (UnityEngine.LogType,UnityEngine.Object,string,object[]) (at /home/bokken/build/output/unity/unity/Runtime/Export/Logging/DebugLogHandler.cs:9)
06-02 15:53:43.252 31473 31530 I Unity   : UnityEngine.Logger:Log (UnityEngine.LogType,object) (at /home/bokken/build/output/unity/unity/Runtime/Export/Logging/Logger.cs:60)
06-02 15:53:43.252 31473 31530 I Unity   : UnityEngine.Debug:Log (object) (at /home/bokken/build/output/unity/unity/Runtime/Export/Debug/Debug.bindings.cs:123)
06-02 15:53:43.252 31473 31530 I Unity   : GameManager:LoseLife () (at C:/Games/UnityProject/OrbitDrop3D/Assets/Scripts/Core/GameManager.cs:125)
06-02 15:53:43.252 31473 31530 I Unity   : OrbiterBall2D:Update () (at C:/Games/UnityProject/OrbitDrop3D/Assets/Scripts/Gameplay/OrbiterBall2D.cs:75)
06-02 15:53:43.252 31473 31530 I Unity   : 
06-02 15:53:43.252 31473 31530 I Unity   : (Filename: /home/bokken/build/output/unity/unity/R
06-02 15:53:43.253 31473 31530 I Unity   : Heart updated instantly — lives: 0
06-02 15:53:43.253 31473 31530 I Unity   : UnityEngine.Debug:ExtractStackTraceNoAlloc (byte*,int,string)
06-02 15:53:43.253 31473 31530 I Unity   : UnityEngine.StackTraceUtility:ExtractStackTrace () (at /home/bokken/build/output/unity/unity/Runtime/Export/Scripting/StackTrace.cs:35)
06-02 15:53:43.253 31473 31530 I Unity   : UnityEngine.DebugLogHandler:Internal_Log (UnityEngine.LogType,UnityEngine.LogOption,string,UnityEngine.Object)
06-02 15:53:43.253 31473 31530 I Unity   : UnityEngine.DebugLogHandler:LogFormat (UnityEngine.LogType,UnityEngine.Object,string,object[]) (at /home/bokken/build/output/unity/unity/Runtime/Export/Logging/DebugLogHandler.cs:9)
06-02 15:53:43.253 31473 31530 I Unity   : UnityEngine.Logger:Log (UnityEngine.LogType,object) (at /home/bokken/build/output/unity/unity/Runtime/Export/Logging/Logger.cs:60)
06-02 15:53:43.253 31473 31530 I Unity   : UnityEngine.Debug:Log (object) (at /home/bokken/build/output/unity/unity/Runtime/Export/Debug/Debug.bindings.cs:123)
06-02 15:53:43.253 31473 31530 I Unity   : GameHUD:OnLivesChanged (int) (at C:/Games/UnityProject/OrbitDrop3D/Assets/Scripts/UI/GameHUD.cs:101)
06-02 15:53:43.253 31473 31530 I Unity   : GameManager:LoseLife () (at C:/Games/UnityProject/OrbitDrop3D/Assets/Scripts/Core/GameManager.cs:126)
06-02 15:53:43.253 31473 31530 I Unity   : OrbiterBall2D:Update () (at C:/Games/UnityPr
06-02 15:53:43.254 31473 31530 I Unity   : GAME OVER - instant!
06-02 15:53:43.254 31473 31530 I Unity   : UnityEngine.Debug:ExtractStackTraceNoAlloc (byte*,int,string)
06-02 15:53:43.254 31473 31530 I Unity   : UnityEngine.StackTraceUtility:ExtractStackTrace () (at /home/bokken/build/output/unity/unity/Runtime/Export/Scripting/StackTrace.cs:35)
06-02 15:53:43.254 31473 31530 I Unity   : UnityEngine.DebugLogHandler:Internal_Log (UnityEngine.LogType,UnityEngine.LogOption,string,UnityEngine.Object)
06-02 15:53:43.254 31473 31530 I Unity   : UnityEngine.DebugLogHandler:LogFormat (UnityEngine.LogType,UnityEngine.Object,string,object[]) (at /home/bokken/build/output/unity/unity/Runtime/Export/Logging/DebugLogHandler.cs:9)
06-02 15:53:43.254 31473 31530 I Unity   : UnityEngine.Logger:Log (UnityEngine.LogType,object) (at /home/bokken/build/output/unity/unity/Runtime/Export/Logging/Logger.cs:60)
06-02 15:53:43.254 31473 31530 I Unity   : UnityEngine.Debug:Log (object) (at /home/bokken/build/output/unity/unity/Runtime/Export/Debug/Debug.bindings.cs:123)
06-02 15:53:43.254 31473 31530 I Unity   : GameManager:LoseLife () (at C:/Games/UnityProject/OrbitDrop3D/Assets/Scripts/Core/GameManager.cs:130)
06-02 15:53:43.254 31473 31530 I Unity   : OrbiterBall2D:Update () (at C:/Games/UnityProject/OrbitDrop3D/Assets/Scripts/Gameplay/OrbiterBall2D.cs:75)
06-02 15:53:43.254 31473 31530 I Unity   : 
06-02 15:53:43.254 31473 31530 I Unity   : (Filename: /home/bokken/build/output/unity/unity/Runt
06-02 15:53:43.255 31473 31530 I Unity   : [GameManager] State -> GameOver  Level=10  Lives=0
06-02 15:53:43.255 31473 31530 I Unity   : UnityEngine.Debug:ExtractStackTraceNoAlloc (byte*,int,string)
06-02 15:53:43.255 31473 31530 I Unity   : UnityEngine.StackTraceUtility:ExtractStackTrace () (at /home/bokken/build/output/unity/unity/Runtime/Export/Scripting/StackTrace.cs:35)
06-02 15:53:43.255 31473 31530 I Unity   : UnityEngine.DebugLogHandler:Internal_Log (UnityEngine.LogType,UnityEngine.LogOption,string,UnityEngine.Object)
06-02 15:53:43.255 31473 31530 I Unity   : UnityEngine.DebugLogHandler:LogFormat (UnityEngine.LogType,UnityEngine.Object,string,object[]) (at /home/bokken/build/output/unity/unity/Runtime/Export/Logging/DebugLogHandler.cs:9)
06-02 15:53:43.255 31473 31530 I Unity   : UnityEngine.Logger:Log (UnityEngine.LogType,object) (at /home/bokken/build/output/unity/unity/Runtime/Export/Logging/Logger.cs:60)
06-02 15:53:43.255 31473 31530 I Unity   : UnityEngine.Debug:Log (object) (at /home/bokken/build/output/unity/unity/Runtime/Export/Debug/Debug.bindings.cs:123)
06-02 15:53:43.255 31473 31530 I Unity   : GameManager:SetState (GameManager/GameState) (at C:/Games/UnityProject/OrbitDrop3D/Assets/Scripts/Core/GameManager.cs:174)
06-02 15:53:43.255 31473 31530 I Unity   : GameManager:LoseLife () (at C:/Games/UnityProject/OrbitDrop3D/Assets/Scripts/Core/GameManager.cs:131)
06-02 15:53:43.255 31473 31530 I Unity   : OrbiterB
06-02 15:53:43.256 31473 31530 I Unity   : [LevelManager] State -> GameOver
06-02 15:53:43.256 31473 31530 I Unity   : UnityEngine.Debug:ExtractStackTraceNoAlloc (byte*,int,string)
06-02 15:53:43.256 31473 31530 I Unity   : UnityEngine.StackTraceUtility:ExtractStackTrace () (at /home/bokken/build/output/unity/unity/Runtime/Export/Scripting/StackTrace.cs:35)
06-02 15:53:43.256 31473 31530 I Unity   : UnityEngine.DebugLogHandler:Internal_Log (UnityEngine.LogType,UnityEngine.LogOption,string,UnityEngine.Object)
06-02 15:53:43.256 31473 31530 I Unity   : UnityEngine.DebugLogHandler:LogFormat (UnityEngine.LogType,UnityEngine.Object,string,object[]) (at /home/bokken/build/output/unity/unity/Runtime/Export/Logging/DebugLogHandler.cs:9)
06-02 15:53:43.256 31473 31530 I Unity   : UnityEngine.Logger:Log (UnityEngine.LogType,object) (at /home/bokken/build/output/unity/unity/Runtime/Export/Logging/Logger.cs:60)
06-02 15:53:43.256 31473 31530 I Unity   : UnityEngine.Debug:Log (object) (at /home/bokken/build/output/unity/unity/Runtime/Export/Debug/Debug.bindings.cs:123)
06-02 15:53:43.256 31473 31530 I Unity   : LevelManager:HandleStateChanged (GameManager/GameState) (at C:/Games/UnityProject/OrbitDrop3D/Assets/Scripts/Core/LevelManager.cs:53)
06-02 15:53:43.256 31473 31530 I Unity   : GameManager:SetState (GameManager/GameState) (at C:/Games/UnityProject/OrbitDrop3D/Assets/Scripts/Core/GameManager.cs
06-02 15:53:43.265 31473 31530 W Unity   : The character with Unicode value \U0001F3C6 was not found in the [LiberationSans SDF] font asset or any potential fallbacks. It was replaced by Unicode character \u25A1 in text object [BestScoreText].
06-02 15:53:43.265 31473 31530 W Unity   : UnityEngine.Debug:ExtractStackTraceNoAlloc (byte*,int,string)
06-02 15:53:43.265 31473 31530 W Unity   : UnityEngine.StackTraceUtility:ExtractStackTrace () (at /home/bokken/build/output/unity/unity/Runtime/Export/Scripting/StackTrace.cs:35)
06-02 15:53:43.265 31473 31530 W Unity   : UnityEngine.DebugLogHandler:Internal_Log (UnityEngine.LogType,UnityEngine.LogOption,string,UnityEngine.Object)
06-02 15:53:43.265 31473 31530 W Unity   : UnityEngine.DebugLogHandler:LogFormat (UnityEngine.LogType,UnityEngine.Object,string,object[]) (at /home/bokken/build/output/unity/unity/Runtime/Export/Logging/DebugLogHandler.cs:9)
06-02 15:53:43.265 31473 31530 W Unity   : UnityEngine.Logger:Log (UnityEngine.LogType,object,UnityEngine.Object) (at /home/bokken/build/output/unity/unity/Runtime/Export/Logging/Logger.cs:66)
06-02 15:53:43.265 31473 31530 W Unity   : UnityEngine.Debug:LogWarning (object,UnityEngine.Object) (at /home/bokken/build/output/unity/unity/Runtime/Export/Debug/Debug.bindings.cs:216)
06-02 15:53:43.265 31473 31530 W Unity   : TMPro.TextMeshProUGUI:SetArraySizes (T
06-02 15:53:46.873 31473 31530 I Unity   : Heart updated instantly — lives: 3
06-02 15:53:46.873 31473 31530 I Unity   : UnityEngine.Debug:ExtractStackTraceNoAlloc (byte*,int,string)
06-02 15:53:46.873 31473 31530 I Unity   : UnityEngine.StackTraceUtility:ExtractStackTrace () (at /home/bokken/build/output/unity/unity/Runtime/Export/Scripting/StackTrace.cs:35)
06-02 15:53:46.873 31473 31530 I Unity   : UnityEngine.DebugLogHandler:Internal_Log (UnityEngine.LogType,UnityEngine.LogOption,string,UnityEngine.Object)
06-02 15:53:46.873 31473 31530 I Unity   : UnityEngine.DebugLogHandler:LogFormat (UnityEngine.LogType,UnityEngine.Object,string,object[]) (at /home/bokken/build/output/unity/unity/Runtime/Export/Logging/DebugLogHandler.cs:9)
06-02 15:53:46.873 31473 31530 I Unity   : UnityEngine.Logger:Log (UnityEngine.LogType,object) (at /home/bokken/build/output/unity/unity/Runtime/Export/Logging/Logger.cs:60)
06-02 15:53:46.873 31473 31530 I Unity   : UnityEngine.Debug:Log (object) (at /home/bokken/build/output/unity/unity/Runtime/Export/Debug/Debug.bindings.cs:123)
06-02 15:53:46.873 31473 31530 I Unity   : GameHUD:OnLivesChanged (int) (at C:/Games/UnityProject/OrbitDrop3D/Assets/Scripts/UI/GameHUD.cs:101)
06-02 15:53:46.873 31473 31530 I Unity   : GameManager:RestartCurrentLevel () (at C:/Games/UnityProject/OrbitDrop3D/Assets/Scripts/Core/GameManager.cs:114)
06-02 15:53:46.873 31473 31530 I Unity   : GameOverUI:OnRetry () (at C:/Game
06-02 15:53:46.874 31473 31530 I Unity   : [GameManager] State -> Playing  Level=10  Lives=3
06-02 15:53:46.874 31473 31530 I Unity   : UnityEngine.Debug:ExtractStackTraceNoAlloc (byte*,int,string)
06-02 15:53:46.874 31473 31530 I Unity   : UnityEngine.StackTraceUtility:ExtractStackTrace () (at /home/bokken/build/output/unity/unity/Runtime/Export/Scripting/StackTrace.cs:35)
06-02 15:53:46.874 31473 31530 I Unity   : UnityEngine.DebugLogHandler:Internal_Log (UnityEngine.LogType,UnityEngine.LogOption,string,UnityEngine.Object)
06-02 15:53:46.874 31473 31530 I Unity   : UnityEngine.DebugLogHandler:LogFormat (UnityEngine.LogType,UnityEngine.Object,string,object[]) (at /home/bokken/build/output/unity/unity/Runtime/Export/Logging/DebugLogHandler.cs:9)
06-02 15:53:46.874 31473 31530 I Unity   : UnityEngine.Logger:Log (UnityEngine.LogType,object) (at /home/bokken/build/output/unity/unity/Runtime/Export/Logging/Logger.cs:60)
06-02 15:53:46.874 31473 31530 I Unity   : UnityEngine.Debug:Log (object) (at /home/bokken/build/output/unity/unity/Runtime/Export/Debug/Debug.bindings.cs:123)
06-02 15:53:46.874 31473 31530 I Unity   : GameManager:SetState (GameManager/GameState) (at C:/Games/UnityProject/OrbitDrop3D/Assets/Scripts/Core/GameManager.cs:174)
06-02 15:53:46.874 31473 31530 I Unity   : GameManager:RestartCurrentLevel () (at C:/Games/UnityProject/OrbitDrop3D/Assets/Scripts/Core/GameManager.cs:115
06-02 15:53:46.875 31473 31530 I Unity   : Heart updated instantly — lives: 3
06-02 15:53:46.875 31473 31530 I Unity   : UnityEngine.Debug:ExtractStackTraceNoAlloc (byte*,int,string)
06-02 15:53:46.875 31473 31530 I Unity   : UnityEngine.StackTraceUtility:ExtractStackTrace () (at /home/bokken/build/output/unity/unity/Runtime/Export/Scripting/StackTrace.cs:35)
06-02 15:53:46.875 31473 31530 I Unity   : UnityEngine.DebugLogHandler:Internal_Log (UnityEngine.LogType,UnityEngine.LogOption,string,UnityEngine.Object)
06-02 15:53:46.875 31473 31530 I Unity   : UnityEngine.DebugLogHandler:LogFormat (UnityEngine.LogType,UnityEngine.Object,string,object[]) (at /home/bokken/build/output/unity/unity/Runtime/Export/Logging/DebugLogHandler.cs:9)
06-02 15:53:46.875 31473 31530 I Unity   : UnityEngine.Logger:Log (UnityEngine.LogType,object) (at /home/bokken/build/output/unity/unity/Runtime/Export/Logging/Logger.cs:60)
06-02 15:53:46.875 31473 31530 I Unity   : UnityEngine.Debug:Log (object) (at /home/bokken/build/output/unity/unity/Runtime/Export/Debug/Debug.bindings.cs:123)
06-02 15:53:46.875 31473 31530 I Unity   : GameHUD:OnLivesChanged (int) (at C:/Games/UnityProject/OrbitDrop3D/Assets/Scripts/UI/GameHUD.cs:101)
06-02 15:53:46.875 31473 31530 I Unity   : GameHUD:Refresh () (at C:/Games/UnityProject/OrbitDrop3D/Assets/Scripts/UI/GameHUD.cs:122)
06-02 15:53:46.875 31473 31530 I Unity   : GameHUD:OnStateChanged (GameManager/GameState) (at C:/G
06-02 15:53:46.876 31473 31530 I Unity   : [LevelManager] State -> Playing
06-02 15:53:46.876 31473 31530 I Unity   : UnityEngine.Debug:ExtractStackTraceNoAlloc (byte*,int,string)
06-02 15:53:46.876 31473 31530 I Unity   : UnityEngine.StackTraceUtility:ExtractStackTrace () (at /home/bokken/build/output/unity/unity/Runtime/Export/Scripting/StackTrace.cs:35)
06-02 15:53:46.876 31473 31530 I Unity   : UnityEngine.DebugLogHandler:Internal_Log (UnityEngine.LogType,UnityEngine.LogOption,string,UnityEngine.Object)
06-02 15:53:46.876 31473 31530 I Unity   : UnityEngine.DebugLogHandler:LogFormat (UnityEngine.LogType,UnityEngine.Object,string,object[]) (at /home/bokken/build/output/unity/unity/Runtime/Export/Logging/DebugLogHandler.cs:9)
06-02 15:53:46.876 31473 31530 I Unity   : UnityEngine.Logger:Log (UnityEngine.LogType,object) (at /home/bokken/build/output/unity/unity/Runtime/Export/Logging/Logger.cs:60)
06-02 15:53:46.876 31473 31530 I Unity   : UnityEngine.Debug:Log (object) (at /home/bokken/build/output/unity/unity/Runtime/Export/Debug/Debug.bindings.cs:123)
06-02 15:53:46.876 31473 31530 I Unity   : LevelManager:HandleStateChanged (GameManager/GameState) (at C:/Games/UnityProject/OrbitDrop3D/Assets/Scripts/Core/LevelManager.cs:53)
06-02 15:53:46.876 31473 31530 I Unity   : GameManager:SetState (GameManager/GameState) (at C:/Games/UnityProject/OrbitDrop3D/Assets/Scripts/Core/GameManager.cs:
06-02 15:53:46.878 31473 31530 I Unity   : [LevelManager] LoadLevel(10)
06-02 15:53:46.878 31473 31530 I Unity   : UnityEngine.Debug:ExtractStackTraceNoAlloc (byte*,int,string)
06-02 15:53:46.878 31473 31530 I Unity   : UnityEngine.StackTraceUtility:ExtractStackTrace () (at /home/bokken/build/output/unity/unity/Runtime/Export/Scripting/StackTrace.cs:35)
06-02 15:53:46.878 31473 31530 I Unity   : UnityEngine.DebugLogHandler:Internal_Log (UnityEngine.LogType,UnityEngine.LogOption,string,UnityEngine.Object)
06-02 15:53:46.878 31473 31530 I Unity   : UnityEngine.DebugLogHandler:LogFormat (UnityEngine.LogType,UnityEngine.Object,string,object[]) (at /home/bokken/build/output/unity/unity/Runtime/Export/Logging/DebugLogHandler.cs:9)
06-02 15:53:46.878 31473 31530 I Unity   : UnityEngine.Logger:Log (UnityEngine.LogType,object) (at /home/bokken/build/output/unity/unity/Runtime/Export/Logging/Logger.cs:60)
06-02 15:53:46.878 31473 31530 I Unity   : UnityEngine.Debug:Log (object) (at /home/bokken/build/output/unity/unity/Runtime/Export/Debug/Debug.bindings.cs:123)
06-02 15:53:46.878 31473 31530 I Unity   : LevelManager:LoadLevel (int) (at C:/Games/UnityProject/OrbitDrop3D/Assets/Scripts/Core/LevelManager.cs:135)
06-02 15:53:46.878 31473 31530 I Unity   : GameManager:RestartCurrentLevel () (at C:/Games/UnityProject/OrbitDrop3D/Assets/Scripts/Core/GameManager.cs:116)
06-02 15:53:46.878 31473 31530 I Unity   : GameOverUI:OnRetry () (at C:/Games
06-02 15:53:46.879 31473 31530 I Unity   : [LevelManager] Camera  pos=(0.00,0.00)  orthoSize=6.09  aspect=0.46  |  bounds  top=6.09  bottom=-6.09  left=-2.81  right=2.81
06-02 15:53:46.879 31473 31530 I Unity   : UnityEngine.Debug:ExtractStackTraceNoAlloc (byte*,int,string)
06-02 15:53:46.879 31473 31530 I Unity   : UnityEngine.StackTraceUtility:ExtractStackTrace () (at /home/bokken/build/output/unity/unity/Runtime/Export/Scripting/StackTrace.cs:35)
06-02 15:53:46.879 31473 31530 I Unity   : UnityEngine.DebugLogHandler:Internal_Log (UnityEngine.LogType,UnityEngine.LogOption,string,UnityEngine.Object)
06-02 15:53:46.879 31473 31530 I Unity   : UnityEngine.DebugLogHandler:LogFormat (UnityEngine.LogType,UnityEngine.Object,string,object[]) (at /home/bokken/build/output/unity/unity/Runtime/Export/Logging/DebugLogHandler.cs:9)
06-02 15:53:46.879 31473 31530 I Unity   : UnityEngine.Logger:Log (UnityEngine.LogType,object) (at /home/bokken/build/output/unity/unity/Runtime/Export/Logging/Logger.cs:60)
06-02 15:53:46.879 31473 31530 I Unity   : UnityEngine.Debug:Log (object) (at /home/bokken/build/output/unity/unity/Runtime/Export/Debug/Debug.bindings.cs:123)
06-02 15:53:46.879 31473 31530 I Unity   : LevelManager:LogCameraBounds (UnityEngine.Camera) (at C:/Games/UnityProject/OrbitDrop3D/Assets/Scripts/Core/LevelManager.cs:265)
06-02 15:53:46.879 31473 31530 I Unity   : LevelManager:SpawnTargets (L
06-02 15:53:46.880 31473 31530 I Unity   : [LevelManager] TargetRing[0] spawned at (-1.06, -4.21)
06-02 15:53:46.880 31473 31530 I Unity   : UnityEngine.Debug:ExtractStackTraceNoAlloc (byte*,int,string)
06-02 15:53:46.880 31473 31530 I Unity   : UnityEngine.StackTraceUtility:ExtractStackTrace () (at /home/bokken/build/output/unity/unity/Runtime/Export/Scripting/StackTrace.cs:35)
06-02 15:53:46.880 31473 31530 I Unity   : UnityEngine.DebugLogHandler:Internal_Log (UnityEngine.LogType,UnityEngine.LogOption,string,UnityEngine.Object)
06-02 15:53:46.880 31473 31530 I Unity   : UnityEngine.DebugLogHandler:LogFormat (UnityEngine.LogType,UnityEngine.Object,string,object[]) (at /home/bokken/build/output/unity/unity/Runtime/Export/Logging/DebugLogHandler.cs:9)
06-02 15:53:46.880 31473 31530 I Unity   : UnityEngine.Logger:Log (UnityEngine.LogType,object) (at /home/bokken/build/output/unity/unity/Runtime/Export/Logging/Logger.cs:60)
06-02 15:53:46.880 31473 31530 I Unity   : UnityEngine.Debug:Log (object) (at /home/bokken/build/output/unity/unity/Runtime/Export/Debug/Debug.bindings.cs:123)
06-02 15:53:46.880 31473 31530 I Unity   : LevelManager:SpawnTargets (LevelManager/LevelConfig) (at C:/Games/UnityProject/OrbitDrop3D/Assets/Scripts/Core/LevelManager.cs:254)
06-02 15:53:46.880 31473 31530 I Unity   : LevelManager:LoadLevel (int) (at C:/Games/UnityProject/OrbitDrop3D/Assets/Scripts/Core/LevelManag
06-02 15:53:46.882 31473 31530 I Unity   : [LevelManager] TargetRing[1] spawned at (0.40, -3.02)
06-02 15:53:46.882 31473 31530 I Unity   : UnityEngine.Debug:ExtractStackTraceNoAlloc (byte*,int,string)
06-02 15:53:46.882 31473 31530 I Unity   : UnityEngine.StackTraceUtility:ExtractStackTrace () (at /home/bokken/build/output/unity/unity/Runtime/Export/Scripting/StackTrace.cs:35)
06-02 15:53:46.882 31473 31530 I Unity   : UnityEngine.DebugLogHandler:Internal_Log (UnityEngine.LogType,UnityEngine.LogOption,string,UnityEngine.Object)
06-02 15:53:46.882 31473 31530 I Unity   : UnityEngine.DebugLogHandler:LogFormat (UnityEngine.LogType,UnityEngine.Object,string,object[]) (at /home/bokken/build/output/unity/unity/Runtime/Export/Logging/DebugLogHandler.cs:9)
06-02 15:53:46.882 31473 31530 I Unity   : UnityEngine.Logger:Log (UnityEngine.LogType,object) (at /home/bokken/build/output/unity/unity/Runtime/Export/Logging/Logger.cs:60)
06-02 15:53:46.882 31473 31530 I Unity   : UnityEngine.Debug:Log (object) (at /home/bokken/build/output/unity/unity/Runtime/Export/Debug/Debug.bindings.cs:123)
06-02 15:53:46.882 31473 31530 I Unity   : LevelManager:SpawnTargets (LevelManager/LevelConfig) (at C:/Games/UnityProject/OrbitDrop3D/Assets/Scripts/Core/LevelManager.cs:254)
06-02 15:53:46.882 31473 31530 I Unity   : LevelManager:LoadLevel (int) (at C:/Games/UnityProject/OrbitDrop3D/Assets/Scripts/Core/LevelManage
06-02 15:53:46.883 31473 31530 I Unity   : [LevelManager] TargetRing[2] spawned at (1.25, -3.17)
06-02 15:53:46.883 31473 31530 I Unity   : UnityEngine.Debug:ExtractStackTraceNoAlloc (byte*,int,string)
06-02 15:53:46.883 31473 31530 I Unity   : UnityEngine.StackTraceUtility:ExtractStackTrace () (at /home/bokken/build/output/unity/unity/Runtime/Export/Scripting/StackTrace.cs:35)
06-02 15:53:46.883 31473 31530 I Unity   : UnityEngine.DebugLogHandler:Internal_Log (UnityEngine.LogType,UnityEngine.LogOption,string,UnityEngine.Object)
06-02 15:53:46.883 31473 31530 I Unity   : UnityEngine.DebugLogHandler:LogFormat (UnityEngine.LogType,UnityEngine.Object,string,object[]) (at /home/bokken/build/output/unity/unity/Runtime/Export/Logging/DebugLogHandler.cs:9)
06-02 15:53:46.883 31473 31530 I Unity   : UnityEngine.Logger:Log (UnityEngine.LogType,object) (at /home/bokken/build/output/unity/unity/Runtime/Export/Logging/Logger.cs:60)
06-02 15:53:46.883 31473 31530 I Unity   : UnityEngine.Debug:Log (object) (at /home/bokken/build/output/unity/unity/Runtime/Export/Debug/Debug.bindings.cs:123)
06-02 15:53:46.883 31473 31530 I Unity   : LevelManager:SpawnTargets (LevelManager/LevelConfig) (at C:/Games/UnityProject/OrbitDrop3D/Assets/Scripts/Core/LevelManager.cs:254)
06-02 15:53:46.883 31473 31530 I Unity   : LevelManager:LoadLevel (int) (at C:/Games/UnityProject/OrbitDrop3D/Assets/Scripts/Core/LevelManage
06-02 15:53:46.884 31473 31530 I Unity   : [LevelManager] TargetRing[3] spawned at (1.66, -3.09)
06-02 15:53:46.884 31473 31530 I Unity   : UnityEngine.Debug:ExtractStackTraceNoAlloc (byte*,int,string)
06-02 15:53:46.884 31473 31530 I Unity   : UnityEngine.StackTraceUtility:ExtractStackTrace () (at /home/bokken/build/output/unity/unity/Runtime/Export/Scripting/StackTrace.cs:35)
06-02 15:53:46.884 31473 31530 I Unity   : UnityEngine.DebugLogHandler:Internal_Log (UnityEngine.LogType,UnityEngine.LogOption,string,UnityEngine.Object)
06-02 15:53:46.884 31473 31530 I Unity   : UnityEngine.DebugLogHandler:LogFormat (UnityEngine.LogType,UnityEngine.Object,string,object[]) (at /home/bokken/build/output/unity/unity/Runtime/Export/Logging/DebugLogHandler.cs:9)
06-02 15:53:46.884 31473 31530 I Unity   : UnityEngine.Logger:Log (UnityEngine.LogType,object) (at /home/bokken/build/output/unity/unity/Runtime/Export/Logging/Logger.cs:60)
06-02 15:53:46.884 31473 31530 I Unity   : UnityEngine.Debug:Log (object) (at /home/bokken/build/output/unity/unity/Runtime/Export/Debug/Debug.bindings.cs:123)
06-02 15:53:46.884 31473 31530 I Unity   : LevelManager:SpawnTargets (LevelManager/LevelConfig) (at C:/Games/UnityProject/OrbitDrop3D/Assets/Scripts/Core/LevelManager.cs:254)
06-02 15:53:46.884 31473 31530 I Unity   : LevelManager:LoadLevel (int) (at C:/Games/UnityProject/OrbitDrop3D/Assets/Scripts/Core/LevelManage
06-02 15:53:46.885 31473 31530 I Unity   : [LevelManager] TargetRing[4] spawned at (-0.13, -3.04)
06-02 15:53:46.885 31473 31530 I Unity   : UnityEngine.Debug:ExtractStackTraceNoAlloc (byte*,int,string)
06-02 15:53:46.885 31473 31530 I Unity   : UnityEngine.StackTraceUtility:ExtractStackTrace () (at /home/bokken/build/output/unity/unity/Runtime/Export/Scripting/StackTrace.cs:35)
06-02 15:53:46.885 31473 31530 I Unity   : UnityEngine.DebugLogHandler:Internal_Log (UnityEngine.LogType,UnityEngine.LogOption,string,UnityEngine.Object)
06-02 15:53:46.885 31473 31530 I Unity   : UnityEngine.DebugLogHandler:LogFormat (UnityEngine.LogType,UnityEngine.Object,string,object[]) (at /home/bokken/build/output/unity/unity/Runtime/Export/Logging/DebugLogHandler.cs:9)
06-02 15:53:46.885 31473 31530 I Unity   : UnityEngine.Logger:Log (UnityEngine.LogType,object) (at /home/bokken/build/output/unity/unity/Runtime/Export/Logging/Logger.cs:60)
06-02 15:53:46.885 31473 31530 I Unity   : UnityEngine.Debug:Log (object) (at /home/bokken/build/output/unity/unity/Runtime/Export/Debug/Debug.bindings.cs:123)
06-02 15:53:46.885 31473 31530 I Unity   : LevelManager:SpawnTargets (LevelManager/LevelConfig) (at C:/Games/UnityProject/OrbitDrop3D/Assets/Scripts/Core/LevelManager.cs:254)
06-02 15:53:46.885 31473 31530 I Unity   : LevelManager:LoadLevel (int) (at C:/Games/UnityProject/OrbitDrop3D/Assets/Scripts/Core/LevelManag
06-02 15:53:46.887 31473 31530 I Unity   : [LevelManager] TargetRing[5] spawned at (-0.48, -3.47)
06-02 15:53:46.887 31473 31530 I Unity   : UnityEngine.Debug:ExtractStackTraceNoAlloc (byte*,int,string)
06-02 15:53:46.887 31473 31530 I Unity   : UnityEngine.StackTraceUtility:ExtractStackTrace () (at /home/bokken/build/output/unity/unity/Runtime/Export/Scripting/StackTrace.cs:35)
06-02 15:53:46.887 31473 31530 I Unity   : UnityEngine.DebugLogHandler:Internal_Log (UnityEngine.LogType,UnityEngine.LogOption,string,UnityEngine.Object)
06-02 15:53:46.887 31473 31530 I Unity   : UnityEngine.DebugLogHandler:LogFormat (UnityEngine.LogType,UnityEngine.Object,string,object[]) (at /home/bokken/build/output/unity/unity/Runtime/Export/Logging/DebugLogHandler.cs:9)
06-02 15:53:46.887 31473 31530 I Unity   : UnityEngine.Logger:Log (UnityEngine.LogType,object) (at /home/bokken/build/output/unity/unity/Runtime/Export/Logging/Logger.cs:60)
06-02 15:53:46.887 31473 31530 I Unity   : UnityEngine.Debug:Log (object) (at /home/bokken/build/output/unity/unity/Runtime/Export/Debug/Debug.bindings.cs:123)
06-02 15:53:46.887 31473 31530 I Unity   : LevelManager:SpawnTargets (LevelManager/LevelConfig) (at C:/Games/UnityProject/OrbitDrop3D/Assets/Scripts/Core/LevelManager.cs:254)
06-02 15:53:46.887 31473 31530 I Unity   : LevelManager:LoadLevel (int) (at C:/Games/UnityProject/OrbitDrop3D/Assets/Scripts/Core/LevelManag
06-02 15:53:46.888 31473 31530 I Unity   : [LevelManager] TargetRing[6] spawned at (1.34, 3.06)
06-02 15:53:46.888 31473 31530 I Unity   : UnityEngine.Debug:ExtractStackTraceNoAlloc (byte*,int,string)
06-02 15:53:46.888 31473 31530 I Unity   : UnityEngine.StackTraceUtility:ExtractStackTrace () (at /home/bokken/build/output/unity/unity/Runtime/Export/Scripting/StackTrace.cs:35)
06-02 15:53:46.888 31473 31530 I Unity   : UnityEngine.DebugLogHandler:Internal_Log (UnityEngine.LogType,UnityEngine.LogOption,string,UnityEngine.Object)
06-02 15:53:46.888 31473 31530 I Unity   : UnityEngine.DebugLogHandler:LogFormat (UnityEngine.LogType,UnityEngine.Object,string,object[]) (at /home/bokken/build/output/unity/unity/Runtime/Export/Logging/DebugLogHandler.cs:9)
06-02 15:53:46.888 31473 31530 I Unity   : UnityEngine.Logger:Log (UnityEngine.LogType,object) (at /home/bokken/build/output/unity/unity/Runtime/Export/Logging/Logger.cs:60)
06-02 15:53:46.888 31473 31530 I Unity   : UnityEngine.Debug:Log (object) (at /home/bokken/build/output/unity/unity/Runtime/Export/Debug/Debug.bindings.cs:123)
06-02 15:53:46.888 31473 31530 I Unity   : LevelManager:SpawnTargets (LevelManager/LevelConfig) (at C:/Games/UnityProject/OrbitDrop3D/Assets/Scripts/Core/LevelManager.cs:254)
06-02 15:53:46.888 31473 31530 I Unity   : LevelManager:LoadLevel (int) (at C:/Games/UnityProject/OrbitDrop3D/Assets/Scripts/Core/LevelManager
06-02 15:53:46.889 31473 31530 I Unity   : [TargetRing2D] 'TargetRing2D(Clone)' (path=LevelManager/TargetRing2D(Clone)) spawned | tag=Untagged layer=Default col_enabled=True isTrigger=True radius=1.8
06-02 15:53:46.889 31473 31530 I Unity   : UnityEngine.Debug:ExtractStackTraceNoAlloc (byte*,int,string)
06-02 15:53:46.889 31473 31530 I Unity   : UnityEngine.StackTraceUtility:ExtractStackTrace () (at /home/bokken/build/output/unity/unity/Runtime/Export/Scripting/StackTrace.cs:35)
06-02 15:53:46.889 31473 31530 I Unity   : UnityEngine.DebugLogHandler:Internal_Log (UnityEngine.LogType,UnityEngine.LogOption,string,UnityEngine.Object)
06-02 15:53:46.889 31473 31530 I Unity   : UnityEngine.DebugLogHandler:LogFormat (UnityEngine.LogType,UnityEngine.Object,string,object[]) (at /home/bokken/build/output/unity/unity/Runtime/Export/Logging/DebugLogHandler.cs:9)
06-02 15:53:46.889 31473 31530 I Unity   : UnityEngine.Logger:Log (UnityEngine.LogType,object) (at /home/bokken/build/output/unity/unity/Runtime/Export/Logging/Logger.cs:60)
06-02 15:53:46.889 31473 31530 I Unity   : UnityEngine.Debug:Log (object) (at /home/bokken/build/output/unity/unity/Runtime/Export/Debug/Debug.bindings.cs:123)
06-02 15:53:46.889 31473 31530 I Unity   : TargetRing2D:Start () (at C:/Games/UnityProject/OrbitDrop3D/Assets/Scripts/Gameplay/TargetRing2D.cs:23)
06-02 15:53:46.889 31473 31530 I Unity   : 
06-02 15:53:46.889 31473 31530 I Unity   : (Filename: /home/bokke
06-02 15:53:46.890 31473 31530 I Unity   : [TargetRing2D] 'TargetRing2D(Clone)' (path=LevelManager/TargetRing2D(Clone)) spawned | tag=Untagged layer=Default col_enabled=True isTrigger=True radius=1.8
06-02 15:53:46.890 31473 31530 I Unity   : UnityEngine.Debug:ExtractStackTraceNoAlloc (byte*,int,string)
06-02 15:53:46.890 31473 31530 I Unity   : UnityEngine.StackTraceUtility:ExtractStackTrace () (at /home/bokken/build/output/unity/unity/Runtime/Export/Scripting/StackTrace.cs:35)
06-02 15:53:46.890 31473 31530 I Unity   : UnityEngine.DebugLogHandler:Internal_Log (UnityEngine.LogType,UnityEngine.LogOption,string,UnityEngine.Object)
06-02 15:53:46.890 31473 31530 I Unity   : UnityEngine.DebugLogHandler:LogFormat (UnityEngine.LogType,UnityEngine.Object,string,object[]) (at /home/bokken/build/output/unity/unity/Runtime/Export/Logging/DebugLogHandler.cs:9)
06-02 15:53:46.890 31473 31530 I Unity   : UnityEngine.Logger:Log (UnityEngine.LogType,object) (at /home/bokken/build/output/unity/unity/Runtime/Export/Logging/Logger.cs:60)
06-02 15:53:46.890 31473 31530 I Unity   : UnityEngine.Debug:Log (object) (at /home/bokken/build/output/unity/unity/Runtime/Export/Debug/Debug.bindings.cs:123)
06-02 15:53:46.890 31473 31530 I Unity   : TargetRing2D:Start () (at C:/Games/UnityProject/OrbitDrop3D/Assets/Scripts/Gameplay/TargetRing2D.cs:23)
06-02 15:53:46.890 31473 31530 I Unity   : 
06-02 15:53:46.890 31473 31530 I Unity   : (Filename: /home/bokke
06-02 15:53:46.890 31473 31530 I Unity   : [TargetRing2D] 'TargetRing2D(Clone)' (path=LevelManager/TargetRing2D(Clone)) spawned | tag=Untagged layer=Default col_enabled=True isTrigger=True radius=1.8
06-02 15:53:46.890 31473 31530 I Unity   : UnityEngine.Debug:ExtractStackTraceNoAlloc (byte*,int,string)
06-02 15:53:46.890 31473 31530 I Unity   : UnityEngine.StackTraceUtility:ExtractStackTrace () (at /home/bokken/build/output/unity/unity/Runtime/Export/Scripting/StackTrace.cs:35)
06-02 15:53:46.890 31473 31530 I Unity   : UnityEngine.DebugLogHandler:Internal_Log (UnityEngine.LogType,UnityEngine.LogOption,string,UnityEngine.Object)
06-02 15:53:46.890 31473 31530 I Unity   : UnityEngine.DebugLogHandler:LogFormat (UnityEngine.LogType,UnityEngine.Object,string,object[]) (at /home/bokken/build/output/unity/unity/Runtime/Export/Logging/DebugLogHandler.cs:9)
06-02 15:53:46.890 31473 31530 I Unity   : UnityEngine.Logger:Log (UnityEngine.LogType,object) (at /home/bokken/build/output/unity/unity/Runtime/Export/Logging/Logger.cs:60)
06-02 15:53:46.890 31473 31530 I Unity   : UnityEngine.Debug:Log (object) (at /home/bokken/build/output/unity/unity/Runtime/Export/Debug/Debug.bindings.cs:123)
06-02 15:53:46.890 31473 31530 I Unity   : TargetRing2D:Start () (at C:/Games/UnityProject/OrbitDrop3D/Assets/Scripts/Gameplay/TargetRing2D.cs:23)
06-02 15:53:46.890 31473 31530 I Unity   : 
06-02 15:53:46.890 31473 31530 I Unity   : (Filename: /home/bokke
06-02 15:53:46.890 31473 31530 I Unity   : [TargetRing2D] 'TargetRing2D(Clone)' (path=LevelManager/TargetRing2D(Clone)) spawned | tag=Untagged layer=Default col_enabled=True isTrigger=True radius=1.8
06-02 15:53:46.890 31473 31530 I Unity   : UnityEngine.Debug:ExtractStackTraceNoAlloc (byte*,int,string)
06-02 15:53:46.890 31473 31530 I Unity   : UnityEngine.StackTraceUtility:ExtractStackTrace () (at /home/bokken/build/output/unity/unity/Runtime/Export/Scripting/StackTrace.cs:35)
06-02 15:53:46.890 31473 31530 I Unity   : UnityEngine.DebugLogHandler:Internal_Log (UnityEngine.LogType,UnityEngine.LogOption,string,UnityEngine.Object)
06-02 15:53:46.890 31473 31530 I Unity   : UnityEngine.DebugLogHandler:LogFormat (UnityEngine.LogType,UnityEngine.Object,string,object[]) (at /home/bokken/build/output/unity/unity/Runtime/Export/Logging/DebugLogHandler.cs:9)
06-02 15:53:46.890 31473 31530 I Unity   : UnityEngine.Logger:Log (UnityEngine.LogType,object) (at /home/bokken/build/output/unity/unity/Runtime/Export/Logging/Logger.cs:60)
06-02 15:53:46.890 31473 31530 I Unity   : UnityEngine.Debug:Log (object) (at /home/bokken/build/output/unity/unity/Runtime/Export/Debug/Debug.bindings.cs:123)
06-02 15:53:46.890 31473 31530 I Unity   : TargetRing2D:Start () (at C:/Games/UnityProject/OrbitDrop3D/Assets/Scripts/Gameplay/TargetRing2D.cs:23)
06-02 15:53:46.890 31473 31530 I Unity   : 
06-02 15:53:46.890 31473 31530 I Unity   : (Filename: /home/bokke
06-02 15:53:46.891 31473 31530 I Unity   : [TargetRing2D] 'TargetRing2D(Clone)' (path=LevelManager/TargetRing2D(Clone)) spawned | tag=Untagged layer=Default col_enabled=True isTrigger=True radius=1.8
06-02 15:53:46.891 31473 31530 I Unity   : UnityEngine.Debug:ExtractStackTraceNoAlloc (byte*,int,string)
06-02 15:53:46.891 31473 31530 I Unity   : UnityEngine.StackTraceUtility:ExtractStackTrace () (at /home/bokken/build/output/unity/unity/Runtime/Export/Scripting/StackTrace.cs:35)
06-02 15:53:46.891 31473 31530 I Unity   : UnityEngine.DebugLogHandler:Internal_Log (UnityEngine.LogType,UnityEngine.LogOption,string,UnityEngine.Object)
06-02 15:53:46.891 31473 31530 I Unity   : UnityEngine.DebugLogHandler:LogFormat (UnityEngine.LogType,UnityEngine.Object,string,object[]) (at /home/bokken/build/output/unity/unity/Runtime/Export/Logging/DebugLogHandler.cs:9)
06-02 15:53:46.891 31473 31530 I Unity   : UnityEngine.Logger:Log (UnityEngine.LogType,object) (at /home/bokken/build/output/unity/unity/Runtime/Export/Logging/Logger.cs:60)
06-02 15:53:46.891 31473 31530 I Unity   : UnityEngine.Debug:Log (object) (at /home/bokken/build/output/unity/unity/Runtime/Export/Debug/Debug.bindings.cs:123)
06-02 15:53:46.891 31473 31530 I Unity   : TargetRing2D:Start () (at C:/Games/UnityProject/OrbitDrop3D/Assets/Scripts/Gameplay/TargetRing2D.cs:23)
06-02 15:53:46.891 31473 31530 I Unity   : 
06-02 15:53:46.891 31473 31530 I Unity   : (Filename: /home/bokke
06-02 15:53:46.891 31473 31530 I Unity   : [TargetRing2D] 'TargetRing2D(Clone)' (path=LevelManager/TargetRing2D(Clone)) spawned | tag=Untagged layer=Default col_enabled=True isTrigger=True radius=1.8
06-02 15:53:46.891 31473 31530 I Unity   : UnityEngine.Debug:ExtractStackTraceNoAlloc (byte*,int,string)
06-02 15:53:46.891 31473 31530 I Unity   : UnityEngine.StackTraceUtility:ExtractStackTrace () (at /home/bokken/build/output/unity/unity/Runtime/Export/Scripting/StackTrace.cs:35)
06-02 15:53:46.891 31473 31530 I Unity   : UnityEngine.DebugLogHandler:Internal_Log (UnityEngine.LogType,UnityEngine.LogOption,string,UnityEngine.Object)
06-02 15:53:46.891 31473 31530 I Unity   : UnityEngine.DebugLogHandler:LogFormat (UnityEngine.LogType,UnityEngine.Object,string,object[]) (at /home/bokken/build/output/unity/unity/Runtime/Export/Logging/DebugLogHandler.cs:9)
06-02 15:53:46.891 31473 31530 I Unity   : UnityEngine.Logger:Log (UnityEngine.LogType,object) (at /home/bokken/build/output/unity/unity/Runtime/Export/Logging/Logger.cs:60)
06-02 15:53:46.891 31473 31530 I Unity   : UnityEngine.Debug:Log (object) (at /home/bokken/build/output/unity/unity/Runtime/Export/Debug/Debug.bindings.cs:123)
06-02 15:53:46.891 31473 31530 I Unity   : TargetRing2D:Start () (at C:/Games/UnityProject/OrbitDrop3D/Assets/Scripts/Gameplay/TargetRing2D.cs:23)
06-02 15:53:46.891 31473 31530 I Unity   : 
06-02 15:53:46.891 31473 31530 I Unity   : (Filename: /home/bokke
06-02 15:53:46.892 31473 31530 I Unity   : [TargetRing2D] 'TargetRing2D(Clone)' (path=LevelManager/TargetRing2D(Clone)) spawned | tag=Untagged layer=Default col_enabled=True isTrigger=True radius=1.8
06-02 15:53:46.892 31473 31530 I Unity   : UnityEngine.Debug:ExtractStackTraceNoAlloc (byte*,int,string)
06-02 15:53:46.892 31473 31530 I Unity   : UnityEngine.StackTraceUtility:ExtractStackTrace () (at /home/bokken/build/output/unity/unity/Runtime/Export/Scripting/StackTrace.cs:35)
06-02 15:53:46.892 31473 31530 I Unity   : UnityEngine.DebugLogHandler:Internal_Log (UnityEngine.LogType,UnityEngine.LogOption,string,UnityEngine.Object)
06-02 15:53:46.892 31473 31530 I Unity   : UnityEngine.DebugLogHandler:LogFormat (UnityEngine.LogType,UnityEngine.Object,string,object[]) (at /home/bokken/build/output/unity/unity/Runtime/Export/Logging/DebugLogHandler.cs:9)
06-02 15:53:46.892 31473 31530 I Unity   : UnityEngine.Logger:Log (UnityEngine.LogType,object) (at /home/bokken/build/output/unity/unity/Runtime/Export/Logging/Logger.cs:60)
06-02 15:53:46.892 31473 31530 I Unity   : UnityEngine.Debug:Log (object) (at /home/bokken/build/output/unity/unity/Runtime/Export/Debug/Debug.bindings.cs:123)
06-02 15:53:46.892 31473 31530 I Unity   : TargetRing2D:Start () (at C:/Games/UnityProject/OrbitDrop3D/Assets/Scripts/Gameplay/TargetRing2D.cs:23)
06-02 15:53:46.892 31473 31530 I Unity   : 
06-02 15:53:46.892 31473 31530 I Unity   : (Filename: /home/bokke
06-02 15:53:48.138 31473 31530 I Unity   : Life lost! Remaining: 2
06-02 15:53:48.138 31473 31530 I Unity   : UnityEngine.Debug:ExtractStackTraceNoAlloc (byte*,int,string)
06-02 15:53:48.138 31473 31530 I Unity   : UnityEngine.StackTraceUtility:ExtractStackTrace () (at /home/bokken/build/output/unity/unity/Runtime/Export/Scripting/StackTrace.cs:35)
06-02 15:53:48.138 31473 31530 I Unity   : UnityEngine.DebugLogHandler:Internal_Log (UnityEngine.LogType,UnityEngine.LogOption,string,UnityEngine.Object)
06-02 15:53:48.138 31473 31530 I Unity   : UnityEngine.DebugLogHandler:LogFormat (UnityEngine.LogType,UnityEngine.Object,string,object[]) (at /home/bokken/build/output/unity/unity/Runtime/Export/Logging/DebugLogHandler.cs:9)
06-02 15:53:48.138 31473 31530 I Unity   : UnityEngine.Logger:Log (UnityEngine.LogType,object) (at /home/bokken/build/output/unity/unity/Runtime/Export/Logging/Logger.cs:60)
06-02 15:53:48.138 31473 31530 I Unity   : UnityEngine.Debug:Log (object) (at /home/bokken/build/output/unity/unity/Runtime/Export/Debug/Debug.bindings.cs:123)
06-02 15:53:48.138 31473 31530 I Unity   : GameManager:LoseLife () (at C:/Games/UnityProject/OrbitDrop3D/Assets/Scripts/Core/GameManager.cs:125)
06-02 15:53:48.138 31473 31530 I Unity   : OrbiterBall2D:Update () (at C:/Games/UnityProject/OrbitDrop3D/Assets/Scripts/Gameplay/OrbiterBall2D.cs:75)
06-02 15:53:48.138 31473 31530 I Unity   : 
06-02 15:53:48.138 31473 31530 I Unity   : (Filename: /home/bokken/build/output/unity/unity/R
06-02 15:53:48.139 31473 31530 I Unity   : Heart updated instantly — lives: 2
06-02 15:53:48.139 31473 31530 I Unity   : UnityEngine.Debug:ExtractStackTraceNoAlloc (byte*,int,string)
06-02 15:53:48.139 31473 31530 I Unity   : UnityEngine.StackTraceUtility:ExtractStackTrace () (at /home/bokken/build/output/unity/unity/Runtime/Export/Scripting/StackTrace.cs:35)
06-02 15:53:48.139 31473 31530 I Unity   : UnityEngine.DebugLogHandler:Internal_Log (UnityEngine.LogType,UnityEngine.LogOption,string,UnityEngine.Object)
06-02 15:53:48.139 31473 31530 I Unity   : UnityEngine.DebugLogHandler:LogFormat (UnityEngine.LogType,UnityEngine.Object,string,object[]) (at /home/bokken/build/output/unity/unity/Runtime/Export/Logging/DebugLogHandler.cs:9)
06-02 15:53:48.139 31473 31530 I Unity   : UnityEngine.Logger:Log (UnityEngine.LogType,object) (at /home/bokken/build/output/unity/unity/Runtime/Export/Logging/Logger.cs:60)
06-02 15:53:48.139 31473 31530 I Unity   : UnityEngine.Debug:Log (object) (at /home/bokken/build/output/unity/unity/Runtime/Export/Debug/Debug.bindings.cs:123)
06-02 15:53:48.139 31473 31530 I Unity   : GameHUD:OnLivesChanged (int) (at C:/Games/UnityProject/OrbitDrop3D/Assets/Scripts/UI/GameHUD.cs:101)
06-02 15:53:48.139 31473 31530 I Unity   : GameManager:LoseLife () (at C:/Games/UnityProject/OrbitDrop3D/Assets/Scripts/Core/GameManager.cs:126)
06-02 15:53:48.139 31473 31530 I Unity   : OrbiterBall2D:Update () (at C:/Games/UnityPr
06-02 15:53:48.715 31473 31530 I Unity   : [OrbiterBall] Hit: TargetRing2D(Clone)  tag=Untagged  released=True
06-02 15:53:48.715 31473 31530 I Unity   : UnityEngine.Debug:ExtractStackTraceNoAlloc (byte*,int,string)
06-02 15:53:48.715 31473 31530 I Unity   : UnityEngine.StackTraceUtility:ExtractStackTrace () (at /home/bokken/build/output/unity/unity/Runtime/Export/Scripting/StackTrace.cs:35)
06-02 15:53:48.715 31473 31530 I Unity   : UnityEngine.DebugLogHandler:Internal_Log (UnityEngine.LogType,UnityEngine.LogOption,string,UnityEngine.Object)
06-02 15:53:48.715 31473 31530 I Unity   : UnityEngine.DebugLogHandler:LogFormat (UnityEngine.LogType,UnityEngine.Object,string,object[]) (at /home/bokken/build/output/unity/unity/Runtime/Export/Logging/DebugLogHandler.cs:9)
06-02 15:53:48.715 31473 31530 I Unity   : UnityEngine.Logger:Log (UnityEngine.LogType,object) (at /home/bokken/build/output/unity/unity/Runtime/Export/Logging/Logger.cs:60)
06-02 15:53:48.715 31473 31530 I Unity   : UnityEngine.Debug:Log (object) (at /home/bokken/build/output/unity/unity/Runtime/Export/Debug/Debug.bindings.cs:123)
06-02 15:53:48.715 31473 31530 I Unity   : OrbiterBall2D:OnTriggerEnter2D (UnityEngine.Collider2D) (at C:/Games/UnityProject/OrbitDrop3D/Assets/Scripts/Gameplay/OrbiterBall2D.cs:53)
06-02 15:53:48.715 31473 31530 I Unity   : 
06-02 15:53:48.715 31473 31530 I Unity   : (Filename: /home/bokken/build/output/unity/unity/Runtime/Export/Debug/Debug.
06-02 15:53:48.716 31473 31530 I Unity   : [TargetRing2D] OnTriggerEnter2D on 'LevelManager/TargetRing2D(Clone)' | _hit=False other='OrbiterBall2D(Clone)'
06-02 15:53:48.716 31473 31530 I Unity   : UnityEngine.Debug:ExtractStackTraceNoAlloc (byte*,int,string)
06-02 15:53:48.716 31473 31530 I Unity   : UnityEngine.StackTraceUtility:ExtractStackTrace () (at /home/bokken/build/output/unity/unity/Runtime/Export/Scripting/StackTrace.cs:35)
06-02 15:53:48.716 31473 31530 I Unity   : UnityEngine.DebugLogHandler:Internal_Log (UnityEngine.LogType,UnityEngine.LogOption,string,UnityEngine.Object)
06-02 15:53:48.716 31473 31530 I Unity   : UnityEngine.DebugLogHandler:LogFormat (UnityEngine.LogType,UnityEngine.Object,string,object[]) (at /home/bokken/build/output/unity/unity/Runtime/Export/Logging/DebugLogHandler.cs:9)
06-02 15:53:48.716 31473 31530 I Unity   : UnityEngine.Logger:Log (UnityEngine.LogType,object) (at /home/bokken/build/output/unity/unity/Runtime/Export/Logging/Logger.cs:60)
06-02 15:53:48.716 31473 31530 I Unity   : UnityEngine.Debug:Log (object) (at /home/bokken/build/output/unity/unity/Runtime/Export/Debug/Debug.bindings.cs:123)
06-02 15:53:48.716 31473 31530 I Unity   : TargetRing2D:OnTriggerEnter2D (UnityEngine.Collider2D) (at C:/Games/UnityProject/OrbitDrop3D/Assets/Scripts/Gameplay/TargetRing2D.cs:88)
06-02 15:53:48.716 31473 31530 I Unity   : 
06-02 15:53:48.716 31473 31530 I Unity   : (Filename: /home/bokken/build/outp
06-02 15:53:48.716 31473 31530 I Unity   : [TargetRing2D] Ball check | ball_found=True IsReleased=True HasHit=False
06-02 15:53:48.716 31473 31530 I Unity   : UnityEngine.Debug:ExtractStackTraceNoAlloc (byte*,int,string)
06-02 15:53:48.716 31473 31530 I Unity   : UnityEngine.StackTraceUtility:ExtractStackTrace () (at /home/bokken/build/output/unity/unity/Runtime/Export/Scripting/StackTrace.cs:35)
06-02 15:53:48.716 31473 31530 I Unity   : UnityEngine.DebugLogHandler:Internal_Log (UnityEngine.LogType,UnityEngine.LogOption,string,UnityEngine.Object)
06-02 15:53:48.716 31473 31530 I Unity   : UnityEngine.DebugLogHandler:LogFormat (UnityEngine.LogType,UnityEngine.Object,string,object[]) (at /home/bokken/build/output/unity/unity/Runtime/Export/Logging/DebugLogHandler.cs:9)
06-02 15:53:48.716 31473 31530 I Unity   : UnityEngine.Logger:Log (UnityEngine.LogType,object) (at /home/bokken/build/output/unity/unity/Runtime/Export/Logging/Logger.cs:60)
06-02 15:53:48.716 31473 31530 I Unity   : UnityEngine.Debug:Log (object) (at /home/bokken/build/output/unity/unity/Runtime/Export/Debug/Debug.bindings.cs:123)
06-02 15:53:48.716 31473 31530 I Unity   : TargetRing2D:OnTriggerEnter2D (UnityEngine.Collider2D) (at C:/Games/UnityProject/OrbitDrop3D/Assets/Scripts/Gameplay/TargetRing2D.cs:91)
06-02 15:53:48.716 31473 31530 I Unity   : 
06-02 15:53:48.716 31473 31530 I Unity   : (Filename: /home/bokken/build/output/unity/unity/Runtime/Export/Debug/Deb
06-02 15:53:48.717 31473 31530 I Unity   : [TargetRing2D] HIT ACCEPTED on 'LevelManager/TargetRing2D(Clone)' — processing score/destroy
06-02 15:53:48.717 31473 31530 I Unity   : UnityEngine.Debug:ExtractStackTraceNoAlloc (byte*,int,string)
06-02 15:53:48.717 31473 31530 I Unity   : UnityEngine.StackTraceUtility:ExtractStackTrace () (at /home/bokken/build/output/unity/unity/Runtime/Export/Scripting/StackTrace.cs:35)
06-02 15:53:48.717 31473 31530 I Unity   : UnityEngine.DebugLogHandler:Internal_Log (UnityEngine.LogType,UnityEngine.LogOption,string,UnityEngine.Object)
06-02 15:53:48.717 31473 31530 I Unity   : UnityEngine.DebugLogHandler:LogFormat (UnityEngine.LogType,UnityEngine.Object,string,object[]) (at /home/bokken/build/output/unity/unity/Runtime/Export/Logging/DebugLogHandler.cs:9)
06-02 15:53:48.717 31473 31530 I Unity   : UnityEngine.Logger:Log (UnityEngine.LogType,object) (at /home/bokken/build/output/unity/unity/Runtime/Export/Logging/Logger.cs:60)
06-02 15:53:48.717 31473 31530 I Unity   : UnityEngine.Debug:Log (object) (at /home/bokken/build/output/unity/unity/Runtime/Export/Debug/Debug.bindings.cs:123)
06-02 15:53:48.717 31473 31530 I Unity   : TargetRing2D:OnTriggerEnter2D (UnityEngine.Collider2D) (at C:/Games/UnityProject/OrbitDrop3D/Assets/Scripts/Gameplay/TargetRing2D.cs:94)
06-02 15:53:48.717 31473 31530 I Unity   : 
06-02 15:53:48.717 31473 31530 I Unity   : (Filename: /home/bokken/build/output/unity/unity/Ru
06-02 15:53:48.717 31473 31530 I Unity   : [ScoreManager] Hit! Combo=2  +200pts  Total=300
06-02 15:53:48.717 31473 31530 I Unity   : UnityEngine.Debug:ExtractStackTraceNoAlloc (byte*,int,string)
06-02 15:53:48.717 31473 31530 I Unity   : UnityEngine.StackTraceUtility:ExtractStackTrace () (at /home/bokken/build/output/unity/unity/Runtime/Export/Scripting/StackTrace.cs:35)
06-02 15:53:48.717 31473 31530 I Unity   : UnityEngine.DebugLogHandler:Internal_Log (UnityEngine.LogType,UnityEngine.LogOption,string,UnityEngine.Object)
06-02 15:53:48.717 31473 31530 I Unity   : UnityEngine.DebugLogHandler:LogFormat (UnityEngine.LogType,UnityEngine.Object,string,object[]) (at /home/bokken/build/output/unity/unity/Runtime/Export/Logging/DebugLogHandler.cs:9)
06-02 15:53:48.717 31473 31530 I Unity   : UnityEngine.Logger:Log (UnityEngine.LogType,object) (at /home/bokken/build/output/unity/unity/Runtime/Export/Logging/Logger.cs:60)
06-02 15:53:48.717 31473 31530 I Unity   : UnityEngine.Debug:Log (object) (at /home/bokken/build/output/unity/unity/Runtime/Export/Debug/Debug.bindings.cs:123)
06-02 15:53:48.717 31473 31530 I Unity   : ScoreManager:RegisterHit () (at C:/Games/UnityProject/OrbitDrop3D/Assets/Scripts/Core/ScoreManager.cs:65)
06-02 15:53:48.717 31473 31530 I Unity   : TargetRing2D:OnTriggerEnter2D (UnityEngine.Collider2D) (at C:/Games/UnityProject/OrbitDrop3D/Assets/Scripts/Gameplay/TargetRing2D.
06-02 15:53:48.718 31473 31530 I Unity   : Explosion spawned at: (1.66, -3.09, 0.00)
06-02 15:53:48.718 31473 31530 I Unity   : UnityEngine.Debug:ExtractStackTraceNoAlloc (byte*,int,string)
06-02 15:53:48.718 31473 31530 I Unity   : UnityEngine.StackTraceUtility:ExtractStackTrace () (at /home/bokken/build/output/unity/unity/Runtime/Export/Scripting/StackTrace.cs:35)
06-02 15:53:48.718 31473 31530 I Unity   : UnityEngine.DebugLogHandler:Internal_Log (UnityEngine.LogType,UnityEngine.LogOption,string,UnityEngine.Object)
06-02 15:53:48.718 31473 31530 I Unity   : UnityEngine.DebugLogHandler:LogFormat (UnityEngine.LogType,UnityEngine.Object,string,object[]) (at /home/bokken/build/output/unity/unity/Runtime/Export/Logging/DebugLogHandler.cs:9)
06-02 15:53:48.718 31473 31530 I Unity   : UnityEngine.Logger:Log (UnityEngine.LogType,object) (at /home/bokken/build/output/unity/unity/Runtime/Export/Logging/Logger.cs:60)
06-02 15:53:48.718 31473 31530 I Unity   : UnityEngine.Debug:Log (object) (at /home/bokken/build/output/unity/unity/Runtime/Export/Debug/Debug.bindings.cs:123)
06-02 15:53:48.718 31473 31530 I Unity   : CFXRExplosionManager:SpawnExplosion (UnityEngine.Vector3) (at C:/Games/UnityProject/OrbitDrop3D/Assets/Scripts/Utils/CFXRExplosionManager.cs:45)
06-02 15:53:48.718 31473 31530 I Unity   : ParticleManager:SpawnHitBurst (UnityEngine.Vector3) (at C:/Games/UnityProject/OrbitDrop3D/Assets/
06-02 15:53:50.537 31473 31530 I Unity   : Life lost! Remaining: 1
06-02 15:53:50.537 31473 31530 I Unity   : UnityEngine.Debug:ExtractStackTraceNoAlloc (byte*,int,string)
06-02 15:53:50.537 31473 31530 I Unity   : UnityEngine.StackTraceUtility:ExtractStackTrace () (at /home/bokken/build/output/unity/unity/Runtime/Export/Scripting/StackTrace.cs:35)
06-02 15:53:50.537 31473 31530 I Unity   : UnityEngine.DebugLogHandler:Internal_Log (UnityEngine.LogType,UnityEngine.LogOption,string,UnityEngine.Object)
06-02 15:53:50.537 31473 31530 I Unity   : UnityEngine.DebugLogHandler:LogFormat (UnityEngine.LogType,UnityEngine.Object,string,object[]) (at /home/bokken/build/output/unity/unity/Runtime/Export/Logging/DebugLogHandler.cs:9)
06-02 15:53:50.537 31473 31530 I Unity   : UnityEngine.Logger:Log (UnityEngine.LogType,object) (at /home/bokken/build/output/unity/unity/Runtime/Export/Logging/Logger.cs:60)
06-02 15:53:50.537 31473 31530 I Unity   : UnityEngine.Debug:Log (object) (at /home/bokken/build/output/unity/unity/Runtime/Export/Debug/Debug.bindings.cs:123)
06-02 15:53:50.537 31473 31530 I Unity   : GameManager:LoseLife () (at C:/Games/UnityProject/OrbitDrop3D/Assets/Scripts/Core/GameManager.cs:125)
06-02 15:53:50.537 31473 31530 I Unity   : OrbiterBall2D:Update () (at C:/Games/UnityProject/OrbitDrop3D/Assets/Scripts/Gameplay/OrbiterBall2D.cs:75)
06-02 15:53:50.537 31473 31530 I Unity   : 
06-02 15:53:50.537 31473 31530 I Unity   : (Filename: /home/bokken/build/output/unity/unity/R
06-02 15:53:50.538 31473 31530 I Unity   : Heart updated instantly — lives: 1
06-02 15:53:50.538 31473 31530 I Unity   : UnityEngine.Debug:ExtractStackTraceNoAlloc (byte*,int,string)
06-02 15:53:50.538 31473 31530 I Unity   : UnityEngine.StackTraceUtility:ExtractStackTrace () (at /home/bokken/build/output/unity/unity/Runtime/Export/Scripting/StackTrace.cs:35)
06-02 15:53:50.538 31473 31530 I Unity   : UnityEngine.DebugLogHandler:Internal_Log (UnityEngine.LogType,UnityEngine.LogOption,string,UnityEngine.Object)
06-02 15:53:50.538 31473 31530 I Unity   : UnityEngine.DebugLogHandler:LogFormat (UnityEngine.LogType,UnityEngine.Object,string,object[]) (at /home/bokken/build/output/unity/unity/Runtime/Export/Logging/DebugLogHandler.cs:9)
06-02 15:53:50.538 31473 31530 I Unity   : UnityEngine.Logger:Log (UnityEngine.LogType,object) (at /home/bokken/build/output/unity/unity/Runtime/Export/Logging/Logger.cs:60)
06-02 15:53:50.538 31473 31530 I Unity   : UnityEngine.Debug:Log (object) (at /home/bokken/build/output/unity/unity/Runtime/Export/Debug/Debug.bindings.cs:123)
06-02 15:53:50.538 31473 31530 I Unity   : GameHUD:OnLivesChanged (int) (at C:/Games/UnityProject/OrbitDrop3D/Assets/Scripts/UI/GameHUD.cs:101)
06-02 15:53:50.538 31473 31530 I Unity   : GameManager:LoseLife () (at C:/Games/UnityProject/OrbitDrop3D/Assets/Scripts/Core/GameManager.cs:126)
06-02 15:53:50.538 31473 31530 I Unity   : OrbiterBall2D:Update () (at C:/Games/UnityPr
06-02 15:53:52.092 31473 31530 I Unity   : [OrbiterBall] Hit: TargetRing2D(Clone)  tag=Untagged  released=True
06-02 15:53:52.092 31473 31530 I Unity   : UnityEngine.Debug:ExtractStackTraceNoAlloc (byte*,int,string)
06-02 15:53:52.092 31473 31530 I Unity   : UnityEngine.StackTraceUtility:ExtractStackTrace () (at /home/bokken/build/output/unity/unity/Runtime/Export/Scripting/StackTrace.cs:35)
06-02 15:53:52.092 31473 31530 I Unity   : UnityEngine.DebugLogHandler:Internal_Log (UnityEngine.LogType,UnityEngine.LogOption,string,UnityEngine.Object)
06-02 15:53:52.092 31473 31530 I Unity   : UnityEngine.DebugLogHandler:LogFormat (UnityEngine.LogType,UnityEngine.Object,string,object[]) (at /home/bokken/build/output/unity/unity/Runtime/Export/Logging/DebugLogHandler.cs:9)
06-02 15:53:52.092 31473 31530 I Unity   : UnityEngine.Logger:Log (UnityEngine.LogType,object) (at /home/bokken/build/output/unity/unity/Runtime/Export/Logging/Logger.cs:60)
06-02 15:53:52.092 31473 31530 I Unity   : UnityEngine.Debug:Log (object) (at /home/bokken/build/output/unity/unity/Runtime/Export/Debug/Debug.bindings.cs:123)
06-02 15:53:52.092 31473 31530 I Unity   : OrbiterBall2D:OnTriggerEnter2D (UnityEngine.Collider2D) (at C:/Games/UnityProject/OrbitDrop3D/Assets/Scripts/Gameplay/OrbiterBall2D.cs:53)
06-02 15:53:52.092 31473 31530 I Unity   : 
06-02 15:53:52.092 31473 31530 I Unity   : (Filename: /home/bokken/build/output/unity/unity/Runtime/Export/Debug/Debug.
06-02 15:53:52.092 31473 31530 I Unity   : [TargetRing2D] OnTriggerEnter2D on 'LevelManager/TargetRing2D(Clone)' | _hit=False other='OrbiterBall2D(Clone)'
06-02 15:53:52.092 31473 31530 I Unity   : UnityEngine.Debug:ExtractStackTraceNoAlloc (byte*,int,string)
06-02 15:53:52.092 31473 31530 I Unity   : UnityEngine.StackTraceUtility:ExtractStackTrace () (at /home/bokken/build/output/unity/unity/Runtime/Export/Scripting/StackTrace.cs:35)
06-02 15:53:52.092 31473 31530 I Unity   : UnityEngine.DebugLogHandler:Internal_Log (UnityEngine.LogType,UnityEngine.LogOption,string,UnityEngine.Object)
06-02 15:53:52.092 31473 31530 I Unity   : UnityEngine.DebugLogHandler:LogFormat (UnityEngine.LogType,UnityEngine.Object,string,object[]) (at /home/bokken/build/output/unity/unity/Runtime/Export/Logging/DebugLogHandler.cs:9)
06-02 15:53:52.092 31473 31530 I Unity   : UnityEngine.Logger:Log (UnityEngine.LogType,object) (at /home/bokken/build/output/unity/unity/Runtime/Export/Logging/Logger.cs:60)
06-02 15:53:52.092 31473 31530 I Unity   : UnityEngine.Debug:Log (object) (at /home/bokken/build/output/unity/unity/Runtime/Export/Debug/Debug.bindings.cs:123)
06-02 15:53:52.092 31473 31530 I Unity   : TargetRing2D:OnTriggerEnter2D (UnityEngine.Collider2D) (at C:/Games/UnityProject/OrbitDrop3D/Assets/Scripts/Gameplay/TargetRing2D.cs:88)
06-02 15:53:52.092 31473 31530 I Unity   : 
06-02 15:53:52.092 31473 31530 I Unity   : (Filename: /home/bokken/build/outp
06-02 15:53:52.093 31473 31530 I Unity   : [TargetRing2D] Ball check | ball_found=True IsReleased=True HasHit=False
06-02 15:53:52.093 31473 31530 I Unity   : UnityEngine.Debug:ExtractStackTraceNoAlloc (byte*,int,string)
06-02 15:53:52.093 31473 31530 I Unity   : UnityEngine.StackTraceUtility:ExtractStackTrace () (at /home/bokken/build/output/unity/unity/Runtime/Export/Scripting/StackTrace.cs:35)
06-02 15:53:52.093 31473 31530 I Unity   : UnityEngine.DebugLogHandler:Internal_Log (UnityEngine.LogType,UnityEngine.LogOption,string,UnityEngine.Object)
06-02 15:53:52.093 31473 31530 I Unity   : UnityEngine.DebugLogHandler:LogFormat (UnityEngine.LogType,UnityEngine.Object,string,object[]) (at /home/bokken/build/output/unity/unity/Runtime/Export/Logging/DebugLogHandler.cs:9)
06-02 15:53:52.093 31473 31530 I Unity   : UnityEngine.Logger:Log (UnityEngine.LogType,object) (at /home/bokken/build/output/unity/unity/Runtime/Export/Logging/Logger.cs:60)
06-02 15:53:52.093 31473 31530 I Unity   : UnityEngine.Debug:Log (object) (at /home/bokken/build/output/unity/unity/Runtime/Export/Debug/Debug.bindings.cs:123)
06-02 15:53:52.093 31473 31530 I Unity   : TargetRing2D:OnTriggerEnter2D (UnityEngine.Collider2D) (at C:/Games/UnityProject/OrbitDrop3D/Assets/Scripts/Gameplay/TargetRing2D.cs:91)
06-02 15:53:52.093 31473 31530 I Unity   : 
06-02 15:53:52.093 31473 31530 I Unity   : (Filename: /home/bokken/build/output/unity/unity/Runtime/Export/Debug/Deb
06-02 15:53:52.093 31473 31530 I Unity   : [TargetRing2D] HIT ACCEPTED on 'LevelManager/TargetRing2D(Clone)' — processing score/destroy
06-02 15:53:52.093 31473 31530 I Unity   : UnityEngine.Debug:ExtractStackTraceNoAlloc (byte*,int,string)
06-02 15:53:52.093 31473 31530 I Unity   : UnityEngine.StackTraceUtility:ExtractStackTrace () (at /home/bokken/build/output/unity/unity/Runtime/Export/Scripting/StackTrace.cs:35)
06-02 15:53:52.093 31473 31530 I Unity   : UnityEngine.DebugLogHandler:Internal_Log (UnityEngine.LogType,UnityEngine.LogOption,string,UnityEngine.Object)
06-02 15:53:52.093 31473 31530 I Unity   : UnityEngine.DebugLogHandler:LogFormat (UnityEngine.LogType,UnityEngine.Object,string,object[]) (at /home/bokken/build/output/unity/unity/Runtime/Export/Logging/DebugLogHandler.cs:9)
06-02 15:53:52.093 31473 31530 I Unity   : UnityEngine.Logger:Log (UnityEngine.LogType,object) (at /home/bokken/build/output/unity/unity/Runtime/Export/Logging/Logger.cs:60)
06-02 15:53:52.093 31473 31530 I Unity   : UnityEngine.Debug:Log (object) (at /home/bokken/build/output/unity/unity/Runtime/Export/Debug/Debug.bindings.cs:123)
06-02 15:53:52.093 31473 31530 I Unity   : TargetRing2D:OnTriggerEnter2D (UnityEngine.Collider2D) (at C:/Games/UnityProject/OrbitDrop3D/Assets/Scripts/Gameplay/TargetRing2D.cs:94)
06-02 15:53:52.093 31473 31530 I Unity   : 
06-02 15:53:52.093 31473 31530 I Unity   : (Filename: /home/bokken/build/output/unity/unity/Ru
06-02 15:53:52.094 31473 31530 I Unity   : [ScoreManager] Hit! Combo=3  +300pts  Total=600
06-02 15:53:52.094 31473 31530 I Unity   : UnityEngine.Debug:ExtractStackTraceNoAlloc (byte*,int,string)
06-02 15:53:52.094 31473 31530 I Unity   : UnityEngine.StackTraceUtility:ExtractStackTrace () (at /home/bokken/build/output/unity/unity/Runtime/Export/Scripting/StackTrace.cs:35)
06-02 15:53:52.094 31473 31530 I Unity   : UnityEngine.DebugLogHandler:Internal_Log (UnityEngine.LogType,UnityEngine.LogOption,string,UnityEngine.Object)
06-02 15:53:52.094 31473 31530 I Unity   : UnityEngine.DebugLogHandler:LogFormat (UnityEngine.LogType,UnityEngine.Object,string,object[]) (at /home/bokken/build/output/unity/unity/Runtime/Export/Logging/DebugLogHandler.cs:9)
06-02 15:53:52.094 31473 31530 I Unity   : UnityEngine.Logger:Log (UnityEngine.LogType,object) (at /home/bokken/build/output/unity/unity/Runtime/Export/Logging/Logger.cs:60)
06-02 15:53:52.094 31473 31530 I Unity   : UnityEngine.Debug:Log (object) (at /home/bokken/build/output/unity/unity/Runtime/Export/Debug/Debug.bindings.cs:123)
06-02 15:53:52.094 31473 31530 I Unity   : ScoreManager:RegisterHit () (at C:/Games/UnityProject/OrbitDrop3D/Assets/Scripts/Core/ScoreManager.cs:65)
06-02 15:53:52.094 31473 31530 I Unity   : TargetRing2D:OnTriggerEnter2D (UnityEngine.Collider2D) (at C:/Games/UnityProject/OrbitDrop3D/Assets/Scripts/Gameplay/TargetRing2D.
06-02 15:53:52.095 31473 31530 I Unity   : Explosion spawned at: (1.34, 3.06, 0.00)
06-02 15:53:52.095 31473 31530 I Unity   : UnityEngine.Debug:ExtractStackTraceNoAlloc (byte*,int,string)
06-02 15:53:52.095 31473 31530 I Unity   : UnityEngine.StackTraceUtility:ExtractStackTrace () (at /home/bokken/build/output/unity/unity/Runtime/Export/Scripting/StackTrace.cs:35)
06-02 15:53:52.095 31473 31530 I Unity   : UnityEngine.DebugLogHandler:Internal_Log (UnityEngine.LogType,UnityEngine.LogOption,string,UnityEngine.Object)
06-02 15:53:52.095 31473 31530 I Unity   : UnityEngine.DebugLogHandler:LogFormat (UnityEngine.LogType,UnityEngine.Object,string,object[]) (at /home/bokken/build/output/unity/unity/Runtime/Export/Logging/DebugLogHandler.cs:9)
06-02 15:53:52.095 31473 31530 I Unity   : UnityEngine.Logger:Log (UnityEngine.LogType,object) (at /home/bokken/build/output/unity/unity/Runtime/Export/Logging/Logger.cs:60)
06-02 15:53:52.095 31473 31530 I Unity   : UnityEngine.Debug:Log (object) (at /home/bokken/build/output/unity/unity/Runtime/Export/Debug/Debug.bindings.cs:123)
06-02 15:53:52.095 31473 31530 I Unity   : CFXRExplosionManager:SpawnExplosion (UnityEngine.Vector3) (at C:/Games/UnityProject/OrbitDrop3D/Assets/Scripts/Utils/CFXRExplosionManager.cs:45)
06-02 15:53:52.095 31473 31530 I Unity   : ParticleManager:SpawnHitBurst (UnityEngine.Vector3) (at C:/Games/UnityProject/OrbitDrop3D/Assets/S
06-02 15:53:54.025 31473 31530 I Unity   : Life lost! Remaining: 0
06-02 15:53:54.025 31473 31530 I Unity   : UnityEngine.Debug:ExtractStackTraceNoAlloc (byte*,int,string)
06-02 15:53:54.025 31473 31530 I Unity   : UnityEngine.StackTraceUtility:ExtractStackTrace () (at /home/bokken/build/output/unity/unity/Runtime/Export/Scripting/StackTrace.cs:35)
06-02 15:53:54.025 31473 31530 I Unity   : UnityEngine.DebugLogHandler:Internal_Log (UnityEngine.LogType,UnityEngine.LogOption,string,UnityEngine.Object)
06-02 15:53:54.025 31473 31530 I Unity   : UnityEngine.DebugLogHandler:LogFormat (UnityEngine.LogType,UnityEngine.Object,string,object[]) (at /home/bokken/build/output/unity/unity/Runtime/Export/Logging/DebugLogHandler.cs:9)
06-02 15:53:54.025 31473 31530 I Unity   : UnityEngine.Logger:Log (UnityEngine.LogType,object) (at /home/bokken/build/output/unity/unity/Runtime/Export/Logging/Logger.cs:60)
06-02 15:53:54.025 31473 31530 I Unity   : UnityEngine.Debug:Log (object) (at /home/bokken/build/output/unity/unity/Runtime/Export/Debug/Debug.bindings.cs:123)
06-02 15:53:54.025 31473 31530 I Unity   : GameManager:LoseLife () (at C:/Games/UnityProject/OrbitDrop3D/Assets/Scripts/Core/GameManager.cs:125)
06-02 15:53:54.025 31473 31530 I Unity   : OrbiterBall2D:Update () (at C:/Games/UnityProject/OrbitDrop3D/Assets/Scripts/Gameplay/OrbiterBall2D.cs:75)
06-02 15:53:54.025 31473 31530 I Unity   : 
06-02 15:53:54.025 31473 31530 I Unity   : (Filename: /home/bokken/build/output/unity/unity/R
06-02 15:53:54.025 31473 31530 I Unity   : Heart updated instantly — lives: 0
06-02 15:53:54.025 31473 31530 I Unity   : UnityEngine.Debug:ExtractStackTraceNoAlloc (byte*,int,string)
06-02 15:53:54.025 31473 31530 I Unity   : UnityEngine.StackTraceUtility:ExtractStackTrace () (at /home/bokken/build/output/unity/unity/Runtime/Export/Scripting/StackTrace.cs:35)
06-02 15:53:54.025 31473 31530 I Unity   : UnityEngine.DebugLogHandler:Internal_Log (UnityEngine.LogType,UnityEngine.LogOption,string,UnityEngine.Object)
06-02 15:53:54.025 31473 31530 I Unity   : UnityEngine.DebugLogHandler:LogFormat (UnityEngine.LogType,UnityEngine.Object,string,object[]) (at /home/bokken/build/output/unity/unity/Runtime/Export/Logging/DebugLogHandler.cs:9)
06-02 15:53:54.025 31473 31530 I Unity   : UnityEngine.Logger:Log (UnityEngine.LogType,object) (at /home/bokken/build/output/unity/unity/Runtime/Export/Logging/Logger.cs:60)
06-02 15:53:54.025 31473 31530 I Unity   : UnityEngine.Debug:Log (object) (at /home/bokken/build/output/unity/unity/Runtime/Export/Debug/Debug.bindings.cs:123)
06-02 15:53:54.025 31473 31530 I Unity   : GameHUD:OnLivesChanged (int) (at C:/Games/UnityProject/OrbitDrop3D/Assets/Scripts/UI/GameHUD.cs:101)
06-02 15:53:54.025 31473 31530 I Unity   : GameManager:LoseLife () (at C:/Games/UnityProject/OrbitDrop3D/Assets/Scripts/Core/GameManager.cs:126)
06-02 15:53:54.025 31473 31530 I Unity   : OrbiterBall2D:Update () (at C:/Games/UnityPr
06-02 15:53:54.026 31473 31530 I Unity   : GAME OVER - instant!
06-02 15:53:54.026 31473 31530 I Unity   : UnityEngine.Debug:ExtractStackTraceNoAlloc (byte*,int,string)
06-02 15:53:54.026 31473 31530 I Unity   : UnityEngine.StackTraceUtility:ExtractStackTrace () (at /home/bokken/build/output/unity/unity/Runtime/Export/Scripting/StackTrace.cs:35)
06-02 15:53:54.026 31473 31530 I Unity   : UnityEngine.DebugLogHandler:Internal_Log (UnityEngine.LogType,UnityEngine.LogOption,string,UnityEngine.Object)
06-02 15:53:54.026 31473 31530 I Unity   : UnityEngine.DebugLogHandler:LogFormat (UnityEngine.LogType,UnityEngine.Object,string,object[]) (at /home/bokken/build/output/unity/unity/Runtime/Export/Logging/DebugLogHandler.cs:9)
06-02 15:53:54.026 31473 31530 I Unity   : UnityEngine.Logger:Log (UnityEngine.LogType,object) (at /home/bokken/build/output/unity/unity/Runtime/Export/Logging/Logger.cs:60)
06-02 15:53:54.026 31473 31530 I Unity   : UnityEngine.Debug:Log (object) (at /home/bokken/build/output/unity/unity/Runtime/Export/Debug/Debug.bindings.cs:123)
06-02 15:53:54.026 31473 31530 I Unity   : GameManager:LoseLife () (at C:/Games/UnityProject/OrbitDrop3D/Assets/Scripts/Core/GameManager.cs:130)
06-02 15:53:54.026 31473 31530 I Unity   : OrbiterBall2D:Update () (at C:/Games/UnityProject/OrbitDrop3D/Assets/Scripts/Gameplay/OrbiterBall2D.cs:75)
06-02 15:53:54.026 31473 31530 I Unity   : 
06-02 15:53:54.026 31473 31530 I Unity   : (Filename: /home/bokken/build/output/unity/unity/Runt
06-02 15:53:54.026 31473 31530 I Unity   : [GameManager] State -> GameOver  Level=10  Lives=0
06-02 15:53:54.026 31473 31530 I Unity   : UnityEngine.Debug:ExtractStackTraceNoAlloc (byte*,int,string)
06-02 15:53:54.026 31473 31530 I Unity   : UnityEngine.StackTraceUtility:ExtractStackTrace () (at /home/bokken/build/output/unity/unity/Runtime/Export/Scripting/StackTrace.cs:35)
06-02 15:53:54.026 31473 31530 I Unity   : UnityEngine.DebugLogHandler:Internal_Log (UnityEngine.LogType,UnityEngine.LogOption,string,UnityEngine.Object)
06-02 15:53:54.026 31473 31530 I Unity   : UnityEngine.DebugLogHandler:LogFormat (UnityEngine.LogType,UnityEngine.Object,string,object[]) (at /home/bokken/build/output/unity/unity/Runtime/Export/Logging/DebugLogHandler.cs:9)
06-02 15:53:54.026 31473 31530 I Unity   : UnityEngine.Logger:Log (UnityEngine.LogType,object) (at /home/bokken/build/output/unity/unity/Runtime/Export/Logging/Logger.cs:60)
06-02 15:53:54.026 31473 31530 I Unity   : UnityEngine.Debug:Log (object) (at /home/bokken/build/output/unity/unity/Runtime/Export/Debug/Debug.bindings.cs:123)
06-02 15:53:54.026 31473 31530 I Unity   : GameManager:SetState (GameManager/GameState) (at C:/Games/UnityProject/OrbitDrop3D/Assets/Scripts/Core/GameManager.cs:174)
06-02 15:53:54.026 31473 31530 I Unity   : GameManager:LoseLife () (at C:/Games/UnityProject/OrbitDrop3D/Assets/Scripts/Core/GameManager.cs:131)
06-02 15:53:54.026 31473 31530 I Unity   : OrbiterB
06-02 15:53:54.027 31473 31530 I Unity   : [LevelManager] State -> GameOver
06-02 15:53:54.027 31473 31530 I Unity   : UnityEngine.Debug:ExtractStackTraceNoAlloc (byte*,int,string)
06-02 15:53:54.027 31473 31530 I Unity   : UnityEngine.StackTraceUtility:ExtractStackTrace () (at /home/bokken/build/output/unity/unity/Runtime/Export/Scripting/StackTrace.cs:35)
06-02 15:53:54.027 31473 31530 I Unity   : UnityEngine.DebugLogHandler:Internal_Log (UnityEngine.LogType,UnityEngine.LogOption,string,UnityEngine.Object)
06-02 15:53:54.027 31473 31530 I Unity   : UnityEngine.DebugLogHandler:LogFormat (UnityEngine.LogType,UnityEngine.Object,string,object[]) (at /home/bokken/build/output/unity/unity/Runtime/Export/Logging/DebugLogHandler.cs:9)
06-02 15:53:54.027 31473 31530 I Unity   : UnityEngine.Logger:Log (UnityEngine.LogType,object) (at /home/bokken/build/output/unity/unity/Runtime/Export/Logging/Logger.cs:60)
06-02 15:53:54.027 31473 31530 I Unity   : UnityEngine.Debug:Log (object) (at /home/bokken/build/output/unity/unity/Runtime/Export/Debug/Debug.bindings.cs:123)
06-02 15:53:54.027 31473 31530 I Unity   : LevelManager:HandleStateChanged (GameManager/GameState) (at C:/Games/UnityProject/OrbitDrop3D/Assets/Scripts/Core/LevelManager.cs:53)
06-02 15:53:54.027 31473 31530 I Unity   : GameManager:SetState (GameManager/GameState) (at C:/Games/UnityProject/OrbitDrop3D/Assets/Scripts/Core/GameManager.cs
06-02 15:53:54.032 31473 31530 W Unity   : The character with Unicode value \U0001F3C6 was not found in the [LiberationSans SDF] font asset or any potential fallbacks. It was replaced by Unicode character \u25A1 in text object [BestScoreText].
06-02 15:53:54.032 31473 31530 W Unity   : UnityEngine.Debug:ExtractStackTraceNoAlloc (byte*,int,string)
06-02 15:53:54.032 31473 31530 W Unity   : UnityEngine.StackTraceUtility:ExtractStackTrace () (at /home/bokken/build/output/unity/unity/Runtime/Export/Scripting/StackTrace.cs:35)
06-02 15:53:54.032 31473 31530 W Unity   : UnityEngine.DebugLogHandler:Internal_Log (UnityEngine.LogType,UnityEngine.LogOption,string,UnityEngine.Object)
06-02 15:53:54.032 31473 31530 W Unity   : UnityEngine.DebugLogHandler:LogFormat (UnityEngine.LogType,UnityEngine.Object,string,object[]) (at /home/bokken/build/output/unity/unity/Runtime/Export/Logging/DebugLogHandler.cs:9)
06-02 15:53:54.032 31473 31530 W Unity   : UnityEngine.Logger:Log (UnityEngine.LogType,object,UnityEngine.Object) (at /home/bokken/build/output/unity/unity/Runtime/Export/Logging/Logger.cs:66)
06-02 15:53:54.032 31473 31530 W Unity   : UnityEngine.Debug:LogWarning (object,UnityEngine.Object) (at /home/bokken/build/output/unity/unity/Runtime/Export/Debug/Debug.bindings.cs:216)
06-02 15:53:54.032 31473 31530 W Unity   : TMPro.TextMeshProUGUI:SetArraySizes (T
06-02 15:53:54.847 31473 31530 I Unity   : Heart updated instantly — lives: 3
06-02 15:53:54.847 31473 31530 I Unity   : UnityEngine.Debug:ExtractStackTraceNoAlloc (byte*,int,string)
06-02 15:53:54.847 31473 31530 I Unity   : UnityEngine.StackTraceUtility:ExtractStackTrace () (at /home/bokken/build/output/unity/unity/Runtime/Export/Scripting/StackTrace.cs:35)
06-02 15:53:54.847 31473 31530 I Unity   : UnityEngine.DebugLogHandler:Internal_Log (UnityEngine.LogType,UnityEngine.LogOption,string,UnityEngine.Object)
06-02 15:53:54.847 31473 31530 I Unity   : UnityEngine.DebugLogHandler:LogFormat (UnityEngine.LogType,UnityEngine.Object,string,object[]) (at /home/bokken/build/output/unity/unity/Runtime/Export/Logging/DebugLogHandler.cs:9)
06-02 15:53:54.847 31473 31530 I Unity   : UnityEngine.Logger:Log (UnityEngine.LogType,object) (at /home/bokken/build/output/unity/unity/Runtime/Export/Logging/Logger.cs:60)
06-02 15:53:54.847 31473 31530 I Unity   : UnityEngine.Debug:Log (object) (at /home/bokken/build/output/unity/unity/Runtime/Export/Debug/Debug.bindings.cs:123)
06-02 15:53:54.847 31473 31530 I Unity   : GameHUD:OnLivesChanged (int) (at C:/Games/UnityProject/OrbitDrop3D/Assets/Scripts/UI/GameHUD.cs:101)
06-02 15:53:54.847 31473 31530 I Unity   : GameManager:RestartCurrentLevel () (at C:/Games/UnityProject/OrbitDrop3D/Assets/Scripts/Core/GameManager.cs:114)
06-02 15:53:54.847 31473 31530 I Unity   : GameOverUI:OnRetry () (at C:/Game
06-02 15:53:54.848 31473 31530 I Unity   : [GameManager] State -> Playing  Level=10  Lives=3
06-02 15:53:54.848 31473 31530 I Unity   : UnityEngine.Debug:ExtractStackTraceNoAlloc (byte*,int,string)
06-02 15:53:54.848 31473 31530 I Unity   : UnityEngine.StackTraceUtility:ExtractStackTrace () (at /home/bokken/build/output/unity/unity/Runtime/Export/Scripting/StackTrace.cs:35)
06-02 15:53:54.848 31473 31530 I Unity   : UnityEngine.DebugLogHandler:Internal_Log (UnityEngine.LogType,UnityEngine.LogOption,string,UnityEngine.Object)
06-02 15:53:54.848 31473 31530 I Unity   : UnityEngine.DebugLogHandler:LogFormat (UnityEngine.LogType,UnityEngine.Object,string,object[]) (at /home/bokken/build/output/unity/unity/Runtime/Export/Logging/DebugLogHandler.cs:9)
06-02 15:53:54.848 31473 31530 I Unity   : UnityEngine.Logger:Log (UnityEngine.LogType,object) (at /home/bokken/build/output/unity/unity/Runtime/Export/Logging/Logger.cs:60)
06-02 15:53:54.848 31473 31530 I Unity   : UnityEngine.Debug:Log (object) (at /home/bokken/build/output/unity/unity/Runtime/Export/Debug/Debug.bindings.cs:123)
06-02 15:53:54.848 31473 31530 I Unity   : GameManager:SetState (GameManager/GameState) (at C:/Games/UnityProject/OrbitDrop3D/Assets/Scripts/Core/GameManager.cs:174)
06-02 15:53:54.848 31473 31530 I Unity   : GameManager:RestartCurrentLevel () (at C:/Games/UnityProject/OrbitDrop3D/Assets/Scripts/Core/GameManager.cs:115
06-02 15:53:54.850 31473 31530 I Unity   : Heart updated instantly — lives: 3
06-02 15:53:54.850 31473 31530 I Unity   : UnityEngine.Debug:ExtractStackTraceNoAlloc (byte*,int,string)
06-02 15:53:54.850 31473 31530 I Unity   : UnityEngine.StackTraceUtility:ExtractStackTrace () (at /home/bokken/build/output/unity/unity/Runtime/Export/Scripting/StackTrace.cs:35)
06-02 15:53:54.850 31473 31530 I Unity   : UnityEngine.DebugLogHandler:Internal_Log (UnityEngine.LogType,UnityEngine.LogOption,string,UnityEngine.Object)
06-02 15:53:54.850 31473 31530 I Unity   : UnityEngine.DebugLogHandler:LogFormat (UnityEngine.LogType,UnityEngine.Object,string,object[]) (at /home/bokken/build/output/unity/unity/Runtime/Export/Logging/DebugLogHandler.cs:9)
06-02 15:53:54.850 31473 31530 I Unity   : UnityEngine.Logger:Log (UnityEngine.LogType,object) (at /home/bokken/build/output/unity/unity/Runtime/Export/Logging/Logger.cs:60)
06-02 15:53:54.850 31473 31530 I Unity   : UnityEngine.Debug:Log (object) (at /home/bokken/build/output/unity/unity/Runtime/Export/Debug/Debug.bindings.cs:123)
06-02 15:53:54.850 31473 31530 I Unity   : GameHUD:OnLivesChanged (int) (at C:/Games/UnityProject/OrbitDrop3D/Assets/Scripts/UI/GameHUD.cs:101)
06-02 15:53:54.850 31473 31530 I Unity   : GameHUD:Refresh () (at C:/Games/UnityProject/OrbitDrop3D/Assets/Scripts/UI/GameHUD.cs:122)
06-02 15:53:54.850 31473 31530 I Unity   : GameHUD:OnStateChanged (GameManager/GameState) (at C:/G
06-02 15:53:54.851 31473 31530 I Unity   : [LevelManager] State -> Playing
06-02 15:53:54.851 31473 31530 I Unity   : UnityEngine.Debug:ExtractStackTraceNoAlloc (byte*,int,string)
06-02 15:53:54.851 31473 31530 I Unity   : UnityEngine.StackTraceUtility:ExtractStackTrace () (at /home/bokken/build/output/unity/unity/Runtime/Export/Scripting/StackTrace.cs:35)
06-02 15:53:54.851 31473 31530 I Unity   : UnityEngine.DebugLogHandler:Internal_Log (UnityEngine.LogType,UnityEngine.LogOption,string,UnityEngine.Object)
06-02 15:53:54.851 31473 31530 I Unity   : UnityEngine.DebugLogHandler:LogFormat (UnityEngine.LogType,UnityEngine.Object,string,object[]) (at /home/bokken/build/output/unity/unity/Runtime/Export/Logging/DebugLogHandler.cs:9)
06-02 15:53:54.851 31473 31530 I Unity   : UnityEngine.Logger:Log (UnityEngine.LogType,object) (at /home/bokken/build/output/unity/unity/Runtime/Export/Logging/Logger.cs:60)
06-02 15:53:54.851 31473 31530 I Unity   : UnityEngine.Debug:Log (object) (at /home/bokken/build/output/unity/unity/Runtime/Export/Debug/Debug.bindings.cs:123)
06-02 15:53:54.851 31473 31530 I Unity   : LevelManager:HandleStateChanged (GameManager/GameState) (at C:/Games/UnityProject/OrbitDrop3D/Assets/Scripts/Core/LevelManager.cs:53)
06-02 15:53:54.851 31473 31530 I Unity   : GameManager:SetState (GameManager/GameState) (at C:/Games/UnityProject/OrbitDrop3D/Assets/Scripts/Core/GameManager.cs:
06-02 15:53:54.853 31473 31530 I Unity   : [LevelManager] LoadLevel(10)
06-02 15:53:54.853 31473 31530 I Unity   : UnityEngine.Debug:ExtractStackTraceNoAlloc (byte*,int,string)
06-02 15:53:54.853 31473 31530 I Unity   : UnityEngine.StackTraceUtility:ExtractStackTrace () (at /home/bokken/build/output/unity/unity/Runtime/Export/Scripting/StackTrace.cs:35)
06-02 15:53:54.853 31473 31530 I Unity   : UnityEngine.DebugLogHandler:Internal_Log (UnityEngine.LogType,UnityEngine.LogOption,string,UnityEngine.Object)
06-02 15:53:54.853 31473 31530 I Unity   : UnityEngine.DebugLogHandler:LogFormat (UnityEngine.LogType,UnityEngine.Object,string,object[]) (at /home/bokken/build/output/unity/unity/Runtime/Export/Logging/DebugLogHandler.cs:9)
06-02 15:53:54.853 31473 31530 I Unity   : UnityEngine.Logger:Log (UnityEngine.LogType,object) (at /home/bokken/build/output/unity/unity/Runtime/Export/Logging/Logger.cs:60)
06-02 15:53:54.853 31473 31530 I Unity   : UnityEngine.Debug:Log (object) (at /home/bokken/build/output/unity/unity/Runtime/Export/Debug/Debug.bindings.cs:123)
06-02 15:53:54.853 31473 31530 I Unity   : LevelManager:LoadLevel (int) (at C:/Games/UnityProject/OrbitDrop3D/Assets/Scripts/Core/LevelManager.cs:135)
06-02 15:53:54.853 31473 31530 I Unity   : GameManager:RestartCurrentLevel () (at C:/Games/UnityProject/OrbitDrop3D/Assets/Scripts/Core/GameManager.cs:116)
06-02 15:53:54.853 31473 31530 I Unity   : GameOverUI:OnRetry () (at C:/Games
06-02 15:53:54.854 31473 31530 I Unity   : [LevelManager] Camera  pos=(0.00,0.00)  orthoSize=6.09  aspect=0.46  |  bounds  top=6.09  bottom=-6.09  left=-2.81  right=2.81
06-02 15:53:54.854 31473 31530 I Unity   : UnityEngine.Debug:ExtractStackTraceNoAlloc (byte*,int,string)
06-02 15:53:54.854 31473 31530 I Unity   : UnityEngine.StackTraceUtility:ExtractStackTrace () (at /home/bokken/build/output/unity/unity/Runtime/Export/Scripting/StackTrace.cs:35)
06-02 15:53:54.854 31473 31530 I Unity   : UnityEngine.DebugLogHandler:Internal_Log (UnityEngine.LogType,UnityEngine.LogOption,string,UnityEngine.Object)
06-02 15:53:54.854 31473 31530 I Unity   : UnityEngine.DebugLogHandler:LogFormat (UnityEngine.LogType,UnityEngine.Object,string,object[]) (at /home/bokken/build/output/unity/unity/Runtime/Export/Logging/DebugLogHandler.cs:9)
06-02 15:53:54.854 31473 31530 I Unity   : UnityEngine.Logger:Log (UnityEngine.LogType,object) (at /home/bokken/build/output/unity/unity/Runtime/Export/Logging/Logger.cs:60)
06-02 15:53:54.854 31473 31530 I Unity   : UnityEngine.Debug:Log (object) (at /home/bokken/build/output/unity/unity/Runtime/Export/Debug/Debug.bindings.cs:123)
06-02 15:53:54.854 31473 31530 I Unity   : LevelManager:LogCameraBounds (UnityEngine.Camera) (at C:/Games/UnityProject/OrbitDrop3D/Assets/Scripts/Core/LevelManager.cs:265)
06-02 15:53:54.854 31473 31530 I Unity   : LevelManager:SpawnTargets (L
06-02 15:53:54.855 31473 31530 I Unity   : [LevelManager] TargetRing[0] spawned at (1.74, -4.48)
06-02 15:53:54.855 31473 31530 I Unity   : UnityEngine.Debug:ExtractStackTraceNoAlloc (byte*,int,string)
06-02 15:53:54.855 31473 31530 I Unity   : UnityEngine.StackTraceUtility:ExtractStackTrace () (at /home/bokken/build/output/unity/unity/Runtime/Export/Scripting/StackTrace.cs:35)
06-02 15:53:54.855 31473 31530 I Unity   : UnityEngine.DebugLogHandler:Internal_Log (UnityEngine.LogType,UnityEngine.LogOption,string,UnityEngine.Object)
06-02 15:53:54.855 31473 31530 I Unity   : UnityEngine.DebugLogHandler:LogFormat (UnityEngine.LogType,UnityEngine.Object,string,object[]) (at /home/bokken/build/output/unity/unity/Runtime/Export/Logging/DebugLogHandler.cs:9)
06-02 15:53:54.855 31473 31530 I Unity   : UnityEngine.Logger:Log (UnityEngine.LogType,object) (at /home/bokken/build/output/unity/unity/Runtime/Export/Logging/Logger.cs:60)
06-02 15:53:54.855 31473 31530 I Unity   : UnityEngine.Debug:Log (object) (at /home/bokken/build/output/unity/unity/Runtime/Export/Debug/Debug.bindings.cs:123)
06-02 15:53:54.855 31473 31530 I Unity   : LevelManager:SpawnTargets (LevelManager/LevelConfig) (at C:/Games/UnityProject/OrbitDrop3D/Assets/Scripts/Core/LevelManager.cs:254)
06-02 15:53:54.855 31473 31530 I Unity   : LevelManager:LoadLevel (int) (at C:/Games/UnityProject/OrbitDrop3D/Assets/Scripts/Core/LevelManage
06-02 15:53:54.857 31473 31530 I Unity   : [LevelManager] TargetRing[1] spawned at (-1.61, -2.58)
06-02 15:53:54.857 31473 31530 I Unity   : UnityEngine.Debug:ExtractStackTraceNoAlloc (byte*,int,string)
06-02 15:53:54.857 31473 31530 I Unity   : UnityEngine.StackTraceUtility:ExtractStackTrace () (at /home/bokken/build/output/unity/unity/Runtime/Export/Scripting/StackTrace.cs:35)
06-02 15:53:54.857 31473 31530 I Unity   : UnityEngine.DebugLogHandler:Internal_Log (UnityEngine.LogType,UnityEngine.LogOption,string,UnityEngine.Object)
06-02 15:53:54.857 31473 31530 I Unity   : UnityEngine.DebugLogHandler:LogFormat (UnityEngine.LogType,UnityEngine.Object,string,object[]) (at /home/bokken/build/output/unity/unity/Runtime/Export/Logging/DebugLogHandler.cs:9)
06-02 15:53:54.857 31473 31530 I Unity   : UnityEngine.Logger:Log (UnityEngine.LogType,object) (at /home/bokken/build/output/unity/unity/Runtime/Export/Logging/Logger.cs:60)
06-02 15:53:54.857 31473 31530 I Unity   : UnityEngine.Debug:Log (object) (at /home/bokken/build/output/unity/unity/Runtime/Export/Debug/Debug.bindings.cs:123)
06-02 15:53:54.857 31473 31530 I Unity   : LevelManager:SpawnTargets (LevelManager/LevelConfig) (at C:/Games/UnityProject/OrbitDrop3D/Assets/Scripts/Core/LevelManager.cs:254)
06-02 15:53:54.857 31473 31530 I Unity   : LevelManager:LoadLevel (int) (at C:/Games/UnityProject/OrbitDrop3D/Assets/Scripts/Core/LevelManag
06-02 15:53:54.858 31473 31530 I Unity   : [LevelManager] TargetRing[2] spawned at (1.18, 3.61)
06-02 15:53:54.858 31473 31530 I Unity   : UnityEngine.Debug:ExtractStackTraceNoAlloc (byte*,int,string)
06-02 15:53:54.858 31473 31530 I Unity   : UnityEngine.StackTraceUtility:ExtractStackTrace () (at /home/bokken/build/output/unity/unity/Runtime/Export/Scripting/StackTrace.cs:35)
06-02 15:53:54.858 31473 31530 I Unity   : UnityEngine.DebugLogHandler:Internal_Log (UnityEngine.LogType,UnityEngine.LogOption,string,UnityEngine.Object)
06-02 15:53:54.858 31473 31530 I Unity   : UnityEngine.DebugLogHandler:LogFormat (UnityEngine.LogType,UnityEngine.Object,string,object[]) (at /home/bokken/build/output/unity/unity/Runtime/Export/Logging/DebugLogHandler.cs:9)
06-02 15:53:54.858 31473 31530 I Unity   : UnityEngine.Logger:Log (UnityEngine.LogType,object) (at /home/bokken/build/output/unity/unity/Runtime/Export/Logging/Logger.cs:60)
06-02 15:53:54.858 31473 31530 I Unity   : UnityEngine.Debug:Log (object) (at /home/bokken/build/output/unity/unity/Runtime/Export/Debug/Debug.bindings.cs:123)
06-02 15:53:54.858 31473 31530 I Unity   : LevelManager:SpawnTargets (LevelManager/LevelConfig) (at C:/Games/UnityProject/OrbitDrop3D/Assets/Scripts/Core/LevelManager.cs:254)
06-02 15:53:54.858 31473 31530 I Unity   : LevelManager:LoadLevel (int) (at C:/Games/UnityProject/OrbitDrop3D/Assets/Scripts/Core/LevelManager
06-02 15:53:54.859 31473 31530 I Unity   : [LevelManager] TargetRing[3] spawned at (0.25, 3.73)
06-02 15:53:54.859 31473 31530 I Unity   : UnityEngine.Debug:ExtractStackTraceNoAlloc (byte*,int,string)
06-02 15:53:54.859 31473 31530 I Unity   : UnityEngine.StackTraceUtility:ExtractStackTrace () (at /home/bokken/build/output/unity/unity/Runtime/Export/Scripting/StackTrace.cs:35)
06-02 15:53:54.859 31473 31530 I Unity   : UnityEngine.DebugLogHandler:Internal_Log (UnityEngine.LogType,UnityEngine.LogOption,string,UnityEngine.Object)
06-02 15:53:54.859 31473 31530 I Unity   : UnityEngine.DebugLogHandler:LogFormat (UnityEngine.LogType,UnityEngine.Object,string,object[]) (at /home/bokken/build/output/unity/unity/Runtime/Export/Logging/DebugLogHandler.cs:9)
06-02 15:53:54.859 31473 31530 I Unity   : UnityEngine.Logger:Log (UnityEngine.LogType,object) (at /home/bokken/build/output/unity/unity/Runtime/Export/Logging/Logger.cs:60)
06-02 15:53:54.859 31473 31530 I Unity   : UnityEngine.Debug:Log (object) (at /home/bokken/build/output/unity/unity/Runtime/Export/Debug/Debug.bindings.cs:123)
06-02 15:53:54.859 31473 31530 I Unity   : LevelManager:SpawnTargets (LevelManager/LevelConfig) (at C:/Games/UnityProject/OrbitDrop3D/Assets/Scripts/Core/LevelManager.cs:254)
06-02 15:53:54.859 31473 31530 I Unity   : LevelManager:LoadLevel (int) (at C:/Games/UnityProject/OrbitDrop3D/Assets/Scripts/Core/LevelManager
06-02 15:53:54.860 31473 31530 I Unity   : [LevelManager] TargetRing[4] spawned at (0.10, 3.81)
06-02 15:53:54.860 31473 31530 I Unity   : UnityEngine.Debug:ExtractStackTraceNoAlloc (byte*,int,string)
06-02 15:53:54.860 31473 31530 I Unity   : UnityEngine.StackTraceUtility:ExtractStackTrace () (at /home/bokken/build/output/unity/unity/Runtime/Export/Scripting/StackTrace.cs:35)
06-02 15:53:54.860 31473 31530 I Unity   : UnityEngine.DebugLogHandler:Internal_Log (UnityEngine.LogType,UnityEngine.LogOption,string,UnityEngine.Object)
06-02 15:53:54.860 31473 31530 I Unity   : UnityEngine.DebugLogHandler:LogFormat (UnityEngine.LogType,UnityEngine.Object,string,object[]) (at /home/bokken/build/output/unity/unity/Runtime/Export/Logging/DebugLogHandler.cs:9)
06-02 15:53:54.860 31473 31530 I Unity   : UnityEngine.Logger:Log (UnityEngine.LogType,object) (at /home/bokken/build/output/unity/unity/Runtime/Export/Logging/Logger.cs:60)
06-02 15:53:54.860 31473 31530 I Unity   : UnityEngine.Debug:Log (object) (at /home/bokken/build/output/unity/unity/Runtime/Export/Debug/Debug.bindings.cs:123)
06-02 15:53:54.860 31473 31530 I Unity   : LevelManager:SpawnTargets (LevelManager/LevelConfig) (at C:/Games/UnityProject/OrbitDrop3D/Assets/Scripts/Core/LevelManager.cs:254)
06-02 15:53:54.860 31473 31530 I Unity   : LevelManager:LoadLevel (int) (at C:/Games/UnityProject/OrbitDrop3D/Assets/Scripts/Core/LevelManager
06-02 15:53:54.862 31473 31530 I Unity   : [LevelManager] TargetRing[5] spawned at (-1.54, 4.35)
06-02 15:53:54.862 31473 31530 I Unity   : UnityEngine.Debug:ExtractStackTraceNoAlloc (byte*,int,string)
06-02 15:53:54.862 31473 31530 I Unity   : UnityEngine.StackTraceUtility:ExtractStackTrace () (at /home/bokken/build/output/unity/unity/Runtime/Export/Scripting/StackTrace.cs:35)
06-02 15:53:54.862 31473 31530 I Unity   : UnityEngine.DebugLogHandler:Internal_Log (UnityEngine.LogType,UnityEngine.LogOption,string,UnityEngine.Object)
06-02 15:53:54.862 31473 31530 I Unity   : UnityEngine.DebugLogHandler:LogFormat (UnityEngine.LogType,UnityEngine.Object,string,object[]) (at /home/bokken/build/output/unity/unity/Runtime/Export/Logging/DebugLogHandler.cs:9)
06-02 15:53:54.862 31473 31530 I Unity   : UnityEngine.Logger:Log (UnityEngine.LogType,object) (at /home/bokken/build/output/unity/unity/Runtime/Export/Logging/Logger.cs:60)
06-02 15:53:54.862 31473 31530 I Unity   : UnityEngine.Debug:Log (object) (at /home/bokken/build/output/unity/unity/Runtime/Export/Debug/Debug.bindings.cs:123)
06-02 15:53:54.862 31473 31530 I Unity   : LevelManager:SpawnTargets (LevelManager/LevelConfig) (at C:/Games/UnityProject/OrbitDrop3D/Assets/Scripts/Core/LevelManager.cs:254)
06-02 15:53:54.862 31473 31530 I Unity   : LevelManager:LoadLevel (int) (at C:/Games/UnityProject/OrbitDrop3D/Assets/Scripts/Core/LevelManage
06-02 15:53:54.863 31473 31530 I Unity   : [LevelManager] TargetRing[6] spawned at (1.55, 2.74)
06-02 15:53:54.863 31473 31530 I Unity   : UnityEngine.Debug:ExtractStackTraceNoAlloc (byte*,int,string)
06-02 15:53:54.863 31473 31530 I Unity   : UnityEngine.StackTraceUtility:ExtractStackTrace () (at /home/bokken/build/output/unity/unity/Runtime/Export/Scripting/StackTrace.cs:35)
06-02 15:53:54.863 31473 31530 I Unity   : UnityEngine.DebugLogHandler:Internal_Log (UnityEngine.LogType,UnityEngine.LogOption,string,UnityEngine.Object)
06-02 15:53:54.863 31473 31530 I Unity   : UnityEngine.DebugLogHandler:LogFormat (UnityEngine.LogType,UnityEngine.Object,string,object[]) (at /home/bokken/build/output/unity/unity/Runtime/Export/Logging/DebugLogHandler.cs:9)
06-02 15:53:54.863 31473 31530 I Unity   : UnityEngine.Logger:Log (UnityEngine.LogType,object) (at /home/bokken/build/output/unity/unity/Runtime/Export/Logging/Logger.cs:60)
06-02 15:53:54.863 31473 31530 I Unity   : UnityEngine.Debug:Log (object) (at /home/bokken/build/output/unity/unity/Runtime/Export/Debug/Debug.bindings.cs:123)
06-02 15:53:54.863 31473 31530 I Unity   : LevelManager:SpawnTargets (LevelManager/LevelConfig) (at C:/Games/UnityProject/OrbitDrop3D/Assets/Scripts/Core/LevelManager.cs:254)
06-02 15:53:54.863 31473 31530 I Unity   : LevelManager:LoadLevel (int) (at C:/Games/UnityProject/OrbitDrop3D/Assets/Scripts/Core/LevelManager
06-02 15:53:54.864 31473 31530 I Unity   : [TargetRing2D] 'TargetRing2D(Clone)' (path=LevelManager/TargetRing2D(Clone)) spawned | tag=Untagged layer=Default col_enabled=True isTrigger=True radius=1.8
06-02 15:53:54.864 31473 31530 I Unity   : UnityEngine.Debug:ExtractStackTraceNoAlloc (byte*,int,string)
06-02 15:53:54.864 31473 31530 I Unity   : UnityEngine.StackTraceUtility:ExtractStackTrace () (at /home/bokken/build/output/unity/unity/Runtime/Export/Scripting/StackTrace.cs:35)
06-02 15:53:54.864 31473 31530 I Unity   : UnityEngine.DebugLogHandler:Internal_Log (UnityEngine.LogType,UnityEngine.LogOption,string,UnityEngine.Object)
06-02 15:53:54.864 31473 31530 I Unity   : UnityEngine.DebugLogHandler:LogFormat (UnityEngine.LogType,UnityEngine.Object,string,object[]) (at /home/bokken/build/output/unity/unity/Runtime/Export/Logging/DebugLogHandler.cs:9)
06-02 15:53:54.864 31473 31530 I Unity   : UnityEngine.Logger:Log (UnityEngine.LogType,object) (at /home/bokken/build/output/unity/unity/Runtime/Export/Logging/Logger.cs:60)
06-02 15:53:54.864 31473 31530 I Unity   : UnityEngine.Debug:Log (object) (at /home/bokken/build/output/unity/unity/Runtime/Export/Debug/Debug.bindings.cs:123)
06-02 15:53:54.864 31473 31530 I Unity   : TargetRing2D:Start () (at C:/Games/UnityProject/OrbitDrop3D/Assets/Scripts/Gameplay/TargetRing2D.cs:23)
06-02 15:53:54.864 31473 31530 I Unity   : 
06-02 15:53:54.864 31473 31530 I Unity   : (Filename: /home/bokke
06-02 15:53:54.864 31473 31530 I Unity   : [TargetRing2D] 'TargetRing2D(Clone)' (path=LevelManager/TargetRing2D(Clone)) spawned | tag=Untagged layer=Default col_enabled=True isTrigger=True radius=1.8
06-02 15:53:54.864 31473 31530 I Unity   : UnityEngine.Debug:ExtractStackTraceNoAlloc (byte*,int,string)
06-02 15:53:54.864 31473 31530 I Unity   : UnityEngine.StackTraceUtility:ExtractStackTrace () (at /home/bokken/build/output/unity/unity/Runtime/Export/Scripting/StackTrace.cs:35)
06-02 15:53:54.864 31473 31530 I Unity   : UnityEngine.DebugLogHandler:Internal_Log (UnityEngine.LogType,UnityEngine.LogOption,string,UnityEngine.Object)
06-02 15:53:54.864 31473 31530 I Unity   : UnityEngine.DebugLogHandler:LogFormat (UnityEngine.LogType,UnityEngine.Object,string,object[]) (at /home/bokken/build/output/unity/unity/Runtime/Export/Logging/DebugLogHandler.cs:9)
06-02 15:53:54.864 31473 31530 I Unity   : UnityEngine.Logger:Log (UnityEngine.LogType,object) (at /home/bokken/build/output/unity/unity/Runtime/Export/Logging/Logger.cs:60)
06-02 15:53:54.864 31473 31530 I Unity   : UnityEngine.Debug:Log (object) (at /home/bokken/build/output/unity/unity/Runtime/Export/Debug/Debug.bindings.cs:123)
06-02 15:53:54.864 31473 31530 I Unity   : TargetRing2D:Start () (at C:/Games/UnityProject/OrbitDrop3D/Assets/Scripts/Gameplay/TargetRing2D.cs:23)
06-02 15:53:54.864 31473 31530 I Unity   : 
06-02 15:53:54.864 31473 31530 I Unity   : (Filename: /home/bokke
06-02 15:53:54.865 31473 31530 I Unity   : [TargetRing2D] 'TargetRing2D(Clone)' (path=LevelManager/TargetRing2D(Clone)) spawned | tag=Untagged layer=Default col_enabled=True isTrigger=True radius=1.8
06-02 15:53:54.865 31473 31530 I Unity   : UnityEngine.Debug:ExtractStackTraceNoAlloc (byte*,int,string)
06-02 15:53:54.865 31473 31530 I Unity   : UnityEngine.StackTraceUtility:ExtractStackTrace () (at /home/bokken/build/output/unity/unity/Runtime/Export/Scripting/StackTrace.cs:35)
06-02 15:53:54.865 31473 31530 I Unity   : UnityEngine.DebugLogHandler:Internal_Log (UnityEngine.LogType,UnityEngine.LogOption,string,UnityEngine.Object)
06-02 15:53:54.865 31473 31530 I Unity   : UnityEngine.DebugLogHandler:LogFormat (UnityEngine.LogType,UnityEngine.Object,string,object[]) (at /home/bokken/build/output/unity/unity/Runtime/Export/Logging/DebugLogHandler.cs:9)
06-02 15:53:54.865 31473 31530 I Unity   : UnityEngine.Logger:Log (UnityEngine.LogType,object) (at /home/bokken/build/output/unity/unity/Runtime/Export/Logging/Logger.cs:60)
06-02 15:53:54.865 31473 31530 I Unity   : UnityEngine.Debug:Log (object) (at /home/bokken/build/output/unity/unity/Runtime/Export/Debug/Debug.bindings.cs:123)
06-02 15:53:54.865 31473 31530 I Unity   : TargetRing2D:Start () (at C:/Games/UnityProject/OrbitDrop3D/Assets/Scripts/Gameplay/TargetRing2D.cs:23)
06-02 15:53:54.865 31473 31530 I Unity   : 
06-02 15:53:54.865 31473 31530 I Unity   : (Filename: /home/bokke
06-02 15:53:54.865 31473 31530 I Unity   : [TargetRing2D] 'TargetRing2D(Clone)' (path=LevelManager/TargetRing2D(Clone)) spawned | tag=Untagged layer=Default col_enabled=True isTrigger=True radius=1.8
06-02 15:53:54.865 31473 31530 I Unity   : UnityEngine.Debug:ExtractStackTraceNoAlloc (byte*,int,string)
06-02 15:53:54.865 31473 31530 I Unity   : UnityEngine.StackTraceUtility:ExtractStackTrace () (at /home/bokken/build/output/unity/unity/Runtime/Export/Scripting/StackTrace.cs:35)
06-02 15:53:54.865 31473 31530 I Unity   : UnityEngine.DebugLogHandler:Internal_Log (UnityEngine.LogType,UnityEngine.LogOption,string,UnityEngine.Object)
06-02 15:53:54.865 31473 31530 I Unity   : UnityEngine.DebugLogHandler:LogFormat (UnityEngine.LogType,UnityEngine.Object,string,object[]) (at /home/bokken/build/output/unity/unity/Runtime/Export/Logging/DebugLogHandler.cs:9)
06-02 15:53:54.865 31473 31530 I Unity   : UnityEngine.Logger:Log (UnityEngine.LogType,object) (at /home/bokken/build/output/unity/unity/Runtime/Export/Logging/Logger.cs:60)
06-02 15:53:54.865 31473 31530 I Unity   : UnityEngine.Debug:Log (object) (at /home/bokken/build/output/unity/unity/Runtime/Export/Debug/Debug.bindings.cs:123)
06-02 15:53:54.865 31473 31530 I Unity   : TargetRing2D:Start () (at C:/Games/UnityProject/OrbitDrop3D/Assets/Scripts/Gameplay/TargetRing2D.cs:23)
06-02 15:53:54.865 31473 31530 I Unity   : 
06-02 15:53:54.865 31473 31530 I Unity   : (Filename: /home/bokke
06-02 15:53:54.865 31473 31530 I Unity   : [TargetRing2D] 'TargetRing2D(Clone)' (path=LevelManager/TargetRing2D(Clone)) spawned | tag=Untagged layer=Default col_enabled=True isTrigger=True radius=1.8
06-02 15:53:54.865 31473 31530 I Unity   : UnityEngine.Debug:ExtractStackTraceNoAlloc (byte*,int,string)
06-02 15:53:54.865 31473 31530 I Unity   : UnityEngine.StackTraceUtility:ExtractStackTrace () (at /home/bokken/build/output/unity/unity/Runtime/Export/Scripting/StackTrace.cs:35)
06-02 15:53:54.865 31473 31530 I Unity   : UnityEngine.DebugLogHandler:Internal_Log (UnityEngine.LogType,UnityEngine.LogOption,string,UnityEngine.Object)
06-02 15:53:54.865 31473 31530 I Unity   : UnityEngine.DebugLogHandler:LogFormat (UnityEngine.LogType,UnityEngine.Object,string,object[]) (at /home/bokken/build/output/unity/unity/Runtime/Export/Logging/DebugLogHandler.cs:9)
06-02 15:53:54.865 31473 31530 I Unity   : UnityEngine.Logger:Log (UnityEngine.LogType,object) (at /home/bokken/build/output/unity/unity/Runtime/Export/Logging/Logger.cs:60)
06-02 15:53:54.865 31473 31530 I Unity   : UnityEngine.Debug:Log (object) (at /home/bokken/build/output/unity/unity/Runtime/Export/Debug/Debug.bindings.cs:123)
06-02 15:53:54.865 31473 31530 I Unity   : TargetRing2D:Start () (at C:/Games/UnityProject/OrbitDrop3D/Assets/Scripts/Gameplay/TargetRing2D.cs:23)
06-02 15:53:54.865 31473 31530 I Unity   : 
06-02 15:53:54.865 31473 31530 I Unity   : (Filename: /home/bokke
06-02 15:53:54.866 31473 31530 I Unity   : [TargetRing2D] 'TargetRing2D(Clone)' (path=LevelManager/TargetRing2D(Clone)) spawned | tag=Untagged layer=Default col_enabled=True isTrigger=True radius=1.8
06-02 15:53:54.866 31473 31530 I Unity   : UnityEngine.Debug:ExtractStackTraceNoAlloc (byte*,int,string)
06-02 15:53:54.866 31473 31530 I Unity   : UnityEngine.StackTraceUtility:ExtractStackTrace () (at /home/bokken/build/output/unity/unity/Runtime/Export/Scripting/StackTrace.cs:35)
06-02 15:53:54.866 31473 31530 I Unity   : UnityEngine.DebugLogHandler:Internal_Log (UnityEngine.LogType,UnityEngine.LogOption,string,UnityEngine.Object)
06-02 15:53:54.866 31473 31530 I Unity   : UnityEngine.DebugLogHandler:LogFormat (UnityEngine.LogType,UnityEngine.Object,string,object[]) (at /home/bokken/build/output/unity/unity/Runtime/Export/Logging/DebugLogHandler.cs:9)
06-02 15:53:54.866 31473 31530 I Unity   : UnityEngine.Logger:Log (UnityEngine.LogType,object) (at /home/bokken/build/output/unity/unity/Runtime/Export/Logging/Logger.cs:60)
06-02 15:53:54.866 31473 31530 I Unity   : UnityEngine.Debug:Log (object) (at /home/bokken/build/output/unity/unity/Runtime/Export/Debug/Debug.bindings.cs:123)
06-02 15:53:54.866 31473 31530 I Unity   : TargetRing2D:Start () (at C:/Games/UnityProject/OrbitDrop3D/Assets/Scripts/Gameplay/TargetRing2D.cs:23)
06-02 15:53:54.866 31473 31530 I Unity   : 
06-02 15:53:54.866 31473 31530 I Unity   : (Filename: /home/bokke
06-02 15:53:54.866 31473 31530 I Unity   : [TargetRing2D] 'TargetRing2D(Clone)' (path=LevelManager/TargetRing2D(Clone)) spawned | tag=Untagged layer=Default col_enabled=True isTrigger=True radius=1.8
06-02 15:53:54.866 31473 31530 I Unity   : UnityEngine.Debug:ExtractStackTraceNoAlloc (byte*,int,string)
06-02 15:53:54.866 31473 31530 I Unity   : UnityEngine.StackTraceUtility:ExtractStackTrace () (at /home/bokken/build/output/unity/unity/Runtime/Export/Scripting/StackTrace.cs:35)
06-02 15:53:54.866 31473 31530 I Unity   : UnityEngine.DebugLogHandler:Internal_Log (UnityEngine.LogType,UnityEngine.LogOption,string,UnityEngine.Object)
06-02 15:53:54.866 31473 31530 I Unity   : UnityEngine.DebugLogHandler:LogFormat (UnityEngine.LogType,UnityEngine.Object,string,object[]) (at /home/bokken/build/output/unity/unity/Runtime/Export/Logging/DebugLogHandler.cs:9)
06-02 15:53:54.866 31473 31530 I Unity   : UnityEngine.Logger:Log (UnityEngine.LogType,object) (at /home/bokken/build/output/unity/unity/Runtime/Export/Logging/Logger.cs:60)
06-02 15:53:54.866 31473 31530 I Unity   : UnityEngine.Debug:Log (object) (at /home/bokken/build/output/unity/unity/Runtime/Export/Debug/Debug.bindings.cs:123)
06-02 15:53:54.866 31473 31530 I Unity   : TargetRing2D:Start () (at C:/Games/UnityProject/OrbitDrop3D/Assets/Scripts/Gameplay/TargetRing2D.cs:23)
06-02 15:53:54.866 31473 31530 I Unity   : 
06-02 15:53:54.866 31473 31530 I Unity   : (Filename: /home/bokke
06-02 15:53:57.512 31473 31530 I Unity   : Life lost! Remaining: 2
06-02 15:53:57.512 31473 31530 I Unity   : UnityEngine.Debug:ExtractStackTraceNoAlloc (byte*,int,string)
06-02 15:53:57.512 31473 31530 I Unity   : UnityEngine.StackTraceUtility:ExtractStackTrace () (at /home/bokken/build/output/unity/unity/Runtime/Export/Scripting/StackTrace.cs:35)
06-02 15:53:57.512 31473 31530 I Unity   : UnityEngine.DebugLogHandler:Internal_Log (UnityEngine.LogType,UnityEngine.LogOption,string,UnityEngine.Object)
06-02 15:53:57.512 31473 31530 I Unity   : UnityEngine.DebugLogHandler:LogFormat (UnityEngine.LogType,UnityEngine.Object,string,object[]) (at /home/bokken/build/output/unity/unity/Runtime/Export/Logging/DebugLogHandler.cs:9)
06-02 15:53:57.512 31473 31530 I Unity   : UnityEngine.Logger:Log (UnityEngine.LogType,object) (at /home/bokken/build/output/unity/unity/Runtime/Export/Logging/Logger.cs:60)
06-02 15:53:57.512 31473 31530 I Unity   : UnityEngine.Debug:Log (object) (at /home/bokken/build/output/unity/unity/Runtime/Export/Debug/Debug.bindings.cs:123)
06-02 15:53:57.512 31473 31530 I Unity   : GameManager:LoseLife () (at C:/Games/UnityProject/OrbitDrop3D/Assets/Scripts/Core/GameManager.cs:125)
06-02 15:53:57.512 31473 31530 I Unity   : OrbiterBall2D:Update () (at C:/Games/UnityProject/OrbitDrop3D/Assets/Scripts/Gameplay/OrbiterBall2D.cs:75)
06-02 15:53:57.512 31473 31530 I Unity   : 
06-02 15:53:57.512 31473 31530 I Unity   : (Filename: /home/bokken/build/output/unity/unity/R
06-02 15:53:57.513 31473 31530 I Unity   : Heart updated instantly — lives: 2
06-02 15:53:57.513 31473 31530 I Unity   : UnityEngine.Debug:ExtractStackTraceNoAlloc (byte*,int,string)
06-02 15:53:57.513 31473 31530 I Unity   : UnityEngine.StackTraceUtility:ExtractStackTrace () (at /home/bokken/build/output/unity/unity/Runtime/Export/Scripting/StackTrace.cs:35)
06-02 15:53:57.513 31473 31530 I Unity   : UnityEngine.DebugLogHandler:Internal_Log (UnityEngine.LogType,UnityEngine.LogOption,string,UnityEngine.Object)
06-02 15:53:57.513 31473 31530 I Unity   : UnityEngine.DebugLogHandler:LogFormat (UnityEngine.LogType,UnityEngine.Object,string,object[]) (at /home/bokken/build/output/unity/unity/Runtime/Export/Logging/DebugLogHandler.cs:9)
06-02 15:53:57.513 31473 31530 I Unity   : UnityEngine.Logger:Log (UnityEngine.LogType,object) (at /home/bokken/build/output/unity/unity/Runtime/Export/Logging/Logger.cs:60)
06-02 15:53:57.513 31473 31530 I Unity   : UnityEngine.Debug:Log (object) (at /home/bokken/build/output/unity/unity/Runtime/Export/Debug/Debug.bindings.cs:123)
06-02 15:53:57.513 31473 31530 I Unity   : GameHUD:OnLivesChanged (int) (at C:/Games/UnityProject/OrbitDrop3D/Assets/Scripts/UI/GameHUD.cs:101)
06-02 15:53:57.513 31473 31530 I Unity   : GameManager:LoseLife () (at C:/Games/UnityProject/OrbitDrop3D/Assets/Scripts/Core/GameManager.cs:126)
06-02 15:53:57.513 31473 31530 I Unity   : OrbiterBall2D:Update () (at C:/Games/UnityPr
06-02 15:53:58.400 31473 31530 I Unity   : [OrbiterBall] Hit: TargetRing2D(Clone)  tag=Untagged  released=True
06-02 15:53:58.400 31473 31530 I Unity   : UnityEngine.Debug:ExtractStackTraceNoAlloc (byte*,int,string)
06-02 15:53:58.400 31473 31530 I Unity   : UnityEngine.StackTraceUtility:ExtractStackTrace () (at /home/bokken/build/output/unity/unity/Runtime/Export/Scripting/StackTrace.cs:35)
06-02 15:53:58.400 31473 31530 I Unity   : UnityEngine.DebugLogHandler:Internal_Log (UnityEngine.LogType,UnityEngine.LogOption,string,UnityEngine.Object)
06-02 15:53:58.400 31473 31530 I Unity   : UnityEngine.DebugLogHandler:LogFormat (UnityEngine.LogType,UnityEngine.Object,string,object[]) (at /home/bokken/build/output/unity/unity/Runtime/Export/Logging/DebugLogHandler.cs:9)
06-02 15:53:58.400 31473 31530 I Unity   : UnityEngine.Logger:Log (UnityEngine.LogType,object) (at /home/bokken/build/output/unity/unity/Runtime/Export/Logging/Logger.cs:60)
06-02 15:53:58.400 31473 31530 I Unity   : UnityEngine.Debug:Log (object) (at /home/bokken/build/output/unity/unity/Runtime/Export/Debug/Debug.bindings.cs:123)
06-02 15:53:58.400 31473 31530 I Unity   : OrbiterBall2D:OnTriggerEnter2D (UnityEngine.Collider2D) (at C:/Games/UnityProject/OrbitDrop3D/Assets/Scripts/Gameplay/OrbiterBall2D.cs:53)
06-02 15:53:58.400 31473 31530 I Unity   : 
06-02 15:53:58.400 31473 31530 I Unity   : (Filename: /home/bokken/build/output/unity/unity/Runtime/Export/Debug/Debug.
06-02 15:53:58.401 31473 31530 I Unity   : [TargetRing2D] OnTriggerEnter2D on 'LevelManager/TargetRing2D(Clone)' | _hit=False other='OrbiterBall2D(Clone)'
06-02 15:53:58.401 31473 31530 I Unity   : UnityEngine.Debug:ExtractStackTraceNoAlloc (byte*,int,string)
06-02 15:53:58.401 31473 31530 I Unity   : UnityEngine.StackTraceUtility:ExtractStackTrace () (at /home/bokken/build/output/unity/unity/Runtime/Export/Scripting/StackTrace.cs:35)
06-02 15:53:58.401 31473 31530 I Unity   : UnityEngine.DebugLogHandler:Internal_Log (UnityEngine.LogType,UnityEngine.LogOption,string,UnityEngine.Object)
06-02 15:53:58.401 31473 31530 I Unity   : UnityEngine.DebugLogHandler:LogFormat (UnityEngine.LogType,UnityEngine.Object,string,object[]) (at /home/bokken/build/output/unity/unity/Runtime/Export/Logging/DebugLogHandler.cs:9)
06-02 15:53:58.401 31473 31530 I Unity   : UnityEngine.Logger:Log (UnityEngine.LogType,object) (at /home/bokken/build/output/unity/unity/Runtime/Export/Logging/Logger.cs:60)
06-02 15:53:58.401 31473 31530 I Unity   : UnityEngine.Debug:Log (object) (at /home/bokken/build/output/unity/unity/Runtime/Export/Debug/Debug.bindings.cs:123)
06-02 15:53:58.401 31473 31530 I Unity   : TargetRing2D:OnTriggerEnter2D (UnityEngine.Collider2D) (at C:/Games/UnityProject/OrbitDrop3D/Assets/Scripts/Gameplay/TargetRing2D.cs:88)
06-02 15:53:58.401 31473 31530 I Unity   : 
06-02 15:53:58.401 31473 31530 I Unity   : (Filename: /home/bokken/build/outp
06-02 15:53:58.401 31473 31530 I Unity   : [TargetRing2D] Ball check | ball_found=True IsReleased=True HasHit=False
06-02 15:53:58.401 31473 31530 I Unity   : UnityEngine.Debug:ExtractStackTraceNoAlloc (byte*,int,string)
06-02 15:53:58.401 31473 31530 I Unity   : UnityEngine.StackTraceUtility:ExtractStackTrace () (at /home/bokken/build/output/unity/unity/Runtime/Export/Scripting/StackTrace.cs:35)
06-02 15:53:58.401 31473 31530 I Unity   : UnityEngine.DebugLogHandler:Internal_Log (UnityEngine.LogType,UnityEngine.LogOption,string,UnityEngine.Object)
06-02 15:53:58.401 31473 31530 I Unity   : UnityEngine.DebugLogHandler:LogFormat (UnityEngine.LogType,UnityEngine.Object,string,object[]) (at /home/bokken/build/output/unity/unity/Runtime/Export/Logging/DebugLogHandler.cs:9)
06-02 15:53:58.401 31473 31530 I Unity   : UnityEngine.Logger:Log (UnityEngine.LogType,object) (at /home/bokken/build/output/unity/unity/Runtime/Export/Logging/Logger.cs:60)
06-02 15:53:58.401 31473 31530 I Unity   : UnityEngine.Debug:Log (object) (at /home/bokken/build/output/unity/unity/Runtime/Export/Debug/Debug.bindings.cs:123)
06-02 15:53:58.401 31473 31530 I Unity   : TargetRing2D:OnTriggerEnter2D (UnityEngine.Collider2D) (at C:/Games/UnityProject/OrbitDrop3D/Assets/Scripts/Gameplay/TargetRing2D.cs:91)
06-02 15:53:58.401 31473 31530 I Unity   : 
06-02 15:53:58.401 31473 31530 I Unity   : (Filename: /home/bokken/build/output/unity/unity/Runtime/Export/Debug/Deb
06-02 15:53:58.402 31473 31530 I Unity   : [TargetRing2D] HIT ACCEPTED on 'LevelManager/TargetRing2D(Clone)' — processing score/destroy
06-02 15:53:58.402 31473 31530 I Unity   : UnityEngine.Debug:ExtractStackTraceNoAlloc (byte*,int,string)
06-02 15:53:58.402 31473 31530 I Unity   : UnityEngine.StackTraceUtility:ExtractStackTrace () (at /home/bokken/build/output/unity/unity/Runtime/Export/Scripting/StackTrace.cs:35)
06-02 15:53:58.402 31473 31530 I Unity   : UnityEngine.DebugLogHandler:Internal_Log (UnityEngine.LogType,UnityEngine.LogOption,string,UnityEngine.Object)
06-02 15:53:58.402 31473 31530 I Unity   : UnityEngine.DebugLogHandler:LogFormat (UnityEngine.LogType,UnityEngine.Object,string,object[]) (at /home/bokken/build/output/unity/unity/Runtime/Export/Logging/DebugLogHandler.cs:9)
06-02 15:53:58.402 31473 31530 I Unity   : UnityEngine.Logger:Log (UnityEngine.LogType,object) (at /home/bokken/build/output/unity/unity/Runtime/Export/Logging/Logger.cs:60)
06-02 15:53:58.402 31473 31530 I Unity   : UnityEngine.Debug:Log (object) (at /home/bokken/build/output/unity/unity/Runtime/Export/Debug/Debug.bindings.cs:123)
06-02 15:53:58.402 31473 31530 I Unity   : TargetRing2D:OnTriggerEnter2D (UnityEngine.Collider2D) (at C:/Games/UnityProject/OrbitDrop3D/Assets/Scripts/Gameplay/TargetRing2D.cs:94)
06-02 15:53:58.402 31473 31530 I Unity   : 
06-02 15:53:58.402 31473 31530 I Unity   : (Filename: /home/bokken/build/output/unity/unity/Ru
06-02 15:53:58.402 31473 31530 I Unity   : [ScoreManager] Hit! Combo=4  +400pts  Total=1000
06-02 15:53:58.402 31473 31530 I Unity   : UnityEngine.Debug:ExtractStackTraceNoAlloc (byte*,int,string)
06-02 15:53:58.402 31473 31530 I Unity   : UnityEngine.StackTraceUtility:ExtractStackTrace () (at /home/bokken/build/output/unity/unity/Runtime/Export/Scripting/StackTrace.cs:35)
06-02 15:53:58.402 31473 31530 I Unity   : UnityEngine.DebugLogHandler:Internal_Log (UnityEngine.LogType,UnityEngine.LogOption,string,UnityEngine.Object)
06-02 15:53:58.402 31473 31530 I Unity   : UnityEngine.DebugLogHandler:LogFormat (UnityEngine.LogType,UnityEngine.Object,string,object[]) (at /home/bokken/build/output/unity/unity/Runtime/Export/Logging/DebugLogHandler.cs:9)
06-02 15:53:58.402 31473 31530 I Unity   : UnityEngine.Logger:Log (UnityEngine.LogType,object) (at /home/bokken/build/output/unity/unity/Runtime/Export/Logging/Logger.cs:60)
06-02 15:53:58.402 31473 31530 I Unity   : UnityEngine.Debug:Log (object) (at /home/bokken/build/output/unity/unity/Runtime/Export/Debug/Debug.bindings.cs:123)
06-02 15:53:58.402 31473 31530 I Unity   : ScoreManager:RegisterHit () (at C:/Games/UnityProject/OrbitDrop3D/Assets/Scripts/Core/ScoreManager.cs:65)
06-02 15:53:58.402 31473 31530 I Unity   : TargetRing2D:OnTriggerEnter2D (UnityEngine.Collider2D) (at C:/Games/UnityProject/OrbitDrop3D/Assets/Scripts/Gameplay/TargetRing2D
06-02 15:53:58.403 31473 31530 I Unity   : Explosion spawned at: (-1.54, 4.35, 0.00)
06-02 15:53:58.403 31473 31530 I Unity   : UnityEngine.Debug:ExtractStackTraceNoAlloc (byte*,int,string)
06-02 15:53:58.403 31473 31530 I Unity   : UnityEngine.StackTraceUtility:ExtractStackTrace () (at /home/bokken/build/output/unity/unity/Runtime/Export/Scripting/StackTrace.cs:35)
06-02 15:53:58.403 31473 31530 I Unity   : UnityEngine.DebugLogHandler:Internal_Log (UnityEngine.LogType,UnityEngine.LogOption,string,UnityEngine.Object)
06-02 15:53:58.403 31473 31530 I Unity   : UnityEngine.DebugLogHandler:LogFormat (UnityEngine.LogType,UnityEngine.Object,string,object[]) (at /home/bokken/build/output/unity/unity/Runtime/Export/Logging/DebugLogHandler.cs:9)
06-02 15:53:58.403 31473 31530 I Unity   : UnityEngine.Logger:Log (UnityEngine.LogType,object) (at /home/bokken/build/output/unity/unity/Runtime/Export/Logging/Logger.cs:60)
06-02 15:53:58.403 31473 31530 I Unity   : UnityEngine.Debug:Log (object) (at /home/bokken/build/output/unity/unity/Runtime/Export/Debug/Debug.bindings.cs:123)
06-02 15:53:58.403 31473 31530 I Unity   : CFXRExplosionManager:SpawnExplosion (UnityEngine.Vector3) (at C:/Games/UnityProject/OrbitDrop3D/Assets/Scripts/Utils/CFXRExplosionManager.cs:45)
06-02 15:53:58.403 31473 31530 I Unity   : ParticleManager:SpawnHitBurst (UnityEngine.Vector3) (at C:/Games/UnityProject/OrbitDrop3D/Assets/
06-02 15:53:58.467 31473 31530 I Unity   : [OrbiterBall] Hit: TargetRing2D  tag=Untagged  released=True
06-02 15:53:58.467 31473 31530 I Unity   : UnityEngine.Debug:ExtractStackTraceNoAlloc (byte*,int,string)
06-02 15:53:58.467 31473 31530 I Unity   : UnityEngine.StackTraceUtility:ExtractStackTrace () (at /home/bokken/build/output/unity/unity/Runtime/Export/Scripting/StackTrace.cs:35)
06-02 15:53:58.467 31473 31530 I Unity   : UnityEngine.DebugLogHandler:Internal_Log (UnityEngine.LogType,UnityEngine.LogOption,string,UnityEngine.Object)
06-02 15:53:58.467 31473 31530 I Unity   : UnityEngine.DebugLogHandler:LogFormat (UnityEngine.LogType,UnityEngine.Object,string,object[]) (at /home/bokken/build/output/unity/unity/Runtime/Export/Logging/DebugLogHandler.cs:9)
06-02 15:53:58.467 31473 31530 I Unity   : UnityEngine.Logger:Log (UnityEngine.LogType,object) (at /home/bokken/build/output/unity/unity/Runtime/Export/Logging/Logger.cs:60)
06-02 15:53:58.467 31473 31530 I Unity   : UnityEngine.Debug:Log (object) (at /home/bokken/build/output/unity/unity/Runtime/Export/Debug/Debug.bindings.cs:123)
06-02 15:53:58.467 31473 31530 I Unity   : OrbiterBall2D:OnTriggerEnter2D (UnityEngine.Collider2D) (at C:/Games/UnityProject/OrbitDrop3D/Assets/Scripts/Gameplay/OrbiterBall2D.cs:53)
06-02 15:53:58.467 31473 31530 I Unity   : 
06-02 15:53:58.467 31473 31530 I Unity   : (Filename: /home/bokken/build/output/unity/unity/Runtime/Export/Debug/Debug.binding
06-02 15:54:02.154 31473 31530 I Unity   : [OrbiterBall] Hit: TargetRing2D(Clone)  tag=Untagged  released=True
06-02 15:54:02.154 31473 31530 I Unity   : UnityEngine.Debug:ExtractStackTraceNoAlloc (byte*,int,string)
06-02 15:54:02.154 31473 31530 I Unity   : UnityEngine.StackTraceUtility:ExtractStackTrace () (at /home/bokken/build/output/unity/unity/Runtime/Export/Scripting/StackTrace.cs:35)
06-02 15:54:02.154 31473 31530 I Unity   : UnityEngine.DebugLogHandler:Internal_Log (UnityEngine.LogType,UnityEngine.LogOption,string,UnityEngine.Object)
06-02 15:54:02.154 31473 31530 I Unity   : UnityEngine.DebugLogHandler:LogFormat (UnityEngine.LogType,UnityEngine.Object,string,object[]) (at /home/bokken/build/output/unity/unity/Runtime/Export/Logging/DebugLogHandler.cs:9)
06-02 15:54:02.154 31473 31530 I Unity   : UnityEngine.Logger:Log (UnityEngine.LogType,object) (at /home/bokken/build/output/unity/unity/Runtime/Export/Logging/Logger.cs:60)
06-02 15:54:02.154 31473 31530 I Unity   : UnityEngine.Debug:Log (object) (at /home/bokken/build/output/unity/unity/Runtime/Export/Debug/Debug.bindings.cs:123)
06-02 15:54:02.154 31473 31530 I Unity   : OrbiterBall2D:OnTriggerEnter2D (UnityEngine.Collider2D) (at C:/Games/UnityProject/OrbitDrop3D/Assets/Scripts/Gameplay/OrbiterBall2D.cs:53)
06-02 15:54:02.154 31473 31530 I Unity   : 
06-02 15:54:02.154 31473 31530 I Unity   : (Filename: /home/bokken/build/output/unity/unity/Runtime/Export/Debug/Debug.
06-02 15:54:02.155 31473 31530 I Unity   : [TargetRing2D] OnTriggerEnter2D on 'LevelManager/TargetRing2D(Clone)' | _hit=False other='OrbiterBall2D(Clone)'
06-02 15:54:02.155 31473 31530 I Unity   : UnityEngine.Debug:ExtractStackTraceNoAlloc (byte*,int,string)
06-02 15:54:02.155 31473 31530 I Unity   : UnityEngine.StackTraceUtility:ExtractStackTrace () (at /home/bokken/build/output/unity/unity/Runtime/Export/Scripting/StackTrace.cs:35)
06-02 15:54:02.155 31473 31530 I Unity   : UnityEngine.DebugLogHandler:Internal_Log (UnityEngine.LogType,UnityEngine.LogOption,string,UnityEngine.Object)
06-02 15:54:02.155 31473 31530 I Unity   : UnityEngine.DebugLogHandler:LogFormat (UnityEngine.LogType,UnityEngine.Object,string,object[]) (at /home/bokken/build/output/unity/unity/Runtime/Export/Logging/DebugLogHandler.cs:9)
06-02 15:54:02.155 31473 31530 I Unity   : UnityEngine.Logger:Log (UnityEngine.LogType,object) (at /home/bokken/build/output/unity/unity/Runtime/Export/Logging/Logger.cs:60)
06-02 15:54:02.155 31473 31530 I Unity   : UnityEngine.Debug:Log (object) (at /home/bokken/build/output/unity/unity/Runtime/Export/Debug/Debug.bindings.cs:123)
06-02 15:54:02.155 31473 31530 I Unity   : TargetRing2D:OnTriggerEnter2D (UnityEngine.Collider2D) (at C:/Games/UnityProject/OrbitDrop3D/Assets/Scripts/Gameplay/TargetRing2D.cs:88)
06-02 15:54:02.155 31473 31530 I Unity   : 
06-02 15:54:02.155 31473 31530 I Unity   : (Filename: /home/bokken/build/outp
06-02 15:54:02.155 31473 31530 I Unity   : [TargetRing2D] Ball check | ball_found=True IsReleased=True HasHit=False
06-02 15:54:02.155 31473 31530 I Unity   : UnityEngine.Debug:ExtractStackTraceNoAlloc (byte*,int,string)
06-02 15:54:02.155 31473 31530 I Unity   : UnityEngine.StackTraceUtility:ExtractStackTrace () (at /home/bokken/build/output/unity/unity/Runtime/Export/Scripting/StackTrace.cs:35)
06-02 15:54:02.155 31473 31530 I Unity   : UnityEngine.DebugLogHandler:Internal_Log (UnityEngine.LogType,UnityEngine.LogOption,string,UnityEngine.Object)
06-02 15:54:02.155 31473 31530 I Unity   : UnityEngine.DebugLogHandler:LogFormat (UnityEngine.LogType,UnityEngine.Object,string,object[]) (at /home/bokken/build/output/unity/unity/Runtime/Export/Logging/DebugLogHandler.cs:9)
06-02 15:54:02.155 31473 31530 I Unity   : UnityEngine.Logger:Log (UnityEngine.LogType,object) (at /home/bokken/build/output/unity/unity/Runtime/Export/Logging/Logger.cs:60)
06-02 15:54:02.155 31473 31530 I Unity   : UnityEngine.Debug:Log (object) (at /home/bokken/build/output/unity/unity/Runtime/Export/Debug/Debug.bindings.cs:123)
06-02 15:54:02.155 31473 31530 I Unity   : TargetRing2D:OnTriggerEnter2D (UnityEngine.Collider2D) (at C:/Games/UnityProject/OrbitDrop3D/Assets/Scripts/Gameplay/TargetRing2D.cs:91)
06-02 15:54:02.155 31473 31530 I Unity   : 
06-02 15:54:02.155 31473 31530 I Unity   : (Filename: /home/bokken/build/output/unity/unity/Runtime/Export/Debug/Deb
06-02 15:54:02.155 31473 31530 I Unity   : [TargetRing2D] HIT ACCEPTED on 'LevelManager/TargetRing2D(Clone)' — processing score/destroy
06-02 15:54:02.155 31473 31530 I Unity   : UnityEngine.Debug:ExtractStackTraceNoAlloc (byte*,int,string)
06-02 15:54:02.155 31473 31530 I Unity   : UnityEngine.StackTraceUtility:ExtractStackTrace () (at /home/bokken/build/output/unity/unity/Runtime/Export/Scripting/StackTrace.cs:35)
06-02 15:54:02.155 31473 31530 I Unity   : UnityEngine.DebugLogHandler:Internal_Log (UnityEngine.LogType,UnityEngine.LogOption,string,UnityEngine.Object)
06-02 15:54:02.155 31473 31530 I Unity   : UnityEngine.DebugLogHandler:LogFormat (UnityEngine.LogType,UnityEngine.Object,string,object[]) (at /home/bokken/build/output/unity/unity/Runtime/Export/Logging/DebugLogHandler.cs:9)
06-02 15:54:02.155 31473 31530 I Unity   : UnityEngine.Logger:Log (UnityEngine.LogType,object) (at /home/bokken/build/output/unity/unity/Runtime/Export/Logging/Logger.cs:60)
06-02 15:54:02.155 31473 31530 I Unity   : UnityEngine.Debug:Log (object) (at /home/bokken/build/output/unity/unity/Runtime/Export/Debug/Debug.bindings.cs:123)
06-02 15:54:02.155 31473 31530 I Unity   : TargetRing2D:OnTriggerEnter2D (UnityEngine.Collider2D) (at C:/Games/UnityProject/OrbitDrop3D/Assets/Scripts/Gameplay/TargetRing2D.cs:94)
06-02 15:54:02.155 31473 31530 I Unity   : 
06-02 15:54:02.155 31473 31530 I Unity   : (Filename: /home/bokken/build/output/unity/unity/Ru
06-02 15:54:02.156 31473 31530 I Unity   : [ScoreManager] Hit! Combo=5  +500pts  Total=1500
06-02 15:54:02.156 31473 31530 I Unity   : UnityEngine.Debug:ExtractStackTraceNoAlloc (byte*,int,string)
06-02 15:54:02.156 31473 31530 I Unity   : UnityEngine.StackTraceUtility:ExtractStackTrace () (at /home/bokken/build/output/unity/unity/Runtime/Export/Scripting/StackTrace.cs:35)
06-02 15:54:02.156 31473 31530 I Unity   : UnityEngine.DebugLogHandler:Internal_Log (UnityEngine.LogType,UnityEngine.LogOption,string,UnityEngine.Object)
06-02 15:54:02.156 31473 31530 I Unity   : UnityEngine.DebugLogHandler:LogFormat (UnityEngine.LogType,UnityEngine.Object,string,object[]) (at /home/bokken/build/output/unity/unity/Runtime/Export/Logging/DebugLogHandler.cs:9)
06-02 15:54:02.156 31473 31530 I Unity   : UnityEngine.Logger:Log (UnityEngine.LogType,object) (at /home/bokken/build/output/unity/unity/Runtime/Export/Logging/Logger.cs:60)
06-02 15:54:02.156 31473 31530 I Unity   : UnityEngine.Debug:Log (object) (at /home/bokken/build/output/unity/unity/Runtime/Export/Debug/Debug.bindings.cs:123)
06-02 15:54:02.156 31473 31530 I Unity   : ScoreManager:RegisterHit () (at C:/Games/UnityProject/OrbitDrop3D/Assets/Scripts/Core/ScoreManager.cs:65)
06-02 15:54:02.156 31473 31530 I Unity   : TargetRing2D:OnTriggerEnter2D (UnityEngine.Collider2D) (at C:/Games/UnityProject/OrbitDrop3D/Assets/Scripts/Gameplay/TargetRing2D
06-02 15:54:02.157 31473 31530 I Unity   : Explosion spawned at: (1.55, 2.74, 0.00)
06-02 15:54:02.157 31473 31530 I Unity   : UnityEngine.Debug:ExtractStackTraceNoAlloc (byte*,int,string)
06-02 15:54:02.157 31473 31530 I Unity   : UnityEngine.StackTraceUtility:ExtractStackTrace () (at /home/bokken/build/output/unity/unity/Runtime/Export/Scripting/StackTrace.cs:35)
06-02 15:54:02.157 31473 31530 I Unity   : UnityEngine.DebugLogHandler:Internal_Log (UnityEngine.LogType,UnityEngine.LogOption,string,UnityEngine.Object)
06-02 15:54:02.157 31473 31530 I Unity   : UnityEngine.DebugLogHandler:LogFormat (UnityEngine.LogType,UnityEngine.Object,string,object[]) (at /home/bokken/build/output/unity/unity/Runtime/Export/Logging/DebugLogHandler.cs:9)
06-02 15:54:02.157 31473 31530 I Unity   : UnityEngine.Logger:Log (UnityEngine.LogType,object) (at /home/bokken/build/output/unity/unity/Runtime/Export/Logging/Logger.cs:60)
06-02 15:54:02.157 31473 31530 I Unity   : UnityEngine.Debug:Log (object) (at /home/bokken/build/output/unity/unity/Runtime/Export/Debug/Debug.bindings.cs:123)
06-02 15:54:02.157 31473 31530 I Unity   : CFXRExplosionManager:SpawnExplosion (UnityEngine.Vector3) (at C:/Games/UnityProject/OrbitDrop3D/Assets/Scripts/Utils/CFXRExplosionManager.cs:45)
06-02 15:54:02.157 31473 31530 I Unity   : ParticleManager:SpawnHitBurst (UnityEngine.Vector3) (at C:/Games/UnityProject/OrbitDrop3D/Assets/S
06-02 15:54:04.709 31473 31530 I Unity   : [OrbiterBall] Hit: TargetRing2D(Clone)  tag=Untagged  released=True
06-02 15:54:04.709 31473 31530 I Unity   : UnityEngine.Debug:ExtractStackTraceNoAlloc (byte*,int,string)
06-02 15:54:04.709 31473 31530 I Unity   : UnityEngine.StackTraceUtility:ExtractStackTrace () (at /home/bokken/build/output/unity/unity/Runtime/Export/Scripting/StackTrace.cs:35)
06-02 15:54:04.709 31473 31530 I Unity   : UnityEngine.DebugLogHandler:Internal_Log (UnityEngine.LogType,UnityEngine.LogOption,string,UnityEngine.Object)
06-02 15:54:04.709 31473 31530 I Unity   : UnityEngine.DebugLogHandler:LogFormat (UnityEngine.LogType,UnityEngine.Object,string,object[]) (at /home/bokken/build/output/unity/unity/Runtime/Export/Logging/DebugLogHandler.cs:9)
06-02 15:54:04.709 31473 31530 I Unity   : UnityEngine.Logger:Log (UnityEngine.LogType,object) (at /home/bokken/build/output/unity/unity/Runtime/Export/Logging/Logger.cs:60)
06-02 15:54:04.709 31473 31530 I Unity   : UnityEngine.Debug:Log (object) (at /home/bokken/build/output/unity/unity/Runtime/Export/Debug/Debug.bindings.cs:123)
06-02 15:54:04.709 31473 31530 I Unity   : OrbiterBall2D:OnTriggerEnter2D (UnityEngine.Collider2D) (at C:/Games/UnityProject/OrbitDrop3D/Assets/Scripts/Gameplay/OrbiterBall2D.cs:53)
06-02 15:54:04.709 31473 31530 I Unity   : 
06-02 15:54:04.709 31473 31530 I Unity   : (Filename: /home/bokken/build/output/unity/unity/Runtime/Export/Debug/Debug.
06-02 15:54:04.710 31473 31530 I Unity   : [TargetRing2D] OnTriggerEnter2D on 'LevelManager/TargetRing2D(Clone)' | _hit=False other='OrbiterBall2D(Clone)'
06-02 15:54:04.710 31473 31530 I Unity   : UnityEngine.Debug:ExtractStackTraceNoAlloc (byte*,int,string)
06-02 15:54:04.710 31473 31530 I Unity   : UnityEngine.StackTraceUtility:ExtractStackTrace () (at /home/bokken/build/output/unity/unity/Runtime/Export/Scripting/StackTrace.cs:35)
06-02 15:54:04.710 31473 31530 I Unity   : UnityEngine.DebugLogHandler:Internal_Log (UnityEngine.LogType,UnityEngine.LogOption,string,UnityEngine.Object)
06-02 15:54:04.710 31473 31530 I Unity   : UnityEngine.DebugLogHandler:LogFormat (UnityEngine.LogType,UnityEngine.Object,string,object[]) (at /home/bokken/build/output/unity/unity/Runtime/Export/Logging/DebugLogHandler.cs:9)
06-02 15:54:04.710 31473 31530 I Unity   : UnityEngine.Logger:Log (UnityEngine.LogType,object) (at /home/bokken/build/output/unity/unity/Runtime/Export/Logging/Logger.cs:60)
06-02 15:54:04.710 31473 31530 I Unity   : UnityEngine.Debug:Log (object) (at /home/bokken/build/output/unity/unity/Runtime/Export/Debug/Debug.bindings.cs:123)
06-02 15:54:04.710 31473 31530 I Unity   : TargetRing2D:OnTriggerEnter2D (UnityEngine.Collider2D) (at C:/Games/UnityProject/OrbitDrop3D/Assets/Scripts/Gameplay/TargetRing2D.cs:88)
06-02 15:54:04.710 31473 31530 I Unity   : 
06-02 15:54:04.710 31473 31530 I Unity   : (Filename: /home/bokken/build/outp
06-02 15:54:04.710 31473 31530 I Unity   : [TargetRing2D] Ball check | ball_found=True IsReleased=True HasHit=False
06-02 15:54:04.710 31473 31530 I Unity   : UnityEngine.Debug:ExtractStackTraceNoAlloc (byte*,int,string)
06-02 15:54:04.710 31473 31530 I Unity   : UnityEngine.StackTraceUtility:ExtractStackTrace () (at /home/bokken/build/output/unity/unity/Runtime/Export/Scripting/StackTrace.cs:35)
06-02 15:54:04.710 31473 31530 I Unity   : UnityEngine.DebugLogHandler:Internal_Log (UnityEngine.LogType,UnityEngine.LogOption,string,UnityEngine.Object)
06-02 15:54:04.710 31473 31530 I Unity   : UnityEngine.DebugLogHandler:LogFormat (UnityEngine.LogType,UnityEngine.Object,string,object[]) (at /home/bokken/build/output/unity/unity/Runtime/Export/Logging/DebugLogHandler.cs:9)
06-02 15:54:04.710 31473 31530 I Unity   : UnityEngine.Logger:Log (UnityEngine.LogType,object) (at /home/bokken/build/output/unity/unity/Runtime/Export/Logging/Logger.cs:60)
06-02 15:54:04.710 31473 31530 I Unity   : UnityEngine.Debug:Log (object) (at /home/bokken/build/output/unity/unity/Runtime/Export/Debug/Debug.bindings.cs:123)
06-02 15:54:04.710 31473 31530 I Unity   : TargetRing2D:OnTriggerEnter2D (UnityEngine.Collider2D) (at C:/Games/UnityProject/OrbitDrop3D/Assets/Scripts/Gameplay/TargetRing2D.cs:91)
06-02 15:54:04.710 31473 31530 I Unity   : 
06-02 15:54:04.710 31473 31530 I Unity   : (Filename: /home/bokken/build/output/unity/unity/Runtime/Export/Debug/Deb
06-02 15:54:04.711 31473 31530 I Unity   : [TargetRing2D] HIT ACCEPTED on 'LevelManager/TargetRing2D(Clone)' — processing score/destroy
06-02 15:54:04.711 31473 31530 I Unity   : UnityEngine.Debug:ExtractStackTraceNoAlloc (byte*,int,string)
06-02 15:54:04.711 31473 31530 I Unity   : UnityEngine.StackTraceUtility:ExtractStackTrace () (at /home/bokken/build/output/unity/unity/Runtime/Export/Scripting/StackTrace.cs:35)
06-02 15:54:04.711 31473 31530 I Unity   : UnityEngine.DebugLogHandler:Internal_Log (UnityEngine.LogType,UnityEngine.LogOption,string,UnityEngine.Object)
06-02 15:54:04.711 31473 31530 I Unity   : UnityEngine.DebugLogHandler:LogFormat (UnityEngine.LogType,UnityEngine.Object,string,object[]) (at /home/bokken/build/output/unity/unity/Runtime/Export/Logging/DebugLogHandler.cs:9)
06-02 15:54:04.711 31473 31530 I Unity   : UnityEngine.Logger:Log (UnityEngine.LogType,object) (at /home/bokken/build/output/unity/unity/Runtime/Export/Logging/Logger.cs:60)
06-02 15:54:04.711 31473 31530 I Unity   : UnityEngine.Debug:Log (object) (at /home/bokken/build/output/unity/unity/Runtime/Export/Debug/Debug.bindings.cs:123)
06-02 15:54:04.711 31473 31530 I Unity   : TargetRing2D:OnTriggerEnter2D (UnityEngine.Collider2D) (at C:/Games/UnityProject/OrbitDrop3D/Assets/Scripts/Gameplay/TargetRing2D.cs:94)
06-02 15:54:04.711 31473 31530 I Unity   : 
06-02 15:54:04.711 31473 31530 I Unity   : (Filename: /home/bokken/build/output/unity/unity/Ru
06-02 15:54:04.711 31473 31530 I Unity   : [ScoreManager] Hit! Combo=6  +600pts  Total=2100
06-02 15:54:04.711 31473 31530 I Unity   : UnityEngine.Debug:ExtractStackTraceNoAlloc (byte*,int,string)
06-02 15:54:04.711 31473 31530 I Unity   : UnityEngine.StackTraceUtility:ExtractStackTrace () (at /home/bokken/build/output/unity/unity/Runtime/Export/Scripting/StackTrace.cs:35)
06-02 15:54:04.711 31473 31530 I Unity   : UnityEngine.DebugLogHandler:Internal_Log (UnityEngine.LogType,UnityEngine.LogOption,string,UnityEngine.Object)
06-02 15:54:04.711 31473 31530 I Unity   : UnityEngine.DebugLogHandler:LogFormat (UnityEngine.LogType,UnityEngine.Object,string,object[]) (at /home/bokken/build/output/unity/unity/Runtime/Export/Logging/DebugLogHandler.cs:9)
06-02 15:54:04.711 31473 31530 I Unity   : UnityEngine.Logger:Log (UnityEngine.LogType,object) (at /home/bokken/build/output/unity/unity/Runtime/Export/Logging/Logger.cs:60)
06-02 15:54:04.711 31473 31530 I Unity   : UnityEngine.Debug:Log (object) (at /home/bokken/build/output/unity/unity/Runtime/Export/Debug/Debug.bindings.cs:123)
06-02 15:54:04.711 31473 31530 I Unity   : ScoreManager:RegisterHit () (at C:/Games/UnityProject/OrbitDrop3D/Assets/Scripts/Core/ScoreManager.cs:65)
06-02 15:54:04.711 31473 31530 I Unity   : TargetRing2D:OnTriggerEnter2D (UnityEngine.Collider2D) (at C:/Games/UnityProject/OrbitDrop3D/Assets/Scripts/Gameplay/TargetRing2D
06-02 15:54:04.712 31473 31530 I Unity   : Explosion spawned at: (1.18, 3.61, 0.00)
06-02 15:54:04.712 31473 31530 I Unity   : UnityEngine.Debug:ExtractStackTraceNoAlloc (byte*,int,string)
06-02 15:54:04.712 31473 31530 I Unity   : UnityEngine.StackTraceUtility:ExtractStackTrace () (at /home/bokken/build/output/unity/unity/Runtime/Export/Scripting/StackTrace.cs:35)
06-02 15:54:04.712 31473 31530 I Unity   : UnityEngine.DebugLogHandler:Internal_Log (UnityEngine.LogType,UnityEngine.LogOption,string,UnityEngine.Object)
06-02 15:54:04.712 31473 31530 I Unity   : UnityEngine.DebugLogHandler:LogFormat (UnityEngine.LogType,UnityEngine.Object,string,object[]) (at /home/bokken/build/output/unity/unity/Runtime/Export/Logging/DebugLogHandler.cs:9)
06-02 15:54:04.712 31473 31530 I Unity   : UnityEngine.Logger:Log (UnityEngine.LogType,object) (at /home/bokken/build/output/unity/unity/Runtime/Export/Logging/Logger.cs:60)
06-02 15:54:04.712 31473 31530 I Unity   : UnityEngine.Debug:Log (object) (at /home/bokken/build/output/unity/unity/Runtime/Export/Debug/Debug.bindings.cs:123)
06-02 15:54:04.712 31473 31530 I Unity   : CFXRExplosionManager:SpawnExplosion (UnityEngine.Vector3) (at C:/Games/UnityProject/OrbitDrop3D/Assets/Scripts/Utils/CFXRExplosionManager.cs:45)
06-02 15:54:04.712 31473 31530 I Unity   : ParticleManager:SpawnHitBurst (UnityEngine.Vector3) (at C:/Games/UnityProject/OrbitDrop3D/Assets/S
06-02 15:54:07.419 31473 31530 I Unity   : [OrbiterBall] Hit: TargetRing2D(Clone)  tag=Untagged  released=True
06-02 15:54:07.419 31473 31530 I Unity   : UnityEngine.Debug:ExtractStackTraceNoAlloc (byte*,int,string)
06-02 15:54:07.419 31473 31530 I Unity   : UnityEngine.StackTraceUtility:ExtractStackTrace () (at /home/bokken/build/output/unity/unity/Runtime/Export/Scripting/StackTrace.cs:35)
06-02 15:54:07.419 31473 31530 I Unity   : UnityEngine.DebugLogHandler:Internal_Log (UnityEngine.LogType,UnityEngine.LogOption,string,UnityEngine.Object)
06-02 15:54:07.419 31473 31530 I Unity   : UnityEngine.DebugLogHandler:LogFormat (UnityEngine.LogType,UnityEngine.Object,string,object[]) (at /home/bokken/build/output/unity/unity/Runtime/Export/Logging/DebugLogHandler.cs:9)
06-02 15:54:07.419 31473 31530 I Unity   : UnityEngine.Logger:Log (UnityEngine.LogType,object) (at /home/bokken/build/output/unity/unity/Runtime/Export/Logging/Logger.cs:60)
06-02 15:54:07.419 31473 31530 I Unity   : UnityEngine.Debug:Log (object) (at /home/bokken/build/output/unity/unity/Runtime/Export/Debug/Debug.bindings.cs:123)
06-02 15:54:07.419 31473 31530 I Unity   : OrbiterBall2D:OnTriggerEnter2D (UnityEngine.Collider2D) (at C:/Games/UnityProject/OrbitDrop3D/Assets/Scripts/Gameplay/OrbiterBall2D.cs:53)
06-02 15:54:07.419 31473 31530 I Unity   : 
06-02 15:54:07.419 31473 31530 I Unity   : (Filename: /home/bokken/build/output/unity/unity/Runtime/Export/Debug/Debug.
06-02 15:54:07.420 31473 31530 I Unity   : [TargetRing2D] OnTriggerEnter2D on 'LevelManager/TargetRing2D(Clone)' | _hit=False other='OrbiterBall2D(Clone)'
06-02 15:54:07.420 31473 31530 I Unity   : UnityEngine.Debug:ExtractStackTraceNoAlloc (byte*,int,string)
06-02 15:54:07.420 31473 31530 I Unity   : UnityEngine.StackTraceUtility:ExtractStackTrace () (at /home/bokken/build/output/unity/unity/Runtime/Export/Scripting/StackTrace.cs:35)
06-02 15:54:07.420 31473 31530 I Unity   : UnityEngine.DebugLogHandler:Internal_Log (UnityEngine.LogType,UnityEngine.LogOption,string,UnityEngine.Object)
06-02 15:54:07.420 31473 31530 I Unity   : UnityEngine.DebugLogHandler:LogFormat (UnityEngine.LogType,UnityEngine.Object,string,object[]) (at /home/bokken/build/output/unity/unity/Runtime/Export/Logging/DebugLogHandler.cs:9)
06-02 15:54:07.420 31473 31530 I Unity   : UnityEngine.Logger:Log (UnityEngine.LogType,object) (at /home/bokken/build/output/unity/unity/Runtime/Export/Logging/Logger.cs:60)
06-02 15:54:07.420 31473 31530 I Unity   : UnityEngine.Debug:Log (object) (at /home/bokken/build/output/unity/unity/Runtime/Export/Debug/Debug.bindings.cs:123)
06-02 15:54:07.420 31473 31530 I Unity   : TargetRing2D:OnTriggerEnter2D (UnityEngine.Collider2D) (at C:/Games/UnityProject/OrbitDrop3D/Assets/Scripts/Gameplay/TargetRing2D.cs:88)
06-02 15:54:07.420 31473 31530 I Unity   : 
06-02 15:54:07.420 31473 31530 I Unity   : (Filename: /home/bokken/build/outp
06-02 15:54:07.420 31473 31530 I Unity   : [TargetRing2D] Ball check | ball_found=True IsReleased=True HasHit=False
06-02 15:54:07.420 31473 31530 I Unity   : UnityEngine.Debug:ExtractStackTraceNoAlloc (byte*,int,string)
06-02 15:54:07.420 31473 31530 I Unity   : UnityEngine.StackTraceUtility:ExtractStackTrace () (at /home/bokken/build/output/unity/unity/Runtime/Export/Scripting/StackTrace.cs:35)
06-02 15:54:07.420 31473 31530 I Unity   : UnityEngine.DebugLogHandler:Internal_Log (UnityEngine.LogType,UnityEngine.LogOption,string,UnityEngine.Object)
06-02 15:54:07.420 31473 31530 I Unity   : UnityEngine.DebugLogHandler:LogFormat (UnityEngine.LogType,UnityEngine.Object,string,object[]) (at /home/bokken/build/output/unity/unity/Runtime/Export/Logging/DebugLogHandler.cs:9)
06-02 15:54:07.420 31473 31530 I Unity   : UnityEngine.Logger:Log (UnityEngine.LogType,object) (at /home/bokken/build/output/unity/unity/Runtime/Export/Logging/Logger.cs:60)
06-02 15:54:07.420 31473 31530 I Unity   : UnityEngine.Debug:Log (object) (at /home/bokken/build/output/unity/unity/Runtime/Export/Debug/Debug.bindings.cs:123)
06-02 15:54:07.420 31473 31530 I Unity   : TargetRing2D:OnTriggerEnter2D (UnityEngine.Collider2D) (at C:/Games/UnityProject/OrbitDrop3D/Assets/Scripts/Gameplay/TargetRing2D.cs:91)
06-02 15:54:07.420 31473 31530 I Unity   : 
06-02 15:54:07.420 31473 31530 I Unity   : (Filename: /home/bokken/build/output/unity/unity/Runtime/Export/Debug/Deb
06-02 15:54:07.421 31473 31530 I Unity   : [TargetRing2D] HIT ACCEPTED on 'LevelManager/TargetRing2D(Clone)' — processing score/destroy
06-02 15:54:07.421 31473 31530 I Unity   : UnityEngine.Debug:ExtractStackTraceNoAlloc (byte*,int,string)
06-02 15:54:07.421 31473 31530 I Unity   : UnityEngine.StackTraceUtility:ExtractStackTrace () (at /home/bokken/build/output/unity/unity/Runtime/Export/Scripting/StackTrace.cs:35)
06-02 15:54:07.421 31473 31530 I Unity   : UnityEngine.DebugLogHandler:Internal_Log (UnityEngine.LogType,UnityEngine.LogOption,string,UnityEngine.Object)
06-02 15:54:07.421 31473 31530 I Unity   : UnityEngine.DebugLogHandler:LogFormat (UnityEngine.LogType,UnityEngine.Object,string,object[]) (at /home/bokken/build/output/unity/unity/Runtime/Export/Logging/DebugLogHandler.cs:9)
06-02 15:54:07.421 31473 31530 I Unity   : UnityEngine.Logger:Log (UnityEngine.LogType,object) (at /home/bokken/build/output/unity/unity/Runtime/Export/Logging/Logger.cs:60)
06-02 15:54:07.421 31473 31530 I Unity   : UnityEngine.Debug:Log (object) (at /home/bokken/build/output/unity/unity/Runtime/Export/Debug/Debug.bindings.cs:123)
06-02 15:54:07.421 31473 31530 I Unity   : TargetRing2D:OnTriggerEnter2D (UnityEngine.Collider2D) (at C:/Games/UnityProject/OrbitDrop3D/Assets/Scripts/Gameplay/TargetRing2D.cs:94)
06-02 15:54:07.421 31473 31530 I Unity   : 
06-02 15:54:07.421 31473 31530 I Unity   : (Filename: /home/bokken/build/output/unity/unity/Ru
06-02 15:54:07.421 31473 31530 I Unity   : [ScoreManager] Hit! Combo=7  +700pts  Total=2800
06-02 15:54:07.421 31473 31530 I Unity   : UnityEngine.Debug:ExtractStackTraceNoAlloc (byte*,int,string)
06-02 15:54:07.421 31473 31530 I Unity   : UnityEngine.StackTraceUtility:ExtractStackTrace () (at /home/bokken/build/output/unity/unity/Runtime/Export/Scripting/StackTrace.cs:35)
06-02 15:54:07.421 31473 31530 I Unity   : UnityEngine.DebugLogHandler:Internal_Log (UnityEngine.LogType,UnityEngine.LogOption,string,UnityEngine.Object)
06-02 15:54:07.421 31473 31530 I Unity   : UnityEngine.DebugLogHandler:LogFormat (UnityEngine.LogType,UnityEngine.Object,string,object[]) (at /home/bokken/build/output/unity/unity/Runtime/Export/Logging/DebugLogHandler.cs:9)
06-02 15:54:07.421 31473 31530 I Unity   : UnityEngine.Logger:Log (UnityEngine.LogType,object) (at /home/bokken/build/output/unity/unity/Runtime/Export/Logging/Logger.cs:60)
06-02 15:54:07.421 31473 31530 I Unity   : UnityEngine.Debug:Log (object) (at /home/bokken/build/output/unity/unity/Runtime/Export/Debug/Debug.bindings.cs:123)
06-02 15:54:07.421 31473 31530 I Unity   : ScoreManager:RegisterHit () (at C:/Games/UnityProject/OrbitDrop3D/Assets/Scripts/Core/ScoreManager.cs:65)
06-02 15:54:07.421 31473 31530 I Unity   : TargetRing2D:OnTriggerEnter2D (UnityEngine.Collider2D) (at C:/Games/UnityProject/OrbitDrop3D/Assets/Scripts/Gameplay/TargetRing2D
06-02 15:54:07.422 31473 31530 I Unity   : Explosion spawned at: (0.25, 3.73, 0.00)
06-02 15:54:07.422 31473 31530 I Unity   : UnityEngine.Debug:ExtractStackTraceNoAlloc (byte*,int,string)
06-02 15:54:07.422 31473 31530 I Unity   : UnityEngine.StackTraceUtility:ExtractStackTrace () (at /home/bokken/build/output/unity/unity/Runtime/Export/Scripting/StackTrace.cs:35)
06-02 15:54:07.422 31473 31530 I Unity   : UnityEngine.DebugLogHandler:Internal_Log (UnityEngine.LogType,UnityEngine.LogOption,string,UnityEngine.Object)
06-02 15:54:07.422 31473 31530 I Unity   : UnityEngine.DebugLogHandler:LogFormat (UnityEngine.LogType,UnityEngine.Object,string,object[]) (at /home/bokken/build/output/unity/unity/Runtime/Export/Logging/DebugLogHandler.cs:9)
06-02 15:54:07.422 31473 31530 I Unity   : UnityEngine.Logger:Log (UnityEngine.LogType,object) (at /home/bokken/build/output/unity/unity/Runtime/Export/Logging/Logger.cs:60)
06-02 15:54:07.422 31473 31530 I Unity   : UnityEngine.Debug:Log (object) (at /home/bokken/build/output/unity/unity/Runtime/Export/Debug/Debug.bindings.cs:123)
06-02 15:54:07.422 31473 31530 I Unity   : CFXRExplosionManager:SpawnExplosion (UnityEngine.Vector3) (at C:/Games/UnityProject/OrbitDrop3D/Assets/Scripts/Utils/CFXRExplosionManager.cs:45)
06-02 15:54:07.422 31473 31530 I Unity   : ParticleManager:SpawnHitBurst (UnityEngine.Vector3) (at C:/Games/UnityProject/OrbitDrop3D/Assets/S
06-02 15:54:07.441 31473 31530 I Unity   : [OrbiterBall] Hit: TargetRing2D(Clone)  tag=Untagged  released=True
06-02 15:54:07.441 31473 31530 I Unity   : UnityEngine.Debug:ExtractStackTraceNoAlloc (byte*,int,string)
06-02 15:54:07.441 31473 31530 I Unity   : UnityEngine.StackTraceUtility:ExtractStackTrace () (at /home/bokken/build/output/unity/unity/Runtime/Export/Scripting/StackTrace.cs:35)
06-02 15:54:07.441 31473 31530 I Unity   : UnityEngine.DebugLogHandler:Internal_Log (UnityEngine.LogType,UnityEngine.LogOption,string,UnityEngine.Object)
06-02 15:54:07.441 31473 31530 I Unity   : UnityEngine.DebugLogHandler:LogFormat (UnityEngine.LogType,UnityEngine.Object,string,object[]) (at /home/bokken/build/output/unity/unity/Runtime/Export/Logging/DebugLogHandler.cs:9)
06-02 15:54:07.441 31473 31530 I Unity   : UnityEngine.Logger:Log (UnityEngine.LogType,object) (at /home/bokken/build/output/unity/unity/Runtime/Export/Logging/Logger.cs:60)
06-02 15:54:07.441 31473 31530 I Unity   : UnityEngine.Debug:Log (object) (at /home/bokken/build/output/unity/unity/Runtime/Export/Debug/Debug.bindings.cs:123)
06-02 15:54:07.441 31473 31530 I Unity   : OrbiterBall2D:OnTriggerEnter2D (UnityEngine.Collider2D) (at C:/Games/UnityProject/OrbitDrop3D/Assets/Scripts/Gameplay/OrbiterBall2D.cs:53)
06-02 15:54:07.441 31473 31530 I Unity   : 
06-02 15:54:07.441 31473 31530 I Unity   : (Filename: /home/bokken/build/output/unity/unity/Runtime/Export/Debug/Debug.
06-02 15:54:07.442 31473 31530 I Unity   : [TargetRing2D] OnTriggerEnter2D on 'LevelManager/TargetRing2D(Clone)' | _hit=False other='OrbiterBall2D(Clone)'
06-02 15:54:07.442 31473 31530 I Unity   : UnityEngine.Debug:ExtractStackTraceNoAlloc (byte*,int,string)
06-02 15:54:07.442 31473 31530 I Unity   : UnityEngine.StackTraceUtility:ExtractStackTrace () (at /home/bokken/build/output/unity/unity/Runtime/Export/Scripting/StackTrace.cs:35)
06-02 15:54:07.442 31473 31530 I Unity   : UnityEngine.DebugLogHandler:Internal_Log (UnityEngine.LogType,UnityEngine.LogOption,string,UnityEngine.Object)
06-02 15:54:07.442 31473 31530 I Unity   : UnityEngine.DebugLogHandler:LogFormat (UnityEngine.LogType,UnityEngine.Object,string,object[]) (at /home/bokken/build/output/unity/unity/Runtime/Export/Logging/DebugLogHandler.cs:9)
06-02 15:54:07.442 31473 31530 I Unity   : UnityEngine.Logger:Log (UnityEngine.LogType,object) (at /home/bokken/build/output/unity/unity/Runtime/Export/Logging/Logger.cs:60)
06-02 15:54:07.442 31473 31530 I Unity   : UnityEngine.Debug:Log (object) (at /home/bokken/build/output/unity/unity/Runtime/Export/Debug/Debug.bindings.cs:123)
06-02 15:54:07.442 31473 31530 I Unity   : TargetRing2D:OnTriggerEnter2D (UnityEngine.Collider2D) (at C:/Games/UnityProject/OrbitDrop3D/Assets/Scripts/Gameplay/TargetRing2D.cs:88)
06-02 15:54:07.442 31473 31530 I Unity   : 
06-02 15:54:07.442 31473 31530 I Unity   : (Filename: /home/bokken/build/outp
06-02 15:54:07.442 31473 31530 I Unity   : [TargetRing2D] Ball check | ball_found=True IsReleased=True HasHit=True
06-02 15:54:07.442 31473 31530 I Unity   : UnityEngine.Debug:ExtractStackTraceNoAlloc (byte*,int,string)
06-02 15:54:07.442 31473 31530 I Unity   : UnityEngine.StackTraceUtility:ExtractStackTrace () (at /home/bokken/build/output/unity/unity/Runtime/Export/Scripting/StackTrace.cs:35)
06-02 15:54:07.442 31473 31530 I Unity   : UnityEngine.DebugLogHandler:Internal_Log (UnityEngine.LogType,UnityEngine.LogOption,string,UnityEngine.Object)
06-02 15:54:07.442 31473 31530 I Unity   : UnityEngine.DebugLogHandler:LogFormat (UnityEngine.LogType,UnityEngine.Object,string,object[]) (at /home/bokken/build/output/unity/unity/Runtime/Export/Logging/DebugLogHandler.cs:9)
06-02 15:54:07.442 31473 31530 I Unity   : UnityEngine.Logger:Log (UnityEngine.LogType,object) (at /home/bokken/build/output/unity/unity/Runtime/Export/Logging/Logger.cs:60)
06-02 15:54:07.442 31473 31530 I Unity   : UnityEngine.Debug:Log (object) (at /home/bokken/build/output/unity/unity/Runtime/Export/Debug/Debug.bindings.cs:123)
06-02 15:54:07.442 31473 31530 I Unity   : TargetRing2D:OnTriggerEnter2D (UnityEngine.Collider2D) (at C:/Games/UnityProject/OrbitDrop3D/Assets/Scripts/Gameplay/TargetRing2D.cs:91)
06-02 15:54:07.442 31473 31530 I Unity   : 
06-02 15:54:07.442 31473 31530 I Unity   : (Filename: /home/bokken/build/output/unity/unity/Runtime/Export/Debug/Debu
06-02 15:54:07.443 31473 31530 I Unity   : [TargetRing2D] HIT ACCEPTED on 'LevelManager/TargetRing2D(Clone)' — processing score/destroy
06-02 15:54:07.443 31473 31530 I Unity   : UnityEngine.Debug:ExtractStackTraceNoAlloc (byte*,int,string)
06-02 15:54:07.443 31473 31530 I Unity   : UnityEngine.StackTraceUtility:ExtractStackTrace () (at /home/bokken/build/output/unity/unity/Runtime/Export/Scripting/StackTrace.cs:35)
06-02 15:54:07.443 31473 31530 I Unity   : UnityEngine.DebugLogHandler:Internal_Log (UnityEngine.LogType,UnityEngine.LogOption,string,UnityEngine.Object)
06-02 15:54:07.443 31473 31530 I Unity   : UnityEngine.DebugLogHandler:LogFormat (UnityEngine.LogType,UnityEngine.Object,string,object[]) (at /home/bokken/build/output/unity/unity/Runtime/Export/Logging/DebugLogHandler.cs:9)
06-02 15:54:07.443 31473 31530 I Unity   : UnityEngine.Logger:Log (UnityEngine.LogType,object) (at /home/bokken/build/output/unity/unity/Runtime/Export/Logging/Logger.cs:60)
06-02 15:54:07.443 31473 31530 I Unity   : UnityEngine.Debug:Log (object) (at /home/bokken/build/output/unity/unity/Runtime/Export/Debug/Debug.bindings.cs:123)
06-02 15:54:07.443 31473 31530 I Unity   : TargetRing2D:OnTriggerEnter2D (UnityEngine.Collider2D) (at C:/Games/UnityProject/OrbitDrop3D/Assets/Scripts/Gameplay/TargetRing2D.cs:94)
06-02 15:54:07.443 31473 31530 I Unity   : 
06-02 15:54:07.443 31473 31530 I Unity   : (Filename: /home/bokken/build/output/unity/unity/Ru
06-02 15:54:07.443 31473 31530 I Unity   : [ScoreManager] Hit! Combo=8  +800pts  Total=3600
06-02 15:54:07.443 31473 31530 I Unity   : UnityEngine.Debug:ExtractStackTraceNoAlloc (byte*,int,string)
06-02 15:54:07.443 31473 31530 I Unity   : UnityEngine.StackTraceUtility:ExtractStackTrace () (at /home/bokken/build/output/unity/unity/Runtime/Export/Scripting/StackTrace.cs:35)
06-02 15:54:07.443 31473 31530 I Unity   : UnityEngine.DebugLogHandler:Internal_Log (UnityEngine.LogType,UnityEngine.LogOption,string,UnityEngine.Object)
06-02 15:54:07.443 31473 31530 I Unity   : UnityEngine.DebugLogHandler:LogFormat (UnityEngine.LogType,UnityEngine.Object,string,object[]) (at /home/bokken/build/output/unity/unity/Runtime/Export/Logging/DebugLogHandler.cs:9)
06-02 15:54:07.443 31473 31530 I Unity   : UnityEngine.Logger:Log (UnityEngine.LogType,object) (at /home/bokken/build/output/unity/unity/Runtime/Export/Logging/Logger.cs:60)
06-02 15:54:07.443 31473 31530 I Unity   : UnityEngine.Debug:Log (object) (at /home/bokken/build/output/unity/unity/Runtime/Export/Debug/Debug.bindings.cs:123)
06-02 15:54:07.443 31473 31530 I Unity   : ScoreManager:RegisterHit () (at C:/Games/UnityProject/OrbitDrop3D/Assets/Scripts/Core/ScoreManager.cs:65)
06-02 15:54:07.443 31473 31530 I Unity   : TargetRing2D:OnTriggerEnter2D (UnityEngine.Collider2D) (at C:/Games/UnityProject/OrbitDrop3D/Assets/Scripts/Gameplay/TargetRing2D
06-02 15:54:07.444 31473 31530 I Unity   : Explosion spawned at: (0.10, 3.81, 0.00)
06-02 15:54:07.444 31473 31530 I Unity   : UnityEngine.Debug:ExtractStackTraceNoAlloc (byte*,int,string)
06-02 15:54:07.444 31473 31530 I Unity   : UnityEngine.StackTraceUtility:ExtractStackTrace () (at /home/bokken/build/output/unity/unity/Runtime/Export/Scripting/StackTrace.cs:35)
06-02 15:54:07.444 31473 31530 I Unity   : UnityEngine.DebugLogHandler:Internal_Log (UnityEngine.LogType,UnityEngine.LogOption,string,UnityEngine.Object)
06-02 15:54:07.444 31473 31530 I Unity   : UnityEngine.DebugLogHandler:LogFormat (UnityEngine.LogType,UnityEngine.Object,string,object[]) (at /home/bokken/build/output/unity/unity/Runtime/Export/Logging/DebugLogHandler.cs:9)
06-02 15:54:07.444 31473 31530 I Unity   : UnityEngine.Logger:Log (UnityEngine.LogType,object) (at /home/bokken/build/output/unity/unity/Runtime/Export/Logging/Logger.cs:60)
06-02 15:54:07.444 31473 31530 I Unity   : UnityEngine.Debug:Log (object) (at /home/bokken/build/output/unity/unity/Runtime/Export/Debug/Debug.bindings.cs:123)
06-02 15:54:07.444 31473 31530 I Unity   : CFXRExplosionManager:SpawnExplosion (UnityEngine.Vector3) (at C:/Games/UnityProject/OrbitDrop3D/Assets/Scripts/Utils/CFXRExplosionManager.cs:45)
06-02 15:54:07.444 31473 31530 I Unity   : ParticleManager:SpawnHitBurst (UnityEngine.Vector3) (at C:/Games/UnityProject/OrbitDrop3D/Assets/S
06-02 15:54:07.486 31473 31530 I Unity   : [OrbiterBall] Hit: TargetRing2D  tag=Untagged  released=True
06-02 15:54:07.486 31473 31530 I Unity   : UnityEngine.Debug:ExtractStackTraceNoAlloc (byte*,int,string)
06-02 15:54:07.486 31473 31530 I Unity   : UnityEngine.StackTraceUtility:ExtractStackTrace () (at /home/bokken/build/output/unity/unity/Runtime/Export/Scripting/StackTrace.cs:35)
06-02 15:54:07.486 31473 31530 I Unity   : UnityEngine.DebugLogHandler:Internal_Log (UnityEngine.LogType,UnityEngine.LogOption,string,UnityEngine.Object)
06-02 15:54:07.486 31473 31530 I Unity   : UnityEngine.DebugLogHandler:LogFormat (UnityEngine.LogType,UnityEngine.Object,string,object[]) (at /home/bokken/build/output/unity/unity/Runtime/Export/Logging/DebugLogHandler.cs:9)
06-02 15:54:07.486 31473 31530 I Unity   : UnityEngine.Logger:Log (UnityEngine.LogType,object) (at /home/bokken/build/output/unity/unity/Runtime/Export/Logging/Logger.cs:60)
06-02 15:54:07.486 31473 31530 I Unity   : UnityEngine.Debug:Log (object) (at /home/bokken/build/output/unity/unity/Runtime/Export/Debug/Debug.bindings.cs:123)
06-02 15:54:07.486 31473 31530 I Unity   : OrbiterBall2D:OnTriggerEnter2D (UnityEngine.Collider2D) (at C:/Games/UnityProject/OrbitDrop3D/Assets/Scripts/Gameplay/OrbiterBall2D.cs:53)
06-02 15:54:07.486 31473 31530 I Unity   : 
06-02 15:54:07.486 31473 31530 I Unity   : (Filename: /home/bokken/build/output/unity/unity/Runtime/Export/Debug/Debug.binding
06-02 15:54:07.508 31473 31530 I Unity   : [OrbiterBall] Hit: TargetRing2D  tag=Untagged  released=True
06-02 15:54:07.508 31473 31530 I Unity   : UnityEngine.Debug:ExtractStackTraceNoAlloc (byte*,int,string)
06-02 15:54:07.508 31473 31530 I Unity   : UnityEngine.StackTraceUtility:ExtractStackTrace () (at /home/bokken/build/output/unity/unity/Runtime/Export/Scripting/StackTrace.cs:35)
06-02 15:54:07.508 31473 31530 I Unity   : UnityEngine.DebugLogHandler:Internal_Log (UnityEngine.LogType,UnityEngine.LogOption,string,UnityEngine.Object)
06-02 15:54:07.508 31473 31530 I Unity   : UnityEngine.DebugLogHandler:LogFormat (UnityEngine.LogType,UnityEngine.Object,string,object[]) (at /home/bokken/build/output/unity/unity/Runtime/Export/Logging/DebugLogHandler.cs:9)
06-02 15:54:07.508 31473 31530 I Unity   : UnityEngine.Logger:Log (UnityEngine.LogType,object) (at /home/bokken/build/output/unity/unity/Runtime/Export/Logging/Logger.cs:60)
06-02 15:54:07.508 31473 31530 I Unity   : UnityEngine.Debug:Log (object) (at /home/bokken/build/output/unity/unity/Runtime/Export/Debug/Debug.bindings.cs:123)
06-02 15:54:07.508 31473 31530 I Unity   : OrbiterBall2D:OnTriggerEnter2D (UnityEngine.Collider2D) (at C:/Games/UnityProject/OrbitDrop3D/Assets/Scripts/Gameplay/OrbiterBall2D.cs:53)
06-02 15:54:07.508 31473 31530 I Unity   : 
06-02 15:54:07.508 31473 31530 I Unity   : (Filename: /home/bokken/build/output/unity/unity/Runtime/Export/Debug/Debug.binding
06-02 15:54:09.951 31473 31530 I Unity   : [OrbiterBall] Hit: TargetRing2D(Clone)  tag=Untagged  released=True
06-02 15:54:09.951 31473 31530 I Unity   : UnityEngine.Debug:ExtractStackTraceNoAlloc (byte*,int,string)
06-02 15:54:09.951 31473 31530 I Unity   : UnityEngine.StackTraceUtility:ExtractStackTrace () (at /home/bokken/build/output/unity/unity/Runtime/Export/Scripting/StackTrace.cs:35)
06-02 15:54:09.951 31473 31530 I Unity   : UnityEngine.DebugLogHandler:Internal_Log (UnityEngine.LogType,UnityEngine.LogOption,string,UnityEngine.Object)
06-02 15:54:09.951 31473 31530 I Unity   : UnityEngine.DebugLogHandler:LogFormat (UnityEngine.LogType,UnityEngine.Object,string,object[]) (at /home/bokken/build/output/unity/unity/Runtime/Export/Logging/DebugLogHandler.cs:9)
06-02 15:54:09.951 31473 31530 I Unity   : UnityEngine.Logger:Log (UnityEngine.LogType,object) (at /home/bokken/build/output/unity/unity/Runtime/Export/Logging/Logger.cs:60)
06-02 15:54:09.951 31473 31530 I Unity   : UnityEngine.Debug:Log (object) (at /home/bokken/build/output/unity/unity/Runtime/Export/Debug/Debug.bindings.cs:123)
06-02 15:54:09.951 31473 31530 I Unity   : OrbiterBall2D:OnTriggerEnter2D (UnityEngine.Collider2D) (at C:/Games/UnityProject/OrbitDrop3D/Assets/Scripts/Gameplay/OrbiterBall2D.cs:53)
06-02 15:54:09.951 31473 31530 I Unity   : 
06-02 15:54:09.951 31473 31530 I Unity   : (Filename: /home/bokken/build/output/unity/unity/Runtime/Export/Debug/Debug.
06-02 15:54:09.952 31473 31530 I Unity   : [TargetRing2D] OnTriggerEnter2D on 'LevelManager/TargetRing2D(Clone)' | _hit=False other='OrbiterBall2D(Clone)'
06-02 15:54:09.952 31473 31530 I Unity   : UnityEngine.Debug:ExtractStackTraceNoAlloc (byte*,int,string)
06-02 15:54:09.952 31473 31530 I Unity   : UnityEngine.StackTraceUtility:ExtractStackTrace () (at /home/bokken/build/output/unity/unity/Runtime/Export/Scripting/StackTrace.cs:35)
06-02 15:54:09.952 31473 31530 I Unity   : UnityEngine.DebugLogHandler:Internal_Log (UnityEngine.LogType,UnityEngine.LogOption,string,UnityEngine.Object)
06-02 15:54:09.952 31473 31530 I Unity   : UnityEngine.DebugLogHandler:LogFormat (UnityEngine.LogType,UnityEngine.Object,string,object[]) (at /home/bokken/build/output/unity/unity/Runtime/Export/Logging/DebugLogHandler.cs:9)
06-02 15:54:09.952 31473 31530 I Unity   : UnityEngine.Logger:Log (UnityEngine.LogType,object) (at /home/bokken/build/output/unity/unity/Runtime/Export/Logging/Logger.cs:60)
06-02 15:54:09.952 31473 31530 I Unity   : UnityEngine.Debug:Log (object) (at /home/bokken/build/output/unity/unity/Runtime/Export/Debug/Debug.bindings.cs:123)
06-02 15:54:09.952 31473 31530 I Unity   : TargetRing2D:OnTriggerEnter2D (UnityEngine.Collider2D) (at C:/Games/UnityProject/OrbitDrop3D/Assets/Scripts/Gameplay/TargetRing2D.cs:88)
06-02 15:54:09.952 31473 31530 I Unity   : 
06-02 15:54:09.952 31473 31530 I Unity   : (Filename: /home/bokken/build/outp
06-02 15:54:09.952 31473 31530 I Unity   : [TargetRing2D] Ball check | ball_found=True IsReleased=True HasHit=False
06-02 15:54:09.952 31473 31530 I Unity   : UnityEngine.Debug:ExtractStackTraceNoAlloc (byte*,int,string)
06-02 15:54:09.952 31473 31530 I Unity   : UnityEngine.StackTraceUtility:ExtractStackTrace () (at /home/bokken/build/output/unity/unity/Runtime/Export/Scripting/StackTrace.cs:35)
06-02 15:54:09.952 31473 31530 I Unity   : UnityEngine.DebugLogHandler:Internal_Log (UnityEngine.LogType,UnityEngine.LogOption,string,UnityEngine.Object)
06-02 15:54:09.952 31473 31530 I Unity   : UnityEngine.DebugLogHandler:LogFormat (UnityEngine.LogType,UnityEngine.Object,string,object[]) (at /home/bokken/build/output/unity/unity/Runtime/Export/Logging/DebugLogHandler.cs:9)
06-02 15:54:09.952 31473 31530 I Unity   : UnityEngine.Logger:Log (UnityEngine.LogType,object) (at /home/bokken/build/output/unity/unity/Runtime/Export/Logging/Logger.cs:60)
06-02 15:54:09.952 31473 31530 I Unity   : UnityEngine.Debug:Log (object) (at /home/bokken/build/output/unity/unity/Runtime/Export/Debug/Debug.bindings.cs:123)
06-02 15:54:09.952 31473 31530 I Unity   : TargetRing2D:OnTriggerEnter2D (UnityEngine.Collider2D) (at C:/Games/UnityProject/OrbitDrop3D/Assets/Scripts/Gameplay/TargetRing2D.cs:91)
06-02 15:54:09.952 31473 31530 I Unity   : 
06-02 15:54:09.952 31473 31530 I Unity   : (Filename: /home/bokken/build/output/unity/unity/Runtime/Export/Debug/Deb
06-02 15:54:09.953 31473 31530 I Unity   : [TargetRing2D] HIT ACCEPTED on 'LevelManager/TargetRing2D(Clone)' — processing score/destroy
06-02 15:54:09.953 31473 31530 I Unity   : UnityEngine.Debug:ExtractStackTraceNoAlloc (byte*,int,string)
06-02 15:54:09.953 31473 31530 I Unity   : UnityEngine.StackTraceUtility:ExtractStackTrace () (at /home/bokken/build/output/unity/unity/Runtime/Export/Scripting/StackTrace.cs:35)
06-02 15:54:09.953 31473 31530 I Unity   : UnityEngine.DebugLogHandler:Internal_Log (UnityEngine.LogType,UnityEngine.LogOption,string,UnityEngine.Object)
06-02 15:54:09.953 31473 31530 I Unity   : UnityEngine.DebugLogHandler:LogFormat (UnityEngine.LogType,UnityEngine.Object,string,object[]) (at /home/bokken/build/output/unity/unity/Runtime/Export/Logging/DebugLogHandler.cs:9)
06-02 15:54:09.953 31473 31530 I Unity   : UnityEngine.Logger:Log (UnityEngine.LogType,object) (at /home/bokken/build/output/unity/unity/Runtime/Export/Logging/Logger.cs:60)
06-02 15:54:09.953 31473 31530 I Unity   : UnityEngine.Debug:Log (object) (at /home/bokken/build/output/unity/unity/Runtime/Export/Debug/Debug.bindings.cs:123)
06-02 15:54:09.953 31473 31530 I Unity   : TargetRing2D:OnTriggerEnter2D (UnityEngine.Collider2D) (at C:/Games/UnityProject/OrbitDrop3D/Assets/Scripts/Gameplay/TargetRing2D.cs:94)
06-02 15:54:09.953 31473 31530 I Unity   : 
06-02 15:54:09.953 31473 31530 I Unity   : (Filename: /home/bokken/build/output/unity/unity/Ru
06-02 15:54:09.953 31473 31530 I Unity   : [ScoreManager] Hit! Combo=9  +900pts  Total=4500
06-02 15:54:09.953 31473 31530 I Unity   : UnityEngine.Debug:ExtractStackTraceNoAlloc (byte*,int,string)
06-02 15:54:09.953 31473 31530 I Unity   : UnityEngine.StackTraceUtility:ExtractStackTrace () (at /home/bokken/build/output/unity/unity/Runtime/Export/Scripting/StackTrace.cs:35)
06-02 15:54:09.953 31473 31530 I Unity   : UnityEngine.DebugLogHandler:Internal_Log (UnityEngine.LogType,UnityEngine.LogOption,string,UnityEngine.Object)
06-02 15:54:09.953 31473 31530 I Unity   : UnityEngine.DebugLogHandler:LogFormat (UnityEngine.LogType,UnityEngine.Object,string,object[]) (at /home/bokken/build/output/unity/unity/Runtime/Export/Logging/DebugLogHandler.cs:9)
06-02 15:54:09.953 31473 31530 I Unity   : UnityEngine.Logger:Log (UnityEngine.LogType,object) (at /home/bokken/build/output/unity/unity/Runtime/Export/Logging/Logger.cs:60)
06-02 15:54:09.953 31473 31530 I Unity   : UnityEngine.Debug:Log (object) (at /home/bokken/build/output/unity/unity/Runtime/Export/Debug/Debug.bindings.cs:123)
06-02 15:54:09.953 31473 31530 I Unity   : ScoreManager:RegisterHit () (at C:/Games/UnityProject/OrbitDrop3D/Assets/Scripts/Core/ScoreManager.cs:65)
06-02 15:54:09.953 31473 31530 I Unity   : TargetRing2D:OnTriggerEnter2D (UnityEngine.Collider2D) (at C:/Games/UnityProject/OrbitDrop3D/Assets/Scripts/Gameplay/TargetRing2D
06-02 15:54:09.954 31473 31530 I Unity   : Explosion spawned at: (1.74, -4.48, 0.00)
06-02 15:54:09.954 31473 31530 I Unity   : UnityEngine.Debug:ExtractStackTraceNoAlloc (byte*,int,string)
06-02 15:54:09.954 31473 31530 I Unity   : UnityEngine.StackTraceUtility:ExtractStackTrace () (at /home/bokken/build/output/unity/unity/Runtime/Export/Scripting/StackTrace.cs:35)
06-02 15:54:09.954 31473 31530 I Unity   : UnityEngine.DebugLogHandler:Internal_Log (UnityEngine.LogType,UnityEngine.LogOption,string,UnityEngine.Object)
06-02 15:54:09.954 31473 31530 I Unity   : UnityEngine.DebugLogHandler:LogFormat (UnityEngine.LogType,UnityEngine.Object,string,object[]) (at /home/bokken/build/output/unity/unity/Runtime/Export/Logging/DebugLogHandler.cs:9)
06-02 15:54:09.954 31473 31530 I Unity   : UnityEngine.Logger:Log (UnityEngine.LogType,object) (at /home/bokken/build/output/unity/unity/Runtime/Export/Logging/Logger.cs:60)
06-02 15:54:09.954 31473 31530 I Unity   : UnityEngine.Debug:Log (object) (at /home/bokken/build/output/unity/unity/Runtime/Export/Debug/Debug.bindings.cs:123)
06-02 15:54:09.954 31473 31530 I Unity   : CFXRExplosionManager:SpawnExplosion (UnityEngine.Vector3) (at C:/Games/UnityProject/OrbitDrop3D/Assets/Scripts/Utils/CFXRExplosionManager.cs:45)
06-02 15:54:09.954 31473 31530 I Unity   : ParticleManager:SpawnHitBurst (UnityEngine.Vector3) (at C:/Games/UnityProject/OrbitDrop3D/Assets/
06-02 15:54:11.530 31473 31530 I Unity   : Life lost! Remaining: 1
06-02 15:54:11.530 31473 31530 I Unity   : UnityEngine.Debug:ExtractStackTraceNoAlloc (byte*,int,string)
06-02 15:54:11.530 31473 31530 I Unity   : UnityEngine.StackTraceUtility:ExtractStackTrace () (at /home/bokken/build/output/unity/unity/Runtime/Export/Scripting/StackTrace.cs:35)
06-02 15:54:11.530 31473 31530 I Unity   : UnityEngine.DebugLogHandler:Internal_Log (UnityEngine.LogType,UnityEngine.LogOption,string,UnityEngine.Object)
06-02 15:54:11.530 31473 31530 I Unity   : UnityEngine.DebugLogHandler:LogFormat (UnityEngine.LogType,UnityEngine.Object,string,object[]) (at /home/bokken/build/output/unity/unity/Runtime/Export/Logging/DebugLogHandler.cs:9)
06-02 15:54:11.530 31473 31530 I Unity   : UnityEngine.Logger:Log (UnityEngine.LogType,object) (at /home/bokken/build/output/unity/unity/Runtime/Export/Logging/Logger.cs:60)
06-02 15:54:11.530 31473 31530 I Unity   : UnityEngine.Debug:Log (object) (at /home/bokken/build/output/unity/unity/Runtime/Export/Debug/Debug.bindings.cs:123)
06-02 15:54:11.530 31473 31530 I Unity   : GameManager:LoseLife () (at C:/Games/UnityProject/OrbitDrop3D/Assets/Scripts/Core/GameManager.cs:125)
06-02 15:54:11.530 31473 31530 I Unity   : OrbiterBall2D:Update () (at C:/Games/UnityProject/OrbitDrop3D/Assets/Scripts/Gameplay/OrbiterBall2D.cs:75)
06-02 15:54:11.530 31473 31530 I Unity   : 
06-02 15:54:11.530 31473 31530 I Unity   : (Filename: /home/bokken/build/output/unity/unity/R
06-02 15:54:11.531 31473 31530 I Unity   : Heart updated instantly — lives: 1
06-02 15:54:11.531 31473 31530 I Unity   : UnityEngine.Debug:ExtractStackTraceNoAlloc (byte*,int,string)
06-02 15:54:11.531 31473 31530 I Unity   : UnityEngine.StackTraceUtility:ExtractStackTrace () (at /home/bokken/build/output/unity/unity/Runtime/Export/Scripting/StackTrace.cs:35)
06-02 15:54:11.531 31473 31530 I Unity   : UnityEngine.DebugLogHandler:Internal_Log (UnityEngine.LogType,UnityEngine.LogOption,string,UnityEngine.Object)
06-02 15:54:11.531 31473 31530 I Unity   : UnityEngine.DebugLogHandler:LogFormat (UnityEngine.LogType,UnityEngine.Object,string,object[]) (at /home/bokken/build/output/unity/unity/Runtime/Export/Logging/DebugLogHandler.cs:9)
06-02 15:54:11.531 31473 31530 I Unity   : UnityEngine.Logger:Log (UnityEngine.LogType,object) (at /home/bokken/build/output/unity/unity/Runtime/Export/Logging/Logger.cs:60)
06-02 15:54:11.531 31473 31530 I Unity   : UnityEngine.Debug:Log (object) (at /home/bokken/build/output/unity/unity/Runtime/Export/Debug/Debug.bindings.cs:123)
06-02 15:54:11.531 31473 31530 I Unity   : GameHUD:OnLivesChanged (int) (at C:/Games/UnityProject/OrbitDrop3D/Assets/Scripts/UI/GameHUD.cs:101)
06-02 15:54:11.531 31473 31530 I Unity   : GameManager:LoseLife () (at C:/Games/UnityProject/OrbitDrop3D/Assets/Scripts/Core/GameManager.cs:126)
06-02 15:54:11.531 31473 31530 I Unity   : OrbiterBall2D:Update () (at C:/Games/UnityPr
06-02 15:54:12.995 31473 31530 I Unity   : Life lost! Remaining: 0
06-02 15:54:12.995 31473 31530 I Unity   : UnityEngine.Debug:ExtractStackTraceNoAlloc (byte*,int,string)
06-02 15:54:12.995 31473 31530 I Unity   : UnityEngine.StackTraceUtility:ExtractStackTrace () (at /home/bokken/build/output/unity/unity/Runtime/Export/Scripting/StackTrace.cs:35)
06-02 15:54:12.995 31473 31530 I Unity   : UnityEngine.DebugLogHandler:Internal_Log (UnityEngine.LogType,UnityEngine.LogOption,string,UnityEngine.Object)
06-02 15:54:12.995 31473 31530 I Unity   : UnityEngine.DebugLogHandler:LogFormat (UnityEngine.LogType,UnityEngine.Object,string,object[]) (at /home/bokken/build/output/unity/unity/Runtime/Export/Logging/DebugLogHandler.cs:9)
06-02 15:54:12.995 31473 31530 I Unity   : UnityEngine.Logger:Log (UnityEngine.LogType,object) (at /home/bokken/build/output/unity/unity/Runtime/Export/Logging/Logger.cs:60)
06-02 15:54:12.995 31473 31530 I Unity   : UnityEngine.Debug:Log (object) (at /home/bokken/build/output/unity/unity/Runtime/Export/Debug/Debug.bindings.cs:123)
06-02 15:54:12.995 31473 31530 I Unity   : GameManager:LoseLife () (at C:/Games/UnityProject/OrbitDrop3D/Assets/Scripts/Core/GameManager.cs:125)
06-02 15:54:12.995 31473 31530 I Unity   : OrbiterBall2D:Update () (at C:/Games/UnityProject/OrbitDrop3D/Assets/Scripts/Gameplay/OrbiterBall2D.cs:75)
06-02 15:54:12.995 31473 31530 I Unity   : 
06-02 15:54:12.995 31473 31530 I Unity   : (Filename: /home/bokken/build/output/unity/unity/R
06-02 15:54:12.995 31473 31530 I Unity   : Heart updated instantly — lives: 0
06-02 15:54:12.995 31473 31530 I Unity   : UnityEngine.Debug:ExtractStackTraceNoAlloc (byte*,int,string)
06-02 15:54:12.995 31473 31530 I Unity   : UnityEngine.StackTraceUtility:ExtractStackTrace () (at /home/bokken/build/output/unity/unity/Runtime/Export/Scripting/StackTrace.cs:35)
06-02 15:54:12.995 31473 31530 I Unity   : UnityEngine.DebugLogHandler:Internal_Log (UnityEngine.LogType,UnityEngine.LogOption,string,UnityEngine.Object)
06-02 15:54:12.995 31473 31530 I Unity   : UnityEngine.DebugLogHandler:LogFormat (UnityEngine.LogType,UnityEngine.Object,string,object[]) (at /home/bokken/build/output/unity/unity/Runtime/Export/Logging/DebugLogHandler.cs:9)
06-02 15:54:12.995 31473 31530 I Unity   : UnityEngine.Logger:Log (UnityEngine.LogType,object) (at /home/bokken/build/output/unity/unity/Runtime/Export/Logging/Logger.cs:60)
06-02 15:54:12.995 31473 31530 I Unity   : UnityEngine.Debug:Log (object) (at /home/bokken/build/output/unity/unity/Runtime/Export/Debug/Debug.bindings.cs:123)
06-02 15:54:12.995 31473 31530 I Unity   : GameHUD:OnLivesChanged (int) (at C:/Games/UnityProject/OrbitDrop3D/Assets/Scripts/UI/GameHUD.cs:101)
06-02 15:54:12.995 31473 31530 I Unity   : GameManager:LoseLife () (at C:/Games/UnityProject/OrbitDrop3D/Assets/Scripts/Core/GameManager.cs:126)
06-02 15:54:12.995 31473 31530 I Unity   : OrbiterBall2D:Update () (at C:/Games/UnityPr
06-02 15:54:12.996 31473 31530 I Unity   : GAME OVER - instant!
06-02 15:54:12.996 31473 31530 I Unity   : UnityEngine.Debug:ExtractStackTraceNoAlloc (byte*,int,string)
06-02 15:54:12.996 31473 31530 I Unity   : UnityEngine.StackTraceUtility:ExtractStackTrace () (at /home/bokken/build/output/unity/unity/Runtime/Export/Scripting/StackTrace.cs:35)
06-02 15:54:12.996 31473 31530 I Unity   : UnityEngine.DebugLogHandler:Internal_Log (UnityEngine.LogType,UnityEngine.LogOption,string,UnityEngine.Object)
06-02 15:54:12.996 31473 31530 I Unity   : UnityEngine.DebugLogHandler:LogFormat (UnityEngine.LogType,UnityEngine.Object,string,object[]) (at /home/bokken/build/output/unity/unity/Runtime/Export/Logging/DebugLogHandler.cs:9)
06-02 15:54:12.996 31473 31530 I Unity   : UnityEngine.Logger:Log (UnityEngine.LogType,object) (at /home/bokken/build/output/unity/unity/Runtime/Export/Logging/Logger.cs:60)
06-02 15:54:12.996 31473 31530 I Unity   : UnityEngine.Debug:Log (object) (at /home/bokken/build/output/unity/unity/Runtime/Export/Debug/Debug.bindings.cs:123)
06-02 15:54:12.996 31473 31530 I Unity   : GameManager:LoseLife () (at C:/Games/UnityProject/OrbitDrop3D/Assets/Scripts/Core/GameManager.cs:130)
06-02 15:54:12.996 31473 31530 I Unity   : OrbiterBall2D:Update () (at C:/Games/UnityProject/OrbitDrop3D/Assets/Scripts/Gameplay/OrbiterBall2D.cs:75)
06-02 15:54:12.996 31473 31530 I Unity   : 
06-02 15:54:12.996 31473 31530 I Unity   : (Filename: /home/bokken/build/output/unity/unity/Runt
06-02 15:54:12.997 31473 31530 I Unity   : [GameManager] State -> GameOver  Level=10  Lives=0
06-02 15:54:12.997 31473 31530 I Unity   : UnityEngine.Debug:ExtractStackTraceNoAlloc (byte*,int,string)
06-02 15:54:12.997 31473 31530 I Unity   : UnityEngine.StackTraceUtility:ExtractStackTrace () (at /home/bokken/build/output/unity/unity/Runtime/Export/Scripting/StackTrace.cs:35)
06-02 15:54:12.997 31473 31530 I Unity   : UnityEngine.DebugLogHandler:Internal_Log (UnityEngine.LogType,UnityEngine.LogOption,string,UnityEngine.Object)
06-02 15:54:12.997 31473 31530 I Unity   : UnityEngine.DebugLogHandler:LogFormat (UnityEngine.LogType,UnityEngine.Object,string,object[]) (at /home/bokken/build/output/unity/unity/Runtime/Export/Logging/DebugLogHandler.cs:9)
06-02 15:54:12.997 31473 31530 I Unity   : UnityEngine.Logger:Log (UnityEngine.LogType,object) (at /home/bokken/build/output/unity/unity/Runtime/Export/Logging/Logger.cs:60)
06-02 15:54:12.997 31473 31530 I Unity   : UnityEngine.Debug:Log (object) (at /home/bokken/build/output/unity/unity/Runtime/Export/Debug/Debug.bindings.cs:123)
06-02 15:54:12.997 31473 31530 I Unity   : GameManager:SetState (GameManager/GameState) (at C:/Games/UnityProject/OrbitDrop3D/Assets/Scripts/Core/GameManager.cs:174)
06-02 15:54:12.997 31473 31530 I Unity   : GameManager:LoseLife () (at C:/Games/UnityProject/OrbitDrop3D/Assets/Scripts/Core/GameManager.cs:131)
06-02 15:54:12.997 31473 31530 I Unity   : OrbiterB
06-02 15:54:12.997 31473 31530 I Unity   : [LevelManager] State -> GameOver
06-02 15:54:12.997 31473 31530 I Unity   : UnityEngine.Debug:ExtractStackTraceNoAlloc (byte*,int,string)
06-02 15:54:12.997 31473 31530 I Unity   : UnityEngine.StackTraceUtility:ExtractStackTrace () (at /home/bokken/build/output/unity/unity/Runtime/Export/Scripting/StackTrace.cs:35)
06-02 15:54:12.997 31473 31530 I Unity   : UnityEngine.DebugLogHandler:Internal_Log (UnityEngine.LogType,UnityEngine.LogOption,string,UnityEngine.Object)
06-02 15:54:12.997 31473 31530 I Unity   : UnityEngine.DebugLogHandler:LogFormat (UnityEngine.LogType,UnityEngine.Object,string,object[]) (at /home/bokken/build/output/unity/unity/Runtime/Export/Logging/DebugLogHandler.cs:9)
06-02 15:54:12.997 31473 31530 I Unity   : UnityEngine.Logger:Log (UnityEngine.LogType,object) (at /home/bokken/build/output/unity/unity/Runtime/Export/Logging/Logger.cs:60)
06-02 15:54:12.997 31473 31530 I Unity   : UnityEngine.Debug:Log (object) (at /home/bokken/build/output/unity/unity/Runtime/Export/Debug/Debug.bindings.cs:123)
06-02 15:54:12.997 31473 31530 I Unity   : LevelManager:HandleStateChanged (GameManager/GameState) (at C:/Games/UnityProject/OrbitDrop3D/Assets/Scripts/Core/LevelManager.cs:53)
06-02 15:54:12.997 31473 31530 I Unity   : GameManager:SetState (GameManager/GameState) (at C:/Games/UnityProject/OrbitDrop3D/Assets/Scripts/Core/GameManager.cs
06-02 15:54:13.002 31473 31530 W Unity   : The character with Unicode value \U0001F3C6 was not found in the [LiberationSans SDF] font asset or any potential fallbacks. It was replaced by Unicode character \u25A1 in text object [BestScoreText].
06-02 15:54:13.002 31473 31530 W Unity   : UnityEngine.Debug:ExtractStackTraceNoAlloc (byte*,int,string)
06-02 15:54:13.002 31473 31530 W Unity   : UnityEngine.StackTraceUtility:ExtractStackTrace () (at /home/bokken/build/output/unity/unity/Runtime/Export/Scripting/StackTrace.cs:35)
06-02 15:54:13.002 31473 31530 W Unity   : UnityEngine.DebugLogHandler:Internal_Log (UnityEngine.LogType,UnityEngine.LogOption,string,UnityEngine.Object)
06-02 15:54:13.002 31473 31530 W Unity   : UnityEngine.DebugLogHandler:LogFormat (UnityEngine.LogType,UnityEngine.Object,string,object[]) (at /home/bokken/build/output/unity/unity/Runtime/Export/Logging/DebugLogHandler.cs:9)
06-02 15:54:13.002 31473 31530 W Unity   : UnityEngine.Logger:Log (UnityEngine.LogType,object,UnityEngine.Object) (at /home/bokken/build/output/unity/unity/Runtime/Export/Logging/Logger.cs:66)
06-02 15:54:13.002 31473 31530 W Unity   : UnityEngine.Debug:LogWarning (object,UnityEngine.Object) (at /home/bokken/build/output/unity/unity/Runtime/Export/Debug/Debug.bindings.cs:216)
06-02 15:54:13.002 31473 31530 W Unity   : TMPro.TextMeshProUGUI:SetArraySizes (T
06-02 15:55:08.506 31473 31530 I Unity   : SetGameState: isLoading: true, mode: UNKNOWN, label: 1, quality: 0
06-02 15:55:08.667 31473 31530 I Unity   : [GameManager] OnSceneLoaded: MainMenu  State=GameOver
06-02 15:55:08.667 31473 31530 I Unity   : UnityEngine.Debug:ExtractStackTraceNoAlloc (byte*,int,string)
06-02 15:55:08.667 31473 31530 I Unity   : UnityEngine.StackTraceUtility:ExtractStackTrace () (at /home/bokken/build/output/unity/unity/Runtime/Export/Scripting/StackTrace.cs:35)
06-02 15:55:08.667 31473 31530 I Unity   : UnityEngine.DebugLogHandler:Internal_Log (UnityEngine.LogType,UnityEngine.LogOption,string,UnityEngine.Object)
06-02 15:55:08.667 31473 31530 I Unity   : UnityEngine.DebugLogHandler:LogFormat (UnityEngine.LogType,UnityEngine.Object,string,object[]) (at /home/bokken/build/output/unity/unity/Runtime/Export/Logging/DebugLogHandler.cs:9)
06-02 15:55:08.667 31473 31530 I Unity   : UnityEngine.Logger:Log (UnityEngine.LogType,object) (at /home/bokken/build/output/unity/unity/Runtime/Export/Logging/Logger.cs:60)
06-02 15:55:08.667 31473 31530 I Unity   : UnityEngine.Debug:Log (object) (at /home/bokken/build/output/unity/unity/Runtime/Export/Debug/Debug.bindings.cs:123)
06-02 15:55:08.667 31473 31530 I Unity   : GameManager:OnSceneLoaded (UnityEngine.SceneManagement.Scene,UnityEngine.SceneManagement.LoadSceneMode) (at C:/Games/UnityProject/OrbitDrop3D/Assets/Scripts/Core/GameManager.cs:65)
06-02 15:55:08.667 31473 31530 I Unity   : UnityEngine.SceneManagement.SceneManager:Internal
06-02 15:55:08.667 31473 31530 I Unity   : [GameManager] State -> MainMenu  Level=10  Lives=0
06-02 15:55:08.667 31473 31530 I Unity   : UnityEngine.Debug:ExtractStackTraceNoAlloc (byte*,int,string)
06-02 15:55:08.667 31473 31530 I Unity   : UnityEngine.StackTraceUtility:ExtractStackTrace () (at /home/bokken/build/output/unity/unity/Runtime/Export/Scripting/StackTrace.cs:35)
06-02 15:55:08.667 31473 31530 I Unity   : UnityEngine.DebugLogHandler:Internal_Log (UnityEngine.LogType,UnityEngine.LogOption,string,UnityEngine.Object)
06-02 15:55:08.667 31473 31530 I Unity   : UnityEngine.DebugLogHandler:LogFormat (UnityEngine.LogType,UnityEngine.Object,string,object[]) (at /home/bokken/build/output/unity/unity/Runtime/Export/Logging/DebugLogHandler.cs:9)
06-02 15:55:08.667 31473 31530 I Unity   : UnityEngine.Logger:Log (UnityEngine.LogType,object) (at /home/bokken/build/output/unity/unity/Runtime/Export/Logging/Logger.cs:60)
06-02 15:55:08.667 31473 31530 I Unity   : UnityEngine.Debug:Log (object) (at /home/bokken/build/output/unity/unity/Runtime/Export/Debug/Debug.bindings.cs:123)
06-02 15:55:08.667 31473 31530 I Unity   : GameManager:SetState (GameManager/GameState) (at C:/Games/UnityProject/OrbitDrop3D/Assets/Scripts/Core/GameManager.cs:174)
06-02 15:55:08.667 31473 31530 I Unity   : GameManager:OnSceneLoaded (UnityEngine.SceneManagement.Scene,UnityEngine.SceneManagement.LoadSceneMode) (at C:
06-02 15:55:08.667 31473 31530 I Unity   : SetGameState: isLoading: false, mode: UNKNOWN, label: 1, quality: 0
06-02 15:55:09.517 31473 31530 I Unity   : SetGameState: isLoading: true, mode: UNKNOWN, label: 2, quality: 0
06-02 15:55:09.622 31473 31530 I Unity   : [GameManager] OnSceneLoaded: LevelSelected  State=MainMenu
06-02 15:55:09.622 31473 31530 I Unity   : UnityEngine.Debug:ExtractStackTraceNoAlloc (byte*,int,string)
06-02 15:55:09.622 31473 31530 I Unity   : UnityEngine.StackTraceUtility:ExtractStackTrace () (at /home/bokken/build/output/unity/unity/Runtime/Export/Scripting/StackTrace.cs:35)
06-02 15:55:09.622 31473 31530 I Unity   : UnityEngine.DebugLogHandler:Internal_Log (UnityEngine.LogType,UnityEngine.LogOption,string,UnityEngine.Object)
06-02 15:55:09.622 31473 31530 I Unity   : UnityEngine.DebugLogHandler:LogFormat (UnityEngine.LogType,UnityEngine.Object,string,object[]) (at /home/bokken/build/output/unity/unity/Runtime/Export/Logging/DebugLogHandler.cs:9)
06-02 15:55:09.622 31473 31530 I Unity   : UnityEngine.Logger:Log (UnityEngine.LogType,object) (at /home/bokken/build/output/unity/unity/Runtime/Export/Logging/Logger.cs:60)
06-02 15:55:09.622 31473 31530 I Unity   : UnityEngine.Debug:Log (object) (at /home/bokken/build/output/unity/unity/Runtime/Export/Debug/Debug.bindings.cs:123)
06-02 15:55:09.622 31473 31530 I Unity   : GameManager:OnSceneLoaded (UnityEngine.SceneManagement.Scene,UnityEngine.SceneManagement.LoadSceneMode) (at C:/Games/UnityProject/OrbitDrop3D/Assets/Scripts/Core/GameManager.cs:65)
06-02 15:55:09.622 31473 31530 I Unity   : UnityEngine.SceneManagement.SceneManager:Int
06-02 15:55:09.622 31473 31530 I Unity   : SetGameState: isLoading: false, mode: UNKNOWN, label: 2, quality: 0
06-02 15:55:12.560 31473 31530 I Unity   : SetGameState: isLoading: true, mode: UNKNOWN, label: 3, quality: 0
06-02 15:55:12.705 31473 31530 I Unity   : [GameManager] Awake in scene: Game
06-02 15:55:12.705 31473 31530 I Unity   : UnityEngine.Debug:ExtractStackTraceNoAlloc (byte*,int,string)
06-02 15:55:12.705 31473 31530 I Unity   : UnityEngine.StackTraceUtility:ExtractStackTrace () (at /home/bokken/build/output/unity/unity/Runtime/Export/Scripting/StackTrace.cs:35)
06-02 15:55:12.705 31473 31530 I Unity   : UnityEngine.DebugLogHandler:Internal_Log (UnityEngine.LogType,UnityEngine.LogOption,string,UnityEngine.Object)
06-02 15:55:12.705 31473 31530 I Unity   : UnityEngine.DebugLogHandler:LogFormat (UnityEngine.LogType,UnityEngine.Object,string,object[]) (at /home/bokken/build/output/unity/unity/Runtime/Export/Logging/DebugLogHandler.cs:9)
06-02 15:55:12.705 31473 31530 I Unity   : UnityEngine.Logger:Log (UnityEngine.LogType,object) (at /home/bokken/build/output/unity/unity/Runtime/Export/Logging/Logger.cs:60)
06-02 15:55:12.705 31473 31530 I Unity   : UnityEngine.Debug:Log (object) (at /home/bokken/build/output/unity/unity/Runtime/Export/Debug/Debug.bindings.cs:123)
06-02 15:55:12.705 31473 31530 I Unity   : GameManager:Awake () (at C:/Games/UnityProject/OrbitDrop3D/Assets/Scripts/Core/GameManager.cs:34)
06-02 15:55:12.705 31473 31530 I Unity   : 
06-02 15:55:12.705 31473 31530 I Unity   : (Filename: /home/bokken/build/output/unity/unity/Runtime/Export/Debug/Debug.bindings.cs Line: 123)
06-02 15:55:12.705 31473 31530 I Unity   : 
06-02 15:55:12.705 31473 31530 I Unity   : [EnemySpawner] Awake — existingInstance=NULL thisActive=True
06-02 15:55:12.705 31473 31530 I Unity   : UnityEngine.Debug:ExtractStackTraceNoAlloc (byte*,int,string)
06-02 15:55:12.705 31473 31530 I Unity   : UnityEngine.StackTraceUtility:ExtractStackTrace () (at /home/bokken/build/output/unity/unity/Runtime/Export/Scripting/StackTrace.cs:35)
06-02 15:55:12.705 31473 31530 I Unity   : UnityEngine.DebugLogHandler:Internal_Log (UnityEngine.LogType,UnityEngine.LogOption,string,UnityEngine.Object)
06-02 15:55:12.705 31473 31530 I Unity   : UnityEngine.DebugLogHandler:LogFormat (UnityEngine.LogType,UnityEngine.Object,string,object[]) (at /home/bokken/build/output/unity/unity/Runtime/Export/Logging/DebugLogHandler.cs:9)
06-02 15:55:12.705 31473 31530 I Unity   : UnityEngine.Logger:Log (UnityEngine.LogType,object) (at /home/bokken/build/output/unity/unity/Runtime/Export/Logging/Logger.cs:60)
06-02 15:55:12.705 31473 31530 I Unity   : UnityEngine.Debug:Log (object) (at /home/bokken/build/output/unity/unity/Runtime/Export/Debug/Debug.bindings.cs:123)
06-02 15:55:12.705 31473 31530 I Unity   : EnemySpawner:Awake () (at C:/Games/UnityProject/OrbitDrop3D/Assets/Scripts/Gameplay/EnemySpawner.cs:15)
06-02 15:55:12.705 31473 31530 I Unity   : 
06-02 15:55:12.705 31473 31530 I Unity   : (Filename: /home/bokken/build/output/unity/unity/Runtime/Export/Debug/Debug.bindings.cs Line: 123)
06-02 15:55:12.705 31473 31530 I Unity   : 
06-02 15:55:12.705 31473 31530 I Unity   : [EnemySpawner] Instance set — DontDestroyOnLoad applied.
06-02 15:55:12.705 31473 31530 I Unity   : UnityEngine.Debug:ExtractStackTraceNoAlloc (byte*,int,string)
06-02 15:55:12.705 31473 31530 I Unity   : UnityEngine.StackTraceUtility:ExtractStackTrace () (at /home/bokken/build/output/unity/unity/Runtime/Export/Scripting/StackTrace.cs:35)
06-02 15:55:12.705 31473 31530 I Unity   : UnityEngine.DebugLogHandler:Internal_Log (UnityEngine.LogType,UnityEngine.LogOption,string,UnityEngine.Object)
06-02 15:55:12.705 31473 31530 I Unity   : UnityEngine.DebugLogHandler:LogFormat (UnityEngine.LogType,UnityEngine.Object,string,object[]) (at /home/bokken/build/output/unity/unity/Runtime/Export/Logging/DebugLogHandler.cs:9)
06-02 15:55:12.705 31473 31530 I Unity   : UnityEngine.Logger:Log (UnityEngine.LogType,object) (at /home/bokken/build/output/unity/unity/Runtime/Export/Logging/Logger.cs:60)
06-02 15:55:12.705 31473 31530 I Unity   : UnityEngine.Debug:Log (object) (at /home/bokken/build/output/unity/unity/Runtime/Export/Debug/Debug.bindings.cs:123)
06-02 15:55:12.705 31473 31530 I Unity   : EnemySpawner:Awake () (at C:/Games/UnityProject/OrbitDrop3D/Assets/Scripts/Gameplay/EnemySpawner.cs:24)
06-02 15:55:12.705 31473 31530 I Unity   : 
06-02 15:55:12.705 31473 31530 I Unity   : (Filename: /home/bokken/build/output/unity/unity/Runtime/Export/Debug/Debug.bindings.cs Line: 123)
06-02 15:55:12.705 31473 31530 I Unity   : 
06-02 15:55:12.706 31473 31530 I Unity   : CardPopupAnimation ready on Card
06-02 15:55:12.706 31473 31530 I Unity   : UnityEngine.Debug:ExtractStackTraceNoAlloc (byte*,int,string)
06-02 15:55:12.706 31473 31530 I Unity   : UnityEngine.StackTraceUtility:ExtractStackTrace () (at /home/bokken/build/output/unity/unity/Runtime/Export/Scripting/StackTrace.cs:35)
06-02 15:55:12.706 31473 31530 I Unity   : UnityEngine.DebugLogHandler:Internal_Log (UnityEngine.LogType,UnityEngine.LogOption,string,UnityEngine.Object)
06-02 15:55:12.706 31473 31530 I Unity   : UnityEngine.DebugLogHandler:LogFormat (UnityEngine.LogType,UnityEngine.Object,string,object[]) (at /home/bokken/build/output/unity/unity/Runtime/Export/Logging/DebugLogHandler.cs:9)
06-02 15:55:12.706 31473 31530 I Unity   : UnityEngine.Logger:Log (UnityEngine.LogType,object) (at /home/bokken/build/output/unity/unity/Runtime/Export/Logging/Logger.cs:60)
06-02 15:55:12.706 31473 31530 I Unity   : UnityEngine.Debug:Log (object) (at /home/bokken/build/output/unity/unity/Runtime/Export/Debug/Debug.bindings.cs:123)
06-02 15:55:12.706 31473 31530 I Unity   : CardPopupAnimation:Awake () (at C:/Games/UnityProject/OrbitDrop3D/Assets/Scripts/UI/CardPopupAnimation.cs:42)
06-02 15:55:12.706 31473 31530 I Unity   : 
06-02 15:55:12.706 31473 31530 I Unity   : (Filename: /home/bokken/build/output/unity/unity/Runtime/Export/Debug/Debug.bindings.cs Line: 123)
06-02 15:55:12.706 31473 31530 I Unity   : 
06-02 15:55:12.707 31473 31530 I Unity   : CardPopupAnimation ready on Glowborder
06-02 15:55:12.707 31473 31530 I Unity   : UnityEngine.Debug:ExtractStackTraceNoAlloc (byte*,int,string)
06-02 15:55:12.707 31473 31530 I Unity   : UnityEngine.StackTraceUtility:ExtractStackTrace () (at /home/bokken/build/output/unity/unity/Runtime/Export/Scripting/StackTrace.cs:35)
06-02 15:55:12.707 31473 31530 I Unity   : UnityEngine.DebugLogHandler:Internal_Log (UnityEngine.LogType,UnityEngine.LogOption,string,UnityEngine.Object)
06-02 15:55:12.707 31473 31530 I Unity   : UnityEngine.DebugLogHandler:LogFormat (UnityEngine.LogType,UnityEngine.Object,string,object[]) (at /home/bokken/build/output/unity/unity/Runtime/Export/Logging/DebugLogHandler.cs:9)
06-02 15:55:12.707 31473 31530 I Unity   : UnityEngine.Logger:Log (UnityEngine.LogType,object) (at /home/bokken/build/output/unity/unity/Runtime/Export/Logging/Logger.cs:60)
06-02 15:55:12.707 31473 31530 I Unity   : UnityEngine.Debug:Log (object) (at /home/bokken/build/output/unity/unity/Runtime/Export/Debug/Debug.bindings.cs:123)
06-02 15:55:12.707 31473 31530 I Unity   : CardPopupAnimation:Awake () (at C:/Games/UnityProject/OrbitDrop3D/Assets/Scripts/UI/CardPopupAnimation.cs:42)
06-02 15:55:12.707 31473 31530 I Unity   : 
06-02 15:55:12.707 31473 31530 I Unity   : (Filename: /home/bokken/build/output/unity/unity/Runtime/Export/Debug/Debug.bindings.cs Line: 123)
06-02 15:55:12.707 31473 31530 I Unity   : 
06-02 15:55:12.708 31473 31530 I Unity   : CardPopupAnimation ready on Card
06-02 15:55:12.708 31473 31530 I Unity   : UnityEngine.Debug:ExtractStackTraceNoAlloc (byte*,int,string)
06-02 15:55:12.708 31473 31530 I Unity   : UnityEngine.StackTraceUtility:ExtractStackTrace () (at /home/bokken/build/output/unity/unity/Runtime/Export/Scripting/StackTrace.cs:35)
06-02 15:55:12.708 31473 31530 I Unity   : UnityEngine.DebugLogHandler:Internal_Log (UnityEngine.LogType,UnityEngine.LogOption,string,UnityEngine.Object)
06-02 15:55:12.708 31473 31530 I Unity   : UnityEngine.DebugLogHandler:LogFormat (UnityEngine.LogType,UnityEngine.Object,string,object[]) (at /home/bokken/build/output/unity/unity/Runtime/Export/Logging/DebugLogHandler.cs:9)
06-02 15:55:12.708 31473 31530 I Unity   : UnityEngine.Logger:Log (UnityEngine.LogType,object) (at /home/bokken/build/output/unity/unity/Runtime/Export/Logging/Logger.cs:60)
06-02 15:55:12.708 31473 31530 I Unity   : UnityEngine.Debug:Log (object) (at /home/bokken/build/output/unity/unity/Runtime/Export/Debug/Debug.bindings.cs:123)
06-02 15:55:12.708 31473 31530 I Unity   : CardPopupAnimation:Awake () (at C:/Games/UnityProject/OrbitDrop3D/Assets/Scripts/UI/CardPopupAnimation.cs:42)
06-02 15:55:12.708 31473 31530 I Unity   : 
06-02 15:55:12.708 31473 31530 I Unity   : (Filename: /home/bokken/build/output/unity/unity/Runtime/Export/Debug/Debug.bindings.cs Line: 123)
06-02 15:55:12.708 31473 31530 I Unity   : 
06-02 15:55:12.731 31473 31530 I Unity   : [GameManager] OnSceneLoaded: Game  State=MainMenu
06-02 15:55:12.731 31473 31530 I Unity   : UnityEngine.Debug:ExtractStackTraceNoAlloc (byte*,int,string)
06-02 15:55:12.731 31473 31530 I Unity   : UnityEngine.StackTraceUtility:ExtractStackTrace () (at /home/bokken/build/output/unity/unity/Runtime/Export/Scripting/StackTrace.cs:35)
06-02 15:55:12.731 31473 31530 I Unity   : UnityEngine.DebugLogHandler:Internal_Log (UnityEngine.LogType,UnityEngine.LogOption,string,UnityEngine.Object)
06-02 15:55:12.731 31473 31530 I Unity   : UnityEngine.DebugLogHandler:LogFormat (UnityEngine.LogType,UnityEngine.Object,string,object[]) (at /home/bokken/build/output/unity/unity/Runtime/Export/Logging/DebugLogHandler.cs:9)
06-02 15:55:12.731 31473 31530 I Unity   : UnityEngine.Logger:Log (UnityEngine.LogType,object) (at /home/bokken/build/output/unity/unity/Runtime/Export/Logging/Logger.cs:60)
06-02 15:55:12.731 31473 31530 I Unity   : UnityEngine.Debug:Log (object) (at /home/bokken/build/output/unity/unity/Runtime/Export/Debug/Debug.bindings.cs:123)
06-02 15:55:12.731 31473 31530 I Unity   : GameManager:OnSceneLoaded (UnityEngine.SceneManagement.Scene,UnityEngine.SceneManagement.LoadSceneMode) (at C:/Games/UnityProject/OrbitDrop3D/Assets/Scripts/Core/GameManager.cs:65)
06-02 15:55:12.731 31473 31530 I Unity   : UnityEngine.SceneManagement.SceneManager:Internal_Sce
06-02 15:55:12.732 31473 31530 I Unity   : [GameManager] State -> Playing  Level=11  Lives=3
06-02 15:55:12.732 31473 31530 I Unity   : UnityEngine.Debug:ExtractStackTraceNoAlloc (byte*,int,string)
06-02 15:55:12.732 31473 31530 I Unity   : UnityEngine.StackTraceUtility:ExtractStackTrace () (at /home/bokken/build/output/unity/unity/Runtime/Export/Scripting/StackTrace.cs:35)
06-02 15:55:12.732 31473 31530 I Unity   : UnityEngine.DebugLogHandler:Internal_Log (UnityEngine.LogType,UnityEngine.LogOption,string,UnityEngine.Object)
06-02 15:55:12.732 31473 31530 I Unity   : UnityEngine.DebugLogHandler:LogFormat (UnityEngine.LogType,UnityEngine.Object,string,object[]) (at /home/bokken/build/output/unity/unity/Runtime/Export/Logging/DebugLogHandler.cs:9)
06-02 15:55:12.732 31473 31530 I Unity   : UnityEngine.Logger:Log (UnityEngine.LogType,object) (at /home/bokken/build/output/unity/unity/Runtime/Export/Logging/Logger.cs:60)
06-02 15:55:12.732 31473 31530 I Unity   : UnityEngine.Debug:Log (object) (at /home/bokken/build/output/unity/unity/Runtime/Export/Debug/Debug.bindings.cs:123)
06-02 15:55:12.732 31473 31530 I Unity   : GameManager:SetState (GameManager/GameState) (at C:/Games/UnityProject/OrbitDrop3D/Assets/Scripts/Core/GameManager.cs:174)
06-02 15:55:12.732 31473 31530 I Unity   : GameManager:BeginGame () (at C:/Games/UnityProject/OrbitDrop3D/Assets/Scripts/Core/GameManager.cs:87)
06-02 15:55:12.732 31473 31530 I Unity   : GameManag
06-02 15:55:12.732 31473 31530 I Unity   : [LevelManager] LoadLevel(11)
06-02 15:55:12.732 31473 31530 I Unity   : UnityEngine.Debug:ExtractStackTraceNoAlloc (byte*,int,string)
06-02 15:55:12.732 31473 31530 I Unity   : UnityEngine.StackTraceUtility:ExtractStackTrace () (at /home/bokken/build/output/unity/unity/Runtime/Export/Scripting/StackTrace.cs:35)
06-02 15:55:12.732 31473 31530 I Unity   : UnityEngine.DebugLogHandler:Internal_Log (UnityEngine.LogType,UnityEngine.LogOption,string,UnityEngine.Object)
06-02 15:55:12.732 31473 31530 I Unity   : UnityEngine.DebugLogHandler:LogFormat (UnityEngine.LogType,UnityEngine.Object,string,object[]) (at /home/bokken/build/output/unity/unity/Runtime/Export/Logging/DebugLogHandler.cs:9)
06-02 15:55:12.732 31473 31530 I Unity   : UnityEngine.Logger:Log (UnityEngine.LogType,object) (at /home/bokken/build/output/unity/unity/Runtime/Export/Logging/Logger.cs:60)
06-02 15:55:12.732 31473 31530 I Unity   : UnityEngine.Debug:Log (object) (at /home/bokken/build/output/unity/unity/Runtime/Export/Debug/Debug.bindings.cs:123)
06-02 15:55:12.732 31473 31530 I Unity   : LevelManager:LoadLevel (int) (at C:/Games/UnityProject/OrbitDrop3D/Assets/Scripts/Core/LevelManager.cs:135)
06-02 15:55:12.732 31473 31530 I Unity   : GameManager:BeginGame () (at C:/Games/UnityProject/OrbitDrop3D/Assets/Scripts/Core/GameManager.cs:88)
06-02 15:55:12.732 31473 31530 I Unity   : GameManager:OnSceneLoaded (UnityEngine.SceneM
06-02 15:55:12.733 31473 31530 I Unity   : [LevelManager] Camera  pos=(0.00,0.00)  orthoSize=6.09  aspect=0.46  |  bounds  top=6.09  bottom=-6.09  left=-2.81  right=2.81
06-02 15:55:12.733 31473 31530 I Unity   : UnityEngine.Debug:ExtractStackTraceNoAlloc (byte*,int,string)
06-02 15:55:12.733 31473 31530 I Unity   : UnityEngine.StackTraceUtility:ExtractStackTrace () (at /home/bokken/build/output/unity/unity/Runtime/Export/Scripting/StackTrace.cs:35)
06-02 15:55:12.733 31473 31530 I Unity   : UnityEngine.DebugLogHandler:Internal_Log (UnityEngine.LogType,UnityEngine.LogOption,string,UnityEngine.Object)
06-02 15:55:12.733 31473 31530 I Unity   : UnityEngine.DebugLogHandler:LogFormat (UnityEngine.LogType,UnityEngine.Object,string,object[]) (at /home/bokken/build/output/unity/unity/Runtime/Export/Logging/DebugLogHandler.cs:9)
06-02 15:55:12.733 31473 31530 I Unity   : UnityEngine.Logger:Log (UnityEngine.LogType,object) (at /home/bokken/build/output/unity/unity/Runtime/Export/Logging/Logger.cs:60)
06-02 15:55:12.733 31473 31530 I Unity   : UnityEngine.Debug:Log (object) (at /home/bokken/build/output/unity/unity/Runtime/Export/Debug/Debug.bindings.cs:123)
06-02 15:55:12.733 31473 31530 I Unity   : LevelManager:LogCameraBounds (UnityEngine.Camera) (at C:/Games/UnityProject/OrbitDrop3D/Assets/Scripts/Core/LevelManager.cs:265)
06-02 15:55:12.733 31473 31530 I Unity   : LevelManager:SpawnTargets (L
06-02 15:55:12.733 31473 31530 I Unity   : [LevelManager] TargetRing[0] spawned at (-0.58, 3.96)
06-02 15:55:12.733 31473 31530 I Unity   : UnityEngine.Debug:ExtractStackTraceNoAlloc (byte*,int,string)
06-02 15:55:12.733 31473 31530 I Unity   : UnityEngine.StackTraceUtility:ExtractStackTrace () (at /home/bokken/build/output/unity/unity/Runtime/Export/Scripting/StackTrace.cs:35)
06-02 15:55:12.733 31473 31530 I Unity   : UnityEngine.DebugLogHandler:Internal_Log (UnityEngine.LogType,UnityEngine.LogOption,string,UnityEngine.Object)
06-02 15:55:12.733 31473 31530 I Unity   : UnityEngine.DebugLogHandler:LogFormat (UnityEngine.LogType,UnityEngine.Object,string,object[]) (at /home/bokken/build/output/unity/unity/Runtime/Export/Logging/DebugLogHandler.cs:9)
06-02 15:55:12.733 31473 31530 I Unity   : UnityEngine.Logger:Log (UnityEngine.LogType,object) (at /home/bokken/build/output/unity/unity/Runtime/Export/Logging/Logger.cs:60)
06-02 15:55:12.733 31473 31530 I Unity   : UnityEngine.Debug:Log (object) (at /home/bokken/build/output/unity/unity/Runtime/Export/Debug/Debug.bindings.cs:123)
06-02 15:55:12.733 31473 31530 I Unity   : LevelManager:SpawnTargets (LevelManager/LevelConfig) (at C:/Games/UnityProject/OrbitDrop3D/Assets/Scripts/Core/LevelManager.cs:254)
06-02 15:55:12.733 31473 31530 I Unity   : LevelManager:LoadLevel (int) (at C:/Games/UnityProject/OrbitDrop3D/Assets/Scripts/Core/LevelManage
06-02 15:55:12.734 31473 31530 I Unity   : [LevelManager] TargetRing[1] spawned at (0.15, 4.26)
06-02 15:55:12.734 31473 31530 I Unity   : UnityEngine.Debug:ExtractStackTraceNoAlloc (byte*,int,string)
06-02 15:55:12.734 31473 31530 I Unity   : UnityEngine.StackTraceUtility:ExtractStackTrace () (at /home/bokken/build/output/unity/unity/Runtime/Export/Scripting/StackTrace.cs:35)
06-02 15:55:12.734 31473 31530 I Unity   : UnityEngine.DebugLogHandler:Internal_Log (UnityEngine.LogType,UnityEngine.LogOption,string,UnityEngine.Object)
06-02 15:55:12.734 31473 31530 I Unity   : UnityEngine.DebugLogHandler:LogFormat (UnityEngine.LogType,UnityEngine.Object,string,object[]) (at /home/bokken/build/output/unity/unity/Runtime/Export/Logging/DebugLogHandler.cs:9)
06-02 15:55:12.734 31473 31530 I Unity   : UnityEngine.Logger:Log (UnityEngine.LogType,object) (at /home/bokken/build/output/unity/unity/Runtime/Export/Logging/Logger.cs:60)
06-02 15:55:12.734 31473 31530 I Unity   : UnityEngine.Debug:Log (object) (at /home/bokken/build/output/unity/unity/Runtime/Export/Debug/Debug.bindings.cs:123)
06-02 15:55:12.734 31473 31530 I Unity   : LevelManager:SpawnTargets (LevelManager/LevelConfig) (at C:/Games/UnityProject/OrbitDrop3D/Assets/Scripts/Core/LevelManager.cs:254)
06-02 15:55:12.734 31473 31530 I Unity   : LevelManager:LoadLevel (int) (at C:/Games/UnityProject/OrbitDrop3D/Assets/Scripts/Core/LevelManager
06-02 15:55:12.734 31473 31530 I Unity   : [LevelManager] TargetRing[2] spawned at (0.00, -3.35)
06-02 15:55:12.734 31473 31530 I Unity   : UnityEngine.Debug:ExtractStackTraceNoAlloc (byte*,int,string)
06-02 15:55:12.734 31473 31530 I Unity   : UnityEngine.StackTraceUtility:ExtractStackTrace () (at /home/bokken/build/output/unity/unity/Runtime/Export/Scripting/StackTrace.cs:35)
06-02 15:55:12.734 31473 31530 I Unity   : UnityEngine.DebugLogHandler:Internal_Log (UnityEngine.LogType,UnityEngine.LogOption,string,UnityEngine.Object)
06-02 15:55:12.734 31473 31530 I Unity   : UnityEngine.DebugLogHandler:LogFormat (UnityEngine.LogType,UnityEngine.Object,string,object[]) (at /home/bokken/build/output/unity/unity/Runtime/Export/Logging/DebugLogHandler.cs:9)
06-02 15:55:12.734 31473 31530 I Unity   : UnityEngine.Logger:Log (UnityEngine.LogType,object) (at /home/bokken/build/output/unity/unity/Runtime/Export/Logging/Logger.cs:60)
06-02 15:55:12.734 31473 31530 I Unity   : UnityEngine.Debug:Log (object) (at /home/bokken/build/output/unity/unity/Runtime/Export/Debug/Debug.bindings.cs:123)
06-02 15:55:12.734 31473 31530 I Unity   : LevelManager:SpawnTargets (LevelManager/LevelConfig) (at C:/Games/UnityProject/OrbitDrop3D/Assets/Scripts/Core/LevelManager.cs:254)
06-02 15:55:12.734 31473 31530 I Unity   : LevelManager:LoadLevel (int) (at C:/Games/UnityProject/OrbitDrop3D/Assets/Scripts/Core/LevelManage
06-02 15:55:12.735 31473 31530 I Unity   : [LevelManager] TargetRing[3] spawned at (-0.51, 3.39)
06-02 15:55:12.735 31473 31530 I Unity   : UnityEngine.Debug:ExtractStackTraceNoAlloc (byte*,int,string)
06-02 15:55:12.735 31473 31530 I Unity   : UnityEngine.StackTraceUtility:ExtractStackTrace () (at /home/bokken/build/output/unity/unity/Runtime/Export/Scripting/StackTrace.cs:35)
06-02 15:55:12.735 31473 31530 I Unity   : UnityEngine.DebugLogHandler:Internal_Log (UnityEngine.LogType,UnityEngine.LogOption,string,UnityEngine.Object)
06-02 15:55:12.735 31473 31530 I Unity   : UnityEngine.DebugLogHandler:LogFormat (UnityEngine.LogType,UnityEngine.Object,string,object[]) (at /home/bokken/build/output/unity/unity/Runtime/Export/Logging/DebugLogHandler.cs:9)
06-02 15:55:12.735 31473 31530 I Unity   : UnityEngine.Logger:Log (UnityEngine.LogType,object) (at /home/bokken/build/output/unity/unity/Runtime/Export/Logging/Logger.cs:60)
06-02 15:55:12.735 31473 31530 I Unity   : UnityEngine.Debug:Log (object) (at /home/bokken/build/output/unity/unity/Runtime/Export/Debug/Debug.bindings.cs:123)
06-02 15:55:12.735 31473 31530 I Unity   : LevelManager:SpawnTargets (LevelManager/LevelConfig) (at C:/Games/UnityProject/OrbitDrop3D/Assets/Scripts/Core/LevelManager.cs:254)
06-02 15:55:12.735 31473 31530 I Unity   : LevelManager:LoadLevel (int) (at C:/Games/UnityProject/OrbitDrop3D/Assets/Scripts/Core/LevelManage
06-02 15:55:12.735 31473 31530 I Unity   : [LevelManager] TargetRing[4] spawned at (-1.20, -4.07)
06-02 15:55:12.735 31473 31530 I Unity   : UnityEngine.Debug:ExtractStackTraceNoAlloc (byte*,int,string)
06-02 15:55:12.735 31473 31530 I Unity   : UnityEngine.StackTraceUtility:ExtractStackTrace () (at /home/bokken/build/output/unity/unity/Runtime/Export/Scripting/StackTrace.cs:35)
06-02 15:55:12.735 31473 31530 I Unity   : UnityEngine.DebugLogHandler:Internal_Log (UnityEngine.LogType,UnityEngine.LogOption,string,UnityEngine.Object)
06-02 15:55:12.735 31473 31530 I Unity   : UnityEngine.DebugLogHandler:LogFormat (UnityEngine.LogType,UnityEngine.Object,string,object[]) (at /home/bokken/build/output/unity/unity/Runtime/Export/Logging/DebugLogHandler.cs:9)
06-02 15:55:12.735 31473 31530 I Unity   : UnityEngine.Logger:Log (UnityEngine.LogType,object) (at /home/bokken/build/output/unity/unity/Runtime/Export/Logging/Logger.cs:60)
06-02 15:55:12.735 31473 31530 I Unity   : UnityEngine.Debug:Log (object) (at /home/bokken/build/output/unity/unity/Runtime/Export/Debug/Debug.bindings.cs:123)
06-02 15:55:12.735 31473 31530 I Unity   : LevelManager:SpawnTargets (LevelManager/LevelConfig) (at C:/Games/UnityProject/OrbitDrop3D/Assets/Scripts/Core/LevelManager.cs:254)
06-02 15:55:12.735 31473 31530 I Unity   : LevelManager:LoadLevel (int) (at C:/Games/UnityProject/OrbitDrop3D/Assets/Scripts/Core/LevelManag
06-02 15:55:12.736 31473 31530 I Unity   : [LevelManager] TargetRing[5] spawned at (-0.17, 3.92)
06-02 15:55:12.736 31473 31530 I Unity   : UnityEngine.Debug:ExtractStackTraceNoAlloc (byte*,int,string)
06-02 15:55:12.736 31473 31530 I Unity   : UnityEngine.StackTraceUtility:ExtractStackTrace () (at /home/bokken/build/output/unity/unity/Runtime/Export/Scripting/StackTrace.cs:35)
06-02 15:55:12.736 31473 31530 I Unity   : UnityEngine.DebugLogHandler:Internal_Log (UnityEngine.LogType,UnityEngine.LogOption,string,UnityEngine.Object)
06-02 15:55:12.736 31473 31530 I Unity   : UnityEngine.DebugLogHandler:LogFormat (UnityEngine.LogType,UnityEngine.Object,string,object[]) (at /home/bokken/build/output/unity/unity/Runtime/Export/Logging/DebugLogHandler.cs:9)
06-02 15:55:12.736 31473 31530 I Unity   : UnityEngine.Logger:Log (UnityEngine.LogType,object) (at /home/bokken/build/output/unity/unity/Runtime/Export/Logging/Logger.cs:60)
06-02 15:55:12.736 31473 31530 I Unity   : UnityEngine.Debug:Log (object) (at /home/bokken/build/output/unity/unity/Runtime/Export/Debug/Debug.bindings.cs:123)
06-02 15:55:12.736 31473 31530 I Unity   : LevelManager:SpawnTargets (LevelManager/LevelConfig) (at C:/Games/UnityProject/OrbitDrop3D/Assets/Scripts/Core/LevelManager.cs:254)
06-02 15:55:12.736 31473 31530 I Unity   : LevelManager:LoadLevel (int) (at C:/Games/UnityProject/OrbitDrop3D/Assets/Scripts/Core/LevelManage
06-02 15:55:12.736 31473 31530 I Unity   : [LevelManager] TargetRing[6] spawned at (0.72, -4.43)
06-02 15:55:12.736 31473 31530 I Unity   : UnityEngine.Debug:ExtractStackTraceNoAlloc (byte*,int,string)
06-02 15:55:12.736 31473 31530 I Unity   : UnityEngine.StackTraceUtility:ExtractStackTrace () (at /home/bokken/build/output/unity/unity/Runtime/Export/Scripting/StackTrace.cs:35)
06-02 15:55:12.736 31473 31530 I Unity   : UnityEngine.DebugLogHandler:Internal_Log (UnityEngine.LogType,UnityEngine.LogOption,string,UnityEngine.Object)
06-02 15:55:12.736 31473 31530 I Unity   : UnityEngine.DebugLogHandler:LogFormat (UnityEngine.LogType,UnityEngine.Object,string,object[]) (at /home/bokken/build/output/unity/unity/Runtime/Export/Logging/DebugLogHandler.cs:9)
06-02 15:55:12.736 31473 31530 I Unity   : UnityEngine.Logger:Log (UnityEngine.LogType,object) (at /home/bokken/build/output/unity/unity/Runtime/Export/Logging/Logger.cs:60)
06-02 15:55:12.736 31473 31530 I Unity   : UnityEngine.Debug:Log (object) (at /home/bokken/build/output/unity/unity/Runtime/Export/Debug/Debug.bindings.cs:123)
06-02 15:55:12.736 31473 31530 I Unity   : LevelManager:SpawnTargets (LevelManager/LevelConfig) (at C:/Games/UnityProject/OrbitDrop3D/Assets/Scripts/Core/LevelManager.cs:254)
06-02 15:55:12.736 31473 31530 I Unity   : LevelManager:LoadLevel (int) (at C:/Games/UnityProject/OrbitDrop3D/Assets/Scripts/Core/LevelManage
06-02 15:55:12.737 31473 31530 I Unity   : [EnemySpawner] StartSpawning called — level=11 gameObject.active=True enabled=False Instance=SET
06-02 15:55:12.737 31473 31530 I Unity   : UnityEngine.Debug:ExtractStackTraceNoAlloc (byte*,int,string)
06-02 15:55:12.737 31473 31530 I Unity   : UnityEngine.StackTraceUtility:ExtractStackTrace () (at /home/bokken/build/output/unity/unity/Runtime/Export/Scripting/StackTrace.cs:35)
06-02 15:55:12.737 31473 31530 I Unity   : UnityEngine.DebugLogHandler:Internal_Log (UnityEngine.LogType,UnityEngine.LogOption,string,UnityEngine.Object)
06-02 15:55:12.737 31473 31530 I Unity   : UnityEngine.DebugLogHandler:LogFormat (UnityEngine.LogType,UnityEngine.Object,string,object[]) (at /home/bokken/build/output/unity/unity/Runtime/Export/Logging/DebugLogHandler.cs:9)
06-02 15:55:12.737 31473 31530 I Unity   : UnityEngine.Logger:Log (UnityEngine.LogType,object) (at /home/bokken/build/output/unity/unity/Runtime/Export/Logging/Logger.cs:60)
06-02 15:55:12.737 31473 31530 I Unity   : UnityEngine.Debug:Log (object) (at /home/bokken/build/output/unity/unity/Runtime/Export/Debug/Debug.bindings.cs:123)
06-02 15:55:12.737 31473 31530 I Unity   : EnemySpawner:StartSpawning (int) (at C:/Games/UnityProject/OrbitDrop3D/Assets/Scripts/Gameplay/EnemySpawner.cs:34)
06-02 15:55:12.737 31473 31530 I Unity   : GameManager:BeginGame () (at C:/Games/UnityProject/OrbitDrop3D/Assets/
06-02 15:55:12.737 31473 31530 W Unity   : [EnemySpawner] Component was disabled — enabling now. Check the scene: EnemySpawner MonoBehaviour should be ticked.
06-02 15:55:12.737 31473 31530 W Unity   : UnityEngine.Debug:ExtractStackTraceNoAlloc (byte*,int,string)
06-02 15:55:12.737 31473 31530 W Unity   : UnityEngine.StackTraceUtility:ExtractStackTrace () (at /home/bokken/build/output/unity/unity/Runtime/Export/Scripting/StackTrace.cs:35)
06-02 15:55:12.737 31473 31530 W Unity   : UnityEngine.DebugLogHandler:Internal_Log (UnityEngine.LogType,UnityEngine.LogOption,string,UnityEngine.Object)
06-02 15:55:12.737 31473 31530 W Unity   : UnityEngine.DebugLogHandler:LogFormat (UnityEngine.LogType,UnityEngine.Object,string,object[]) (at /home/bokken/build/output/unity/unity/Runtime/Export/Logging/DebugLogHandler.cs:9)
06-02 15:55:12.737 31473 31530 W Unity   : UnityEngine.Logger:Log (UnityEngine.LogType,object) (at /home/bokken/build/output/unity/unity/Runtime/Export/Logging/Logger.cs:60)
06-02 15:55:12.737 31473 31530 W Unity   : UnityEngine.Debug:LogWarning (object) (at /home/bokken/build/output/unity/unity/Runtime/Export/Debug/Debug.bindings.cs:213)
06-02 15:55:12.737 31473 31530 W Unity   : EnemySpawner:StartSpawning (int) (at C:/Games/UnityProject/OrbitDrop3D/Assets/Scripts/Gameplay/EnemySpawner.cs:40)
06-02 15:55:12.737 31473 31530 W Unity   : GameManager:BeginGame () (at C:/Games/UnityP
06-02 15:55:12.738 31473 31530 I Unity   : [EnemySpawner] SpawnLoop ENTERED — level=11
06-02 15:55:12.738 31473 31530 I Unity   : UnityEngine.Debug:ExtractStackTraceNoAlloc (byte*,int,string)
06-02 15:55:12.738 31473 31530 I Unity   : UnityEngine.StackTraceUtility:ExtractStackTrace () (at /home/bokken/build/output/unity/unity/Runtime/Export/Scripting/StackTrace.cs:35)
06-02 15:55:12.738 31473 31530 I Unity   : UnityEngine.DebugLogHandler:Internal_Log (UnityEngine.LogType,UnityEngine.LogOption,string,UnityEngine.Object)
06-02 15:55:12.738 31473 31530 I Unity   : UnityEngine.DebugLogHandler:LogFormat (UnityEngine.LogType,UnityEngine.Object,string,object[]) (at /home/bokken/build/output/unity/unity/Runtime/Export/Logging/DebugLogHandler.cs:9)
06-02 15:55:12.738 31473 31530 I Unity   : UnityEngine.Logger:Log (UnityEngine.LogType,object) (at /home/bokken/build/output/unity/unity/Runtime/Export/Logging/Logger.cs:60)
06-02 15:55:12.738 31473 31530 I Unity   : UnityEngine.Debug:Log (object) (at /home/bokken/build/output/unity/unity/Runtime/Export/Debug/Debug.bindings.cs:123)
06-02 15:55:12.738 31473 31530 I Unity   : EnemySpawner/<SpawnLoop>d__8:MoveNext () (at C:/Games/UnityProject/OrbitDrop3D/Assets/Scripts/Gameplay/EnemySpawner.cs:64)
06-02 15:55:12.738 31473 31530 I Unity   : UnityEngine.SetupCoroutine:InvokeMoveNext (System.Collections.IEnumerator,intptr) (at /home/bokken/build/output/uni
06-02 15:55:12.738 31473 31530 I Unity   : [EnemySpawner] SpawnLoop waiting 8s — live enemies=0
06-02 15:55:12.738 31473 31530 I Unity   : UnityEngine.Debug:ExtractStackTraceNoAlloc (byte*,int,string)
06-02 15:55:12.738 31473 31530 I Unity   : UnityEngine.StackTraceUtility:ExtractStackTrace () (at /home/bokken/build/output/unity/unity/Runtime/Export/Scripting/StackTrace.cs:35)
06-02 15:55:12.738 31473 31530 I Unity   : UnityEngine.DebugLogHandler:Internal_Log (UnityEngine.LogType,UnityEngine.LogOption,string,UnityEngine.Object)
06-02 15:55:12.738 31473 31530 I Unity   : UnityEngine.DebugLogHandler:LogFormat (UnityEngine.LogType,UnityEngine.Object,string,object[]) (at /home/bokken/build/output/unity/unity/Runtime/Export/Logging/DebugLogHandler.cs:9)
06-02 15:55:12.738 31473 31530 I Unity   : UnityEngine.Logger:Log (UnityEngine.LogType,object) (at /home/bokken/build/output/unity/unity/Runtime/Export/Logging/Logger.cs:60)
06-02 15:55:12.738 31473 31530 I Unity   : UnityEngine.Debug:Log (object) (at /home/bokken/build/output/unity/unity/Runtime/Export/Debug/Debug.bindings.cs:123)
06-02 15:55:12.738 31473 31530 I Unity   : EnemySpawner/<SpawnLoop>d__8:MoveNext () (at C:/Games/UnityProject/OrbitDrop3D/Assets/Scripts/Gameplay/EnemySpawner.cs:69)
06-02 15:55:12.738 31473 31530 I Unity   : UnityEngine.SetupCoroutine:InvokeMoveNext (System.Collections.IEnumerator,intptr) (at /home/bokken/build/o
06-02 15:55:12.738 31473 31530 I Unity   : [EnemySpawner] SpawnLoop coroutine started for level=11.
06-02 15:55:12.738 31473 31530 I Unity   : UnityEngine.Debug:ExtractStackTraceNoAlloc (byte*,int,string)
06-02 15:55:12.738 31473 31530 I Unity   : UnityEngine.StackTraceUtility:ExtractStackTrace () (at /home/bokken/build/output/unity/unity/Runtime/Export/Scripting/StackTrace.cs:35)
06-02 15:55:12.738 31473 31530 I Unity   : UnityEngine.DebugLogHandler:Internal_Log (UnityEngine.LogType,UnityEngine.LogOption,string,UnityEngine.Object)
06-02 15:55:12.738 31473 31530 I Unity   : UnityEngine.DebugLogHandler:LogFormat (UnityEngine.LogType,UnityEngine.Object,string,object[]) (at /home/bokken/build/output/unity/unity/Runtime/Export/Logging/DebugLogHandler.cs:9)
06-02 15:55:12.738 31473 31530 I Unity   : UnityEngine.Logger:Log (UnityEngine.LogType,object) (at /home/bokken/build/output/unity/unity/Runtime/Export/Logging/Logger.cs:60)
06-02 15:55:12.738 31473 31530 I Unity   : UnityEngine.Debug:Log (object) (at /home/bokken/build/output/unity/unity/Runtime/Export/Debug/Debug.bindings.cs:123)
06-02 15:55:12.738 31473 31530 I Unity   : EnemySpawner:StartSpawning (int) (at C:/Games/UnityProject/OrbitDrop3D/Assets/Scripts/Gameplay/EnemySpawner.cs:52)
06-02 15:55:12.738 31473 31530 I Unity   : GameManager:BeginGame () (at C:/Games/UnityProject/OrbitDrop3D/Assets/Scripts/Core/GameManager.cs:94)
06-02 15:55:12.738 31473 31530 I Unity   : GameManage
06-02 15:55:12.739 31473 31530 I Unity   : [GameManager] BeginGame — Level=11 Lives=3
06-02 15:55:12.739 31473 31530 I Unity   : UnityEngine.Debug:ExtractStackTraceNoAlloc (byte*,int,string)
06-02 15:55:12.739 31473 31530 I Unity   : UnityEngine.StackTraceUtility:ExtractStackTrace () (at /home/bokken/build/output/unity/unity/Runtime/Export/Scripting/StackTrace.cs:35)
06-02 15:55:12.739 31473 31530 I Unity   : UnityEngine.DebugLogHandler:Internal_Log (UnityEngine.LogType,UnityEngine.LogOption,string,UnityEngine.Object)
06-02 15:55:12.739 31473 31530 I Unity   : UnityEngine.DebugLogHandler:LogFormat (UnityEngine.LogType,UnityEngine.Object,string,object[]) (at /home/bokken/build/output/unity/unity/Runtime/Export/Logging/DebugLogHandler.cs:9)
06-02 15:55:12.739 31473 31530 I Unity   : UnityEngine.Logger:Log (UnityEngine.LogType,object) (at /home/bokken/build/output/unity/unity/Runtime/Export/Logging/Logger.cs:60)
06-02 15:55:12.739 31473 31530 I Unity   : UnityEngine.Debug:Log (object) (at /home/bokken/build/output/unity/unity/Runtime/Export/Debug/Debug.bindings.cs:123)
06-02 15:55:12.739 31473 31530 I Unity   : GameManager:BeginGame () (at C:/Games/UnityProject/OrbitDrop3D/Assets/Scripts/Core/GameManager.cs:96)
06-02 15:55:12.739 31473 31530 I Unity   : GameManager:OnSceneLoaded (UnityEngine.SceneManagement.Scene,UnityEngine.SceneManagement.LoadSceneMode) (at C:/Games/UnityProject/OrbitDr
06-02 15:55:12.739 31473 31530 I Unity   : SetGameState: isLoading: false, mode: UNKNOWN, label: 3, quality: 0
06-02 15:55:12.761 31473 31530 I Unity   : GameHUD Start, lifeIcons count: 3
06-02 15:55:12.761 31473 31530 I Unity   : UnityEngine.Debug:ExtractStackTraceNoAlloc (byte*,int,string)
06-02 15:55:12.761 31473 31530 I Unity   : UnityEngine.StackTraceUtility:ExtractStackTrace () (at /home/bokken/build/output/unity/unity/Runtime/Export/Scripting/StackTrace.cs:35)
06-02 15:55:12.761 31473 31530 I Unity   : UnityEngine.DebugLogHandler:Internal_Log (UnityEngine.LogType,UnityEngine.LogOption,string,UnityEngine.Object)
06-02 15:55:12.761 31473 31530 I Unity   : UnityEngine.DebugLogHandler:LogFormat (UnityEngine.LogType,UnityEngine.Object,string,object[]) (at /home/bokken/build/output/unity/unity/Runtime/Export/Logging/DebugLogHandler.cs:9)
06-02 15:55:12.761 31473 31530 I Unity   : UnityEngine.Logger:Log (UnityEngine.LogType,object) (at /home/bokken/build/output/unity/unity/Runtime/Export/Logging/Logger.cs:60)
06-02 15:55:12.761 31473 31530 I Unity   : UnityEngine.Debug:Log (object) (at /home/bokken/build/output/unity/unity/Runtime/Export/Debug/Debug.bindings.cs:123)
06-02 15:55:12.761 31473 31530 I Unity   : GameHUD:Start () (at C:/Games/UnityProject/OrbitDrop3D/Assets/Scripts/UI/GameHUD.cs:27)
06-02 15:55:12.761 31473 31530 I Unity   : 
06-02 15:55:12.761 31473 31530 I Unity   : (Filename: /home/bokken/build/output/unity/unity/Runtime/Export/Debug/Debug.bindings.cs Line: 123)
06-02 15:55:12.761 31473 31530 I Unity   : 
06-02 15:55:12.761 31473 31530 I Unity   : GameManager Instance: OK
06-02 15:55:12.761 31473 31530 I Unity   : UnityEngine.Debug:ExtractStackTraceNoAlloc (byte*,int,string)
06-02 15:55:12.761 31473 31530 I Unity   : UnityEngine.StackTraceUtility:ExtractStackTrace () (at /home/bokken/build/output/unity/unity/Runtime/Export/Scripting/StackTrace.cs:35)
06-02 15:55:12.761 31473 31530 I Unity   : UnityEngine.DebugLogHandler:Internal_Log (UnityEngine.LogType,UnityEngine.LogOption,string,UnityEngine.Object)
06-02 15:55:12.761 31473 31530 I Unity   : UnityEngine.DebugLogHandler:LogFormat (UnityEngine.LogType,UnityEngine.Object,string,object[]) (at /home/bokken/build/output/unity/unity/Runtime/Export/Logging/DebugLogHandler.cs:9)
06-02 15:55:12.761 31473 31530 I Unity   : UnityEngine.Logger:Log (UnityEngine.LogType,object) (at /home/bokken/build/output/unity/unity/Runtime/Export/Logging/Logger.cs:60)
06-02 15:55:12.761 31473 31530 I Unity   : UnityEngine.Debug:Log (object) (at /home/bokken/build/output/unity/unity/Runtime/Export/Debug/Debug.bindings.cs:123)
06-02 15:55:12.761 31473 31530 I Unity   : GameHUD:Start () (at C:/Games/UnityProject/OrbitDrop3D/Assets/Scripts/UI/GameHUD.cs:28)
06-02 15:55:12.761 31473 31530 I Unity   : 
06-02 15:55:12.761 31473 31530 I Unity   : (Filename: /home/bokken/build/output/unity/unity/Runtime/Export/Debug/Debug.bindings.cs Line: 123)
06-02 15:55:12.761 31473 31530 I Unity   : 
06-02 15:55:12.762 31473 31530 I Unity   : Heart updated instantly — lives: 3
06-02 15:55:12.762 31473 31530 I Unity   : UnityEngine.Debug:ExtractStackTraceNoAlloc (byte*,int,string)
06-02 15:55:12.762 31473 31530 I Unity   : UnityEngine.StackTraceUtility:ExtractStackTrace () (at /home/bokken/build/output/unity/unity/Runtime/Export/Scripting/StackTrace.cs:35)
06-02 15:55:12.762 31473 31530 I Unity   : UnityEngine.DebugLogHandler:Internal_Log (UnityEngine.LogType,UnityEngine.LogOption,string,UnityEngine.Object)
06-02 15:55:12.762 31473 31530 I Unity   : UnityEngine.DebugLogHandler:LogFormat (UnityEngine.LogType,UnityEngine.Object,string,object[]) (at /home/bokken/build/output/unity/unity/Runtime/Export/Logging/DebugLogHandler.cs:9)
06-02 15:55:12.762 31473 31530 I Unity   : UnityEngine.Logger:Log (UnityEngine.LogType,object) (at /home/bokken/build/output/unity/unity/Runtime/Export/Logging/Logger.cs:60)
06-02 15:55:12.762 31473 31530 I Unity   : UnityEngine.Debug:Log (object) (at /home/bokken/build/output/unity/unity/Runtime/Export/Debug/Debug.bindings.cs:123)
06-02 15:55:12.762 31473 31530 I Unity   : GameHUD:OnLivesChanged (int) (at C:/Games/UnityProject/OrbitDrop3D/Assets/Scripts/UI/GameHUD.cs:101)
06-02 15:55:12.762 31473 31530 I Unity   : GameHUD:Refresh () (at C:/Games/UnityProject/OrbitDrop3D/Assets/Scripts/UI/GameHUD.cs:122)
06-02 15:55:12.762 31473 31530 I Unity   : GameHUD:Start () (at C:/Games/UnityProject/OrbitDrop3D/
06-02 15:55:12.766 31473 31530 I Unity   : [TargetRing2D] 'TargetRing2D(Clone)' (path=LevelManager/TargetRing2D(Clone)) spawned | tag=Untagged layer=Default col_enabled=True isTrigger=True radius=1.8
06-02 15:55:12.766 31473 31530 I Unity   : UnityEngine.Debug:ExtractStackTraceNoAlloc (byte*,int,string)
06-02 15:55:12.766 31473 31530 I Unity   : UnityEngine.StackTraceUtility:ExtractStackTrace () (at /home/bokken/build/output/unity/unity/Runtime/Export/Scripting/StackTrace.cs:35)
06-02 15:55:12.766 31473 31530 I Unity   : UnityEngine.DebugLogHandler:Internal_Log (UnityEngine.LogType,UnityEngine.LogOption,string,UnityEngine.Object)
06-02 15:55:12.766 31473 31530 I Unity   : UnityEngine.DebugLogHandler:LogFormat (UnityEngine.LogType,UnityEngine.Object,string,object[]) (at /home/bokken/build/output/unity/unity/Runtime/Export/Logging/DebugLogHandler.cs:9)
06-02 15:55:12.766 31473 31530 I Unity   : UnityEngine.Logger:Log (UnityEngine.LogType,object) (at /home/bokken/build/output/unity/unity/Runtime/Export/Logging/Logger.cs:60)
06-02 15:55:12.766 31473 31530 I Unity   : UnityEngine.Debug:Log (object) (at /home/bokken/build/output/unity/unity/Runtime/Export/Debug/Debug.bindings.cs:123)
06-02 15:55:12.766 31473 31530 I Unity   : TargetRing2D:Start () (at C:/Games/UnityProject/OrbitDrop3D/Assets/Scripts/Gameplay/TargetRing2D.cs:23)
06-02 15:55:12.766 31473 31530 I Unity   : 
06-02 15:55:12.766 31473 31530 I Unity   : (Filename: /home/bokke
06-02 15:55:12.766 31473 31530 I Unity   : [TargetRing2D] 'TargetRing2D(Clone)' (path=LevelManager/TargetRing2D(Clone)) spawned | tag=Untagged layer=Default col_enabled=True isTrigger=True radius=1.8
06-02 15:55:12.766 31473 31530 I Unity   : UnityEngine.Debug:ExtractStackTraceNoAlloc (byte*,int,string)
06-02 15:55:12.766 31473 31530 I Unity   : UnityEngine.StackTraceUtility:ExtractStackTrace () (at /home/bokken/build/output/unity/unity/Runtime/Export/Scripting/StackTrace.cs:35)
06-02 15:55:12.766 31473 31530 I Unity   : UnityEngine.DebugLogHandler:Internal_Log (UnityEngine.LogType,UnityEngine.LogOption,string,UnityEngine.Object)
06-02 15:55:12.766 31473 31530 I Unity   : UnityEngine.DebugLogHandler:LogFormat (UnityEngine.LogType,UnityEngine.Object,string,object[]) (at /home/bokken/build/output/unity/unity/Runtime/Export/Logging/DebugLogHandler.cs:9)
06-02 15:55:12.766 31473 31530 I Unity   : UnityEngine.Logger:Log (UnityEngine.LogType,object) (at /home/bokken/build/output/unity/unity/Runtime/Export/Logging/Logger.cs:60)
06-02 15:55:12.766 31473 31530 I Unity   : UnityEngine.Debug:Log (object) (at /home/bokken/build/output/unity/unity/Runtime/Export/Debug/Debug.bindings.cs:123)
06-02 15:55:12.766 31473 31530 I Unity   : TargetRing2D:Start () (at C:/Games/UnityProject/OrbitDrop3D/Assets/Scripts/Gameplay/TargetRing2D.cs:23)
06-02 15:55:12.766 31473 31530 I Unity   : 
06-02 15:55:12.766 31473 31530 I Unity   : (Filename: /home/bokke
06-02 15:55:12.766 31473 31530 I Unity   : [TargetRing2D] 'TargetRing2D(Clone)' (path=LevelManager/TargetRing2D(Clone)) spawned | tag=Untagged layer=Default col_enabled=True isTrigger=True radius=1.8
06-02 15:55:12.766 31473 31530 I Unity   : UnityEngine.Debug:ExtractStackTraceNoAlloc (byte*,int,string)
06-02 15:55:12.766 31473 31530 I Unity   : UnityEngine.StackTraceUtility:ExtractStackTrace () (at /home/bokken/build/output/unity/unity/Runtime/Export/Scripting/StackTrace.cs:35)
06-02 15:55:12.766 31473 31530 I Unity   : UnityEngine.DebugLogHandler:Internal_Log (UnityEngine.LogType,UnityEngine.LogOption,string,UnityEngine.Object)
06-02 15:55:12.766 31473 31530 I Unity   : UnityEngine.DebugLogHandler:LogFormat (UnityEngine.LogType,UnityEngine.Object,string,object[]) (at /home/bokken/build/output/unity/unity/Runtime/Export/Logging/DebugLogHandler.cs:9)
06-02 15:55:12.766 31473 31530 I Unity   : UnityEngine.Logger:Log (UnityEngine.LogType,object) (at /home/bokken/build/output/unity/unity/Runtime/Export/Logging/Logger.cs:60)
06-02 15:55:12.766 31473 31530 I Unity   : UnityEngine.Debug:Log (object) (at /home/bokken/build/output/unity/unity/Runtime/Export/Debug/Debug.bindings.cs:123)
06-02 15:55:12.766 31473 31530 I Unity   : TargetRing2D:Start () (at C:/Games/UnityProject/OrbitDrop3D/Assets/Scripts/Gameplay/TargetRing2D.cs:23)
06-02 15:55:12.766 31473 31530 I Unity   : 
06-02 15:55:12.766 31473 31530 I Unity   : (Filename: /home/bokke
06-02 15:55:12.767 31473 31530 I Unity   : [TargetRing2D] 'TargetRing2D(Clone)' (path=LevelManager/TargetRing2D(Clone)) spawned | tag=Untagged layer=Default col_enabled=True isTrigger=True radius=1.8
06-02 15:55:12.767 31473 31530 I Unity   : UnityEngine.Debug:ExtractStackTraceNoAlloc (byte*,int,string)
06-02 15:55:12.767 31473 31530 I Unity   : UnityEngine.StackTraceUtility:ExtractStackTrace () (at /home/bokken/build/output/unity/unity/Runtime/Export/Scripting/StackTrace.cs:35)
06-02 15:55:12.767 31473 31530 I Unity   : UnityEngine.DebugLogHandler:Internal_Log (UnityEngine.LogType,UnityEngine.LogOption,string,UnityEngine.Object)
06-02 15:55:12.767 31473 31530 I Unity   : UnityEngine.DebugLogHandler:LogFormat (UnityEngine.LogType,UnityEngine.Object,string,object[]) (at /home/bokken/build/output/unity/unity/Runtime/Export/Logging/DebugLogHandler.cs:9)
06-02 15:55:12.767 31473 31530 I Unity   : UnityEngine.Logger:Log (UnityEngine.LogType,object) (at /home/bokken/build/output/unity/unity/Runtime/Export/Logging/Logger.cs:60)
06-02 15:55:12.767 31473 31530 I Unity   : UnityEngine.Debug:Log (object) (at /home/bokken/build/output/unity/unity/Runtime/Export/Debug/Debug.bindings.cs:123)
06-02 15:55:12.767 31473 31530 I Unity   : TargetRing2D:Start () (at C:/Games/UnityProject/OrbitDrop3D/Assets/Scripts/Gameplay/TargetRing2D.cs:23)
06-02 15:55:12.767 31473 31530 I Unity   : 
06-02 15:55:12.767 31473 31530 I Unity   : (Filename: /home/bokke
06-02 15:55:12.767 31473 31530 I Unity   : [TargetRing2D] 'TargetRing2D(Clone)' (path=LevelManager/TargetRing2D(Clone)) spawned | tag=Untagged layer=Default col_enabled=True isTrigger=True radius=1.8
06-02 15:55:12.767 31473 31530 I Unity   : UnityEngine.Debug:ExtractStackTraceNoAlloc (byte*,int,string)
06-02 15:55:12.767 31473 31530 I Unity   : UnityEngine.StackTraceUtility:ExtractStackTrace () (at /home/bokken/build/output/unity/unity/Runtime/Export/Scripting/StackTrace.cs:35)
06-02 15:55:12.767 31473 31530 I Unity   : UnityEngine.DebugLogHandler:Internal_Log (UnityEngine.LogType,UnityEngine.LogOption,string,UnityEngine.Object)
06-02 15:55:12.767 31473 31530 I Unity   : UnityEngine.DebugLogHandler:LogFormat (UnityEngine.LogType,UnityEngine.Object,string,object[]) (at /home/bokken/build/output/unity/unity/Runtime/Export/Logging/DebugLogHandler.cs:9)
06-02 15:55:12.767 31473 31530 I Unity   : UnityEngine.Logger:Log (UnityEngine.LogType,object) (at /home/bokken/build/output/unity/unity/Runtime/Export/Logging/Logger.cs:60)
06-02 15:55:12.767 31473 31530 I Unity   : UnityEngine.Debug:Log (object) (at /home/bokken/build/output/unity/unity/Runtime/Export/Debug/Debug.bindings.cs:123)
06-02 15:55:12.767 31473 31530 I Unity   : TargetRing2D:Start () (at C:/Games/UnityProject/OrbitDrop3D/Assets/Scripts/Gameplay/TargetRing2D.cs:23)
06-02 15:55:12.767 31473 31530 I Unity   : 
06-02 15:55:12.767 31473 31530 I Unity   : (Filename: /home/bokke
06-02 15:55:12.767 31473 31530 I Unity   : [TargetRing2D] 'TargetRing2D(Clone)' (path=LevelManager/TargetRing2D(Clone)) spawned | tag=Untagged layer=Default col_enabled=True isTrigger=True radius=1.8
06-02 15:55:12.767 31473 31530 I Unity   : UnityEngine.Debug:ExtractStackTraceNoAlloc (byte*,int,string)
06-02 15:55:12.767 31473 31530 I Unity   : UnityEngine.StackTraceUtility:ExtractStackTrace () (at /home/bokken/build/output/unity/unity/Runtime/Export/Scripting/StackTrace.cs:35)
06-02 15:55:12.767 31473 31530 I Unity   : UnityEngine.DebugLogHandler:Internal_Log (UnityEngine.LogType,UnityEngine.LogOption,string,UnityEngine.Object)
06-02 15:55:12.767 31473 31530 I Unity   : UnityEngine.DebugLogHandler:LogFormat (UnityEngine.LogType,UnityEngine.Object,string,object[]) (at /home/bokken/build/output/unity/unity/Runtime/Export/Logging/DebugLogHandler.cs:9)
06-02 15:55:12.767 31473 31530 I Unity   : UnityEngine.Logger:Log (UnityEngine.LogType,object) (at /home/bokken/build/output/unity/unity/Runtime/Export/Logging/Logger.cs:60)
06-02 15:55:12.767 31473 31530 I Unity   : UnityEngine.Debug:Log (object) (at /home/bokken/build/output/unity/unity/Runtime/Export/Debug/Debug.bindings.cs:123)
06-02 15:55:12.767 31473 31530 I Unity   : TargetRing2D:Start () (at C:/Games/UnityProject/OrbitDrop3D/Assets/Scripts/Gameplay/TargetRing2D.cs:23)
06-02 15:55:12.767 31473 31530 I Unity   : 
06-02 15:55:12.767 31473 31530 I Unity   : (Filename: /home/bokke
06-02 15:55:12.767 31473 31530 I Unity   : [TargetRing2D] 'TargetRing2D(Clone)' (path=LevelManager/TargetRing2D(Clone)) spawned | tag=Untagged layer=Default col_enabled=True isTrigger=True radius=1.8
06-02 15:55:12.767 31473 31530 I Unity   : UnityEngine.Debug:ExtractStackTraceNoAlloc (byte*,int,string)
06-02 15:55:12.767 31473 31530 I Unity   : UnityEngine.StackTraceUtility:ExtractStackTrace () (at /home/bokken/build/output/unity/unity/Runtime/Export/Scripting/StackTrace.cs:35)
06-02 15:55:12.767 31473 31530 I Unity   : UnityEngine.DebugLogHandler:Internal_Log (UnityEngine.LogType,UnityEngine.LogOption,string,UnityEngine.Object)
06-02 15:55:12.767 31473 31530 I Unity   : UnityEngine.DebugLogHandler:LogFormat (UnityEngine.LogType,UnityEngine.Object,string,object[]) (at /home/bokken/build/output/unity/unity/Runtime/Export/Logging/DebugLogHandler.cs:9)
06-02 15:55:12.767 31473 31530 I Unity   : UnityEngine.Logger:Log (UnityEngine.LogType,object) (at /home/bokken/build/output/unity/unity/Runtime/Export/Logging/Logger.cs:60)
06-02 15:55:12.767 31473 31530 I Unity   : UnityEngine.Debug:Log (object) (at /home/bokken/build/output/unity/unity/Runtime/Export/Debug/Debug.bindings.cs:123)
06-02 15:55:12.767 31473 31530 I Unity   : TargetRing2D:Start () (at C:/Games/UnityProject/OrbitDrop3D/Assets/Scripts/Gameplay/TargetRing2D.cs:23)
06-02 15:55:12.767 31473 31530 I Unity   : 
06-02 15:55:12.767 31473 31530 I Unity   : (Filename: /home/bokke
06-02 15:55:13.661 31473 31530 I Unity   : Life lost! Remaining: 2
06-02 15:55:13.661 31473 31530 I Unity   : UnityEngine.Debug:ExtractStackTraceNoAlloc (byte*,int,string)
06-02 15:55:13.661 31473 31530 I Unity   : UnityEngine.StackTraceUtility:ExtractStackTrace () (at /home/bokken/build/output/unity/unity/Runtime/Export/Scripting/StackTrace.cs:35)
06-02 15:55:13.661 31473 31530 I Unity   : UnityEngine.DebugLogHandler:Internal_Log (UnityEngine.LogType,UnityEngine.LogOption,string,UnityEngine.Object)
06-02 15:55:13.661 31473 31530 I Unity   : UnityEngine.DebugLogHandler:LogFormat (UnityEngine.LogType,UnityEngine.Object,string,object[]) (at /home/bokken/build/output/unity/unity/Runtime/Export/Logging/DebugLogHandler.cs:9)
06-02 15:55:13.661 31473 31530 I Unity   : UnityEngine.Logger:Log (UnityEngine.LogType,object) (at /home/bokken/build/output/unity/unity/Runtime/Export/Logging/Logger.cs:60)
06-02 15:55:13.661 31473 31530 I Unity   : UnityEngine.Debug:Log (object) (at /home/bokken/build/output/unity/unity/Runtime/Export/Debug/Debug.bindings.cs:123)
06-02 15:55:13.661 31473 31530 I Unity   : GameManager:LoseLife () (at C:/Games/UnityProject/OrbitDrop3D/Assets/Scripts/Core/GameManager.cs:125)
06-02 15:55:13.661 31473 31530 I Unity   : OrbiterBall2D:Update () (at C:/Games/UnityProject/OrbitDrop3D/Assets/Scripts/Gameplay/OrbiterBall2D.cs:75)
06-02 15:55:13.661 31473 31530 I Unity   : 
06-02 15:55:13.661 31473 31530 I Unity   : (Filename: /home/bokken/build/output/unity/unity/R
06-02 15:55:13.662 31473 31530 I Unity   : Heart updated instantly — lives: 2
06-02 15:55:13.662 31473 31530 I Unity   : UnityEngine.Debug:ExtractStackTraceNoAlloc (byte*,int,string)
06-02 15:55:13.662 31473 31530 I Unity   : UnityEngine.StackTraceUtility:ExtractStackTrace () (at /home/bokken/build/output/unity/unity/Runtime/Export/Scripting/StackTrace.cs:35)
06-02 15:55:13.662 31473 31530 I Unity   : UnityEngine.DebugLogHandler:Internal_Log (UnityEngine.LogType,UnityEngine.LogOption,string,UnityEngine.Object)
06-02 15:55:13.662 31473 31530 I Unity   : UnityEngine.DebugLogHandler:LogFormat (UnityEngine.LogType,UnityEngine.Object,string,object[]) (at /home/bokken/build/output/unity/unity/Runtime/Export/Logging/DebugLogHandler.cs:9)
06-02 15:55:13.662 31473 31530 I Unity   : UnityEngine.Logger:Log (UnityEngine.LogType,object) (at /home/bokken/build/output/unity/unity/Runtime/Export/Logging/Logger.cs:60)
06-02 15:55:13.662 31473 31530 I Unity   : UnityEngine.Debug:Log (object) (at /home/bokken/build/output/unity/unity/Runtime/Export/Debug/Debug.bindings.cs:123)
06-02 15:55:13.662 31473 31530 I Unity   : GameHUD:OnLivesChanged (int) (at C:/Games/UnityProject/OrbitDrop3D/Assets/Scripts/UI/GameHUD.cs:101)
06-02 15:55:13.662 31473 31530 I Unity   : GameManager:LoseLife () (at C:/Games/UnityProject/OrbitDrop3D/Assets/Scripts/Core/GameManager.cs:126)
06-02 15:55:13.662 31473 31530 I Unity   : OrbiterBall2D:Update () (at C:/Games/UnityPr
06-02 15:55:14.193 31473 31530 I Unity   : Life lost! Remaining: 1
06-02 15:55:14.193 31473 31530 I Unity   : UnityEngine.Debug:ExtractStackTraceNoAlloc (byte*,int,string)
06-02 15:55:14.193 31473 31530 I Unity   : UnityEngine.StackTraceUtility:ExtractStackTrace () (at /home/bokken/build/output/unity/unity/Runtime/Export/Scripting/StackTrace.cs:35)
06-02 15:55:14.193 31473 31530 I Unity   : UnityEngine.DebugLogHandler:Internal_Log (UnityEngine.LogType,UnityEngine.LogOption,string,UnityEngine.Object)
06-02 15:55:14.193 31473 31530 I Unity   : UnityEngine.DebugLogHandler:LogFormat (UnityEngine.LogType,UnityEngine.Object,string,object[]) (at /home/bokken/build/output/unity/unity/Runtime/Export/Logging/DebugLogHandler.cs:9)
06-02 15:55:14.193 31473 31530 I Unity   : UnityEngine.Logger:Log (UnityEngine.LogType,object) (at /home/bokken/build/output/unity/unity/Runtime/Export/Logging/Logger.cs:60)
06-02 15:55:14.193 31473 31530 I Unity   : UnityEngine.Debug:Log (object) (at /home/bokken/build/output/unity/unity/Runtime/Export/Debug/Debug.bindings.cs:123)
06-02 15:55:14.193 31473 31530 I Unity   : GameManager:LoseLife () (at C:/Games/UnityProject/OrbitDrop3D/Assets/Scripts/Core/GameManager.cs:125)
06-02 15:55:14.193 31473 31530 I Unity   : OrbiterBall2D:Update () (at C:/Games/UnityProject/OrbitDrop3D/Assets/Scripts/Gameplay/OrbiterBall2D.cs:75)
06-02 15:55:14.193 31473 31530 I Unity   : 
06-02 15:55:14.193 31473 31530 I Unity   : (Filename: /home/bokken/build/output/unity/unity/R
06-02 15:55:14.193 31473 31530 I Unity   : Heart updated instantly — lives: 1
06-02 15:55:14.193 31473 31530 I Unity   : UnityEngine.Debug:ExtractStackTraceNoAlloc (byte*,int,string)
06-02 15:55:14.193 31473 31530 I Unity   : UnityEngine.StackTraceUtility:ExtractStackTrace () (at /home/bokken/build/output/unity/unity/Runtime/Export/Scripting/StackTrace.cs:35)
06-02 15:55:14.193 31473 31530 I Unity   : UnityEngine.DebugLogHandler:Internal_Log (UnityEngine.LogType,UnityEngine.LogOption,string,UnityEngine.Object)
06-02 15:55:14.193 31473 31530 I Unity   : UnityEngine.DebugLogHandler:LogFormat (UnityEngine.LogType,UnityEngine.Object,string,object[]) (at /home/bokken/build/output/unity/unity/Runtime/Export/Logging/DebugLogHandler.cs:9)
06-02 15:55:14.193 31473 31530 I Unity   : UnityEngine.Logger:Log (UnityEngine.LogType,object) (at /home/bokken/build/output/unity/unity/Runtime/Export/Logging/Logger.cs:60)
06-02 15:55:14.193 31473 31530 I Unity   : UnityEngine.Debug:Log (object) (at /home/bokken/build/output/unity/unity/Runtime/Export/Debug/Debug.bindings.cs:123)
06-02 15:55:14.193 31473 31530 I Unity   : GameHUD:OnLivesChanged (int) (at C:/Games/UnityProject/OrbitDrop3D/Assets/Scripts/UI/GameHUD.cs:101)
06-02 15:55:14.193 31473 31530 I Unity   : GameManager:LoseLife () (at C:/Games/UnityProject/OrbitDrop3D/Assets/Scripts/Core/GameManager.cs:126)
06-02 15:55:14.193 31473 31530 I Unity   : OrbiterBall2D:Update () (at C:/Games/UnityPr
06-02 15:55:14.837 31473 31530 I Unity   : [OrbiterBall] Hit: TargetRing2D(Clone)  tag=Untagged  released=True
06-02 15:55:14.837 31473 31530 I Unity   : UnityEngine.Debug:ExtractStackTraceNoAlloc (byte*,int,string)
06-02 15:55:14.837 31473 31530 I Unity   : UnityEngine.StackTraceUtility:ExtractStackTrace () (at /home/bokken/build/output/unity/unity/Runtime/Export/Scripting/StackTrace.cs:35)
06-02 15:55:14.837 31473 31530 I Unity   : UnityEngine.DebugLogHandler:Internal_Log (UnityEngine.LogType,UnityEngine.LogOption,string,UnityEngine.Object)
06-02 15:55:14.837 31473 31530 I Unity   : UnityEngine.DebugLogHandler:LogFormat (UnityEngine.LogType,UnityEngine.Object,string,object[]) (at /home/bokken/build/output/unity/unity/Runtime/Export/Logging/DebugLogHandler.cs:9)
06-02 15:55:14.837 31473 31530 I Unity   : UnityEngine.Logger:Log (UnityEngine.LogType,object) (at /home/bokken/build/output/unity/unity/Runtime/Export/Logging/Logger.cs:60)
06-02 15:55:14.837 31473 31530 I Unity   : UnityEngine.Debug:Log (object) (at /home/bokken/build/output/unity/unity/Runtime/Export/Debug/Debug.bindings.cs:123)
06-02 15:55:14.837 31473 31530 I Unity   : OrbiterBall2D:OnTriggerEnter2D (UnityEngine.Collider2D) (at C:/Games/UnityProject/OrbitDrop3D/Assets/Scripts/Gameplay/OrbiterBall2D.cs:53)
06-02 15:55:14.837 31473 31530 I Unity   : 
06-02 15:55:14.837 31473 31530 I Unity   : (Filename: /home/bokken/build/output/unity/unity/Runtime/Export/Debug/Debug.
06-02 15:55:14.837 31473 31530 I Unity   : [TargetRing2D] OnTriggerEnter2D on 'LevelManager/TargetRing2D(Clone)' | _hit=False other='OrbiterBall2D(Clone)'
06-02 15:55:14.837 31473 31530 I Unity   : UnityEngine.Debug:ExtractStackTraceNoAlloc (byte*,int,string)
06-02 15:55:14.837 31473 31530 I Unity   : UnityEngine.StackTraceUtility:ExtractStackTrace () (at /home/bokken/build/output/unity/unity/Runtime/Export/Scripting/StackTrace.cs:35)
06-02 15:55:14.837 31473 31530 I Unity   : UnityEngine.DebugLogHandler:Internal_Log (UnityEngine.LogType,UnityEngine.LogOption,string,UnityEngine.Object)
06-02 15:55:14.837 31473 31530 I Unity   : UnityEngine.DebugLogHandler:LogFormat (UnityEngine.LogType,UnityEngine.Object,string,object[]) (at /home/bokken/build/output/unity/unity/Runtime/Export/Logging/DebugLogHandler.cs:9)
06-02 15:55:14.837 31473 31530 I Unity   : UnityEngine.Logger:Log (UnityEngine.LogType,object) (at /home/bokken/build/output/unity/unity/Runtime/Export/Logging/Logger.cs:60)
06-02 15:55:14.837 31473 31530 I Unity   : UnityEngine.Debug:Log (object) (at /home/bokken/build/output/unity/unity/Runtime/Export/Debug/Debug.bindings.cs:123)
06-02 15:55:14.837 31473 31530 I Unity   : TargetRing2D:OnTriggerEnter2D (UnityEngine.Collider2D) (at C:/Games/UnityProject/OrbitDrop3D/Assets/Scripts/Gameplay/TargetRing2D.cs:88)
06-02 15:55:14.837 31473 31530 I Unity   : 
06-02 15:55:14.837 31473 31530 I Unity   : (Filename: /home/bokken/build/outp
06-02 15:55:14.838 31473 31530 I Unity   : [TargetRing2D] Ball check | ball_found=True IsReleased=True HasHit=False
06-02 15:55:14.838 31473 31530 I Unity   : UnityEngine.Debug:ExtractStackTraceNoAlloc (byte*,int,string)
06-02 15:55:14.838 31473 31530 I Unity   : UnityEngine.StackTraceUtility:ExtractStackTrace () (at /home/bokken/build/output/unity/unity/Runtime/Export/Scripting/StackTrace.cs:35)
06-02 15:55:14.838 31473 31530 I Unity   : UnityEngine.DebugLogHandler:Internal_Log (UnityEngine.LogType,UnityEngine.LogOption,string,UnityEngine.Object)
06-02 15:55:14.838 31473 31530 I Unity   : UnityEngine.DebugLogHandler:LogFormat (UnityEngine.LogType,UnityEngine.Object,string,object[]) (at /home/bokken/build/output/unity/unity/Runtime/Export/Logging/DebugLogHandler.cs:9)
06-02 15:55:14.838 31473 31530 I Unity   : UnityEngine.Logger:Log (UnityEngine.LogType,object) (at /home/bokken/build/output/unity/unity/Runtime/Export/Logging/Logger.cs:60)
06-02 15:55:14.838 31473 31530 I Unity   : UnityEngine.Debug:Log (object) (at /home/bokken/build/output/unity/unity/Runtime/Export/Debug/Debug.bindings.cs:123)
06-02 15:55:14.838 31473 31530 I Unity   : TargetRing2D:OnTriggerEnter2D (UnityEngine.Collider2D) (at C:/Games/UnityProject/OrbitDrop3D/Assets/Scripts/Gameplay/TargetRing2D.cs:91)
06-02 15:55:14.838 31473 31530 I Unity   : 
06-02 15:55:14.838 31473 31530 I Unity   : (Filename: /home/bokken/build/output/unity/unity/Runtime/Export/Debug/Deb
06-02 15:55:14.838 31473 31530 I Unity   : [TargetRing2D] HIT ACCEPTED on 'LevelManager/TargetRing2D(Clone)' — processing score/destroy
06-02 15:55:14.838 31473 31530 I Unity   : UnityEngine.Debug:ExtractStackTraceNoAlloc (byte*,int,string)
06-02 15:55:14.838 31473 31530 I Unity   : UnityEngine.StackTraceUtility:ExtractStackTrace () (at /home/bokken/build/output/unity/unity/Runtime/Export/Scripting/StackTrace.cs:35)
06-02 15:55:14.838 31473 31530 I Unity   : UnityEngine.DebugLogHandler:Internal_Log (UnityEngine.LogType,UnityEngine.LogOption,string,UnityEngine.Object)
06-02 15:55:14.838 31473 31530 I Unity   : UnityEngine.DebugLogHandler:LogFormat (UnityEngine.LogType,UnityEngine.Object,string,object[]) (at /home/bokken/build/output/unity/unity/Runtime/Export/Logging/DebugLogHandler.cs:9)
06-02 15:55:14.838 31473 31530 I Unity   : UnityEngine.Logger:Log (UnityEngine.LogType,object) (at /home/bokken/build/output/unity/unity/Runtime/Export/Logging/Logger.cs:60)
06-02 15:55:14.838 31473 31530 I Unity   : UnityEngine.Debug:Log (object) (at /home/bokken/build/output/unity/unity/Runtime/Export/Debug/Debug.bindings.cs:123)
06-02 15:55:14.838 31473 31530 I Unity   : TargetRing2D:OnTriggerEnter2D (UnityEngine.Collider2D) (at C:/Games/UnityProject/OrbitDrop3D/Assets/Scripts/Gameplay/TargetRing2D.cs:94)
06-02 15:55:14.838 31473 31530 I Unity   : 
06-02 15:55:14.838 31473 31530 I Unity   : (Filename: /home/bokken/build/output/unity/unity/Ru
06-02 15:55:14.839 31473 31530 I Unity   : [ScoreManager] Hit! Combo=1  +100pts  Total=100
06-02 15:55:14.839 31473 31530 I Unity   : UnityEngine.Debug:ExtractStackTraceNoAlloc (byte*,int,string)
06-02 15:55:14.839 31473 31530 I Unity   : UnityEngine.StackTraceUtility:ExtractStackTrace () (at /home/bokken/build/output/unity/unity/Runtime/Export/Scripting/StackTrace.cs:35)
06-02 15:55:14.839 31473 31530 I Unity   : UnityEngine.DebugLogHandler:Internal_Log (UnityEngine.LogType,UnityEngine.LogOption,string,UnityEngine.Object)
06-02 15:55:14.839 31473 31530 I Unity   : UnityEngine.DebugLogHandler:LogFormat (UnityEngine.LogType,UnityEngine.Object,string,object[]) (at /home/bokken/build/output/unity/unity/Runtime/Export/Logging/DebugLogHandler.cs:9)
06-02 15:55:14.839 31473 31530 I Unity   : UnityEngine.Logger:Log (UnityEngine.LogType,object) (at /home/bokken/build/output/unity/unity/Runtime/Export/Logging/Logger.cs:60)
06-02 15:55:14.839 31473 31530 I Unity   : UnityEngine.Debug:Log (object) (at /home/bokken/build/output/unity/unity/Runtime/Export/Debug/Debug.bindings.cs:123)
06-02 15:55:14.839 31473 31530 I Unity   : ScoreManager:RegisterHit () (at C:/Games/UnityProject/OrbitDrop3D/Assets/Scripts/Core/ScoreManager.cs:65)
06-02 15:55:14.839 31473 31530 I Unity   : TargetRing2D:OnTriggerEnter2D (UnityEngine.Collider2D) (at C:/Games/UnityProject/OrbitDrop3D/Assets/Scripts/Gameplay/TargetRing2D.
06-02 15:55:14.840 31473 31530 I Unity   : Explosion spawned at: (-0.51, 3.39, 0.00)
06-02 15:55:14.840 31473 31530 I Unity   : UnityEngine.Debug:ExtractStackTraceNoAlloc (byte*,int,string)
06-02 15:55:14.840 31473 31530 I Unity   : UnityEngine.StackTraceUtility:ExtractStackTrace () (at /home/bokken/build/output/unity/unity/Runtime/Export/Scripting/StackTrace.cs:35)
06-02 15:55:14.840 31473 31530 I Unity   : UnityEngine.DebugLogHandler:Internal_Log (UnityEngine.LogType,UnityEngine.LogOption,string,UnityEngine.Object)
06-02 15:55:14.840 31473 31530 I Unity   : UnityEngine.DebugLogHandler:LogFormat (UnityEngine.LogType,UnityEngine.Object,string,object[]) (at /home/bokken/build/output/unity/unity/Runtime/Export/Logging/DebugLogHandler.cs:9)
06-02 15:55:14.840 31473 31530 I Unity   : UnityEngine.Logger:Log (UnityEngine.LogType,object) (at /home/bokken/build/output/unity/unity/Runtime/Export/Logging/Logger.cs:60)
06-02 15:55:14.840 31473 31530 I Unity   : UnityEngine.Debug:Log (object) (at /home/bokken/build/output/unity/unity/Runtime/Export/Debug/Debug.bindings.cs:123)
06-02 15:55:14.840 31473 31530 I Unity   : CFXRExplosionManager:SpawnExplosion (UnityEngine.Vector3) (at C:/Games/UnityProject/OrbitDrop3D/Assets/Scripts/Utils/CFXRExplosionManager.cs:45)
06-02 15:55:14.840 31473 31530 I Unity   : ParticleManager:SpawnHitBurst (UnityEngine.Vector3) (at C:/Games/UnityProject/OrbitDrop3D/Assets/
06-02 15:55:14.881 31473 31530 I Unity   : [OrbiterBall] Hit: TargetRing2D  tag=Untagged  released=True
06-02 15:55:14.881 31473 31530 I Unity   : UnityEngine.Debug:ExtractStackTraceNoAlloc (byte*,int,string)
06-02 15:55:14.881 31473 31530 I Unity   : UnityEngine.StackTraceUtility:ExtractStackTrace () (at /home/bokken/build/output/unity/unity/Runtime/Export/Scripting/StackTrace.cs:35)
06-02 15:55:14.881 31473 31530 I Unity   : UnityEngine.DebugLogHandler:Internal_Log (UnityEngine.LogType,UnityEngine.LogOption,string,UnityEngine.Object)
06-02 15:55:14.881 31473 31530 I Unity   : UnityEngine.DebugLogHandler:LogFormat (UnityEngine.LogType,UnityEngine.Object,string,object[]) (at /home/bokken/build/output/unity/unity/Runtime/Export/Logging/DebugLogHandler.cs:9)
06-02 15:55:14.881 31473 31530 I Unity   : UnityEngine.Logger:Log (UnityEngine.LogType,object) (at /home/bokken/build/output/unity/unity/Runtime/Export/Logging/Logger.cs:60)
06-02 15:55:14.881 31473 31530 I Unity   : UnityEngine.Debug:Log (object) (at /home/bokken/build/output/unity/unity/Runtime/Export/Debug/Debug.bindings.cs:123)
06-02 15:55:14.881 31473 31530 I Unity   : OrbiterBall2D:OnTriggerEnter2D (UnityEngine.Collider2D) (at C:/Games/UnityProject/OrbitDrop3D/Assets/Scripts/Gameplay/OrbiterBall2D.cs:53)
06-02 15:55:14.881 31473 31530 I Unity   : 
06-02 15:55:14.881 31473 31530 I Unity   : (Filename: /home/bokken/build/output/unity/unity/Runtime/Export/Debug/Debug.binding
06-02 15:55:14.926 31473 31530 I Unity   : [OrbiterBall] Hit: TargetRing2D(Clone)  tag=Untagged  released=True
06-02 15:55:14.926 31473 31530 I Unity   : UnityEngine.Debug:ExtractStackTraceNoAlloc (byte*,int,string)
06-02 15:55:14.926 31473 31530 I Unity   : UnityEngine.StackTraceUtility:ExtractStackTrace () (at /home/bokken/build/output/unity/unity/Runtime/Export/Scripting/StackTrace.cs:35)
06-02 15:55:14.926 31473 31530 I Unity   : UnityEngine.DebugLogHandler:Internal_Log (UnityEngine.LogType,UnityEngine.LogOption,string,UnityEngine.Object)
06-02 15:55:14.926 31473 31530 I Unity   : UnityEngine.DebugLogHandler:LogFormat (UnityEngine.LogType,UnityEngine.Object,string,object[]) (at /home/bokken/build/output/unity/unity/Runtime/Export/Logging/DebugLogHandler.cs:9)
06-02 15:55:14.926 31473 31530 I Unity   : UnityEngine.Logger:Log (UnityEngine.LogType,object) (at /home/bokken/build/output/unity/unity/Runtime/Export/Logging/Logger.cs:60)
06-02 15:55:14.926 31473 31530 I Unity   : UnityEngine.Debug:Log (object) (at /home/bokken/build/output/unity/unity/Runtime/Export/Debug/Debug.bindings.cs:123)
06-02 15:55:14.926 31473 31530 I Unity   : OrbiterBall2D:OnTriggerEnter2D (UnityEngine.Collider2D) (at C:/Games/UnityProject/OrbitDrop3D/Assets/Scripts/Gameplay/OrbiterBall2D.cs:53)
06-02 15:55:14.926 31473 31530 I Unity   : 
06-02 15:55:14.926 31473 31530 I Unity   : (Filename: /home/bokken/build/output/unity/unity/Runtime/Export/Debug/Debug.
06-02 15:55:14.926 31473 31530 I Unity   : [TargetRing2D] OnTriggerEnter2D on 'LevelManager/TargetRing2D(Clone)' | _hit=False other='OrbiterBall2D(Clone)'
06-02 15:55:14.926 31473 31530 I Unity   : UnityEngine.Debug:ExtractStackTraceNoAlloc (byte*,int,string)
06-02 15:55:14.926 31473 31530 I Unity   : UnityEngine.StackTraceUtility:ExtractStackTrace () (at /home/bokken/build/output/unity/unity/Runtime/Export/Scripting/StackTrace.cs:35)
06-02 15:55:14.926 31473 31530 I Unity   : UnityEngine.DebugLogHandler:Internal_Log (UnityEngine.LogType,UnityEngine.LogOption,string,UnityEngine.Object)
06-02 15:55:14.926 31473 31530 I Unity   : UnityEngine.DebugLogHandler:LogFormat (UnityEngine.LogType,UnityEngine.Object,string,object[]) (at /home/bokken/build/output/unity/unity/Runtime/Export/Logging/DebugLogHandler.cs:9)
06-02 15:55:14.926 31473 31530 I Unity   : UnityEngine.Logger:Log (UnityEngine.LogType,object) (at /home/bokken/build/output/unity/unity/Runtime/Export/Logging/Logger.cs:60)
06-02 15:55:14.926 31473 31530 I Unity   : UnityEngine.Debug:Log (object) (at /home/bokken/build/output/unity/unity/Runtime/Export/Debug/Debug.bindings.cs:123)
06-02 15:55:14.926 31473 31530 I Unity   : TargetRing2D:OnTriggerEnter2D (UnityEngine.Collider2D) (at C:/Games/UnityProject/OrbitDrop3D/Assets/Scripts/Gameplay/TargetRing2D.cs:88)
06-02 15:55:14.926 31473 31530 I Unity   : 
06-02 15:55:14.926 31473 31530 I Unity   : (Filename: /home/bokken/build/outp
06-02 15:55:14.927 31473 31530 I Unity   : [TargetRing2D] Ball check | ball_found=True IsReleased=True HasHit=True
06-02 15:55:14.927 31473 31530 I Unity   : UnityEngine.Debug:ExtractStackTraceNoAlloc (byte*,int,string)
06-02 15:55:14.927 31473 31530 I Unity   : UnityEngine.StackTraceUtility:ExtractStackTrace () (at /home/bokken/build/output/unity/unity/Runtime/Export/Scripting/StackTrace.cs:35)
06-02 15:55:14.927 31473 31530 I Unity   : UnityEngine.DebugLogHandler:Internal_Log (UnityEngine.LogType,UnityEngine.LogOption,string,UnityEngine.Object)
06-02 15:55:14.927 31473 31530 I Unity   : UnityEngine.DebugLogHandler:LogFormat (UnityEngine.LogType,UnityEngine.Object,string,object[]) (at /home/bokken/build/output/unity/unity/Runtime/Export/Logging/DebugLogHandler.cs:9)
06-02 15:55:14.927 31473 31530 I Unity   : UnityEngine.Logger:Log (UnityEngine.LogType,object) (at /home/bokken/build/output/unity/unity/Runtime/Export/Logging/Logger.cs:60)
06-02 15:55:14.927 31473 31530 I Unity   : UnityEngine.Debug:Log (object) (at /home/bokken/build/output/unity/unity/Runtime/Export/Debug/Debug.bindings.cs:123)
06-02 15:55:14.927 31473 31530 I Unity   : TargetRing2D:OnTriggerEnter2D (UnityEngine.Collider2D) (at C:/Games/UnityProject/OrbitDrop3D/Assets/Scripts/Gameplay/TargetRing2D.cs:91)
06-02 15:55:14.927 31473 31530 I Unity   : 
06-02 15:55:14.927 31473 31530 I Unity   : (Filename: /home/bokken/build/output/unity/unity/Runtime/Export/Debug/Debu
06-02 15:55:14.927 31473 31530 I Unity   : [TargetRing2D] HIT ACCEPTED on 'LevelManager/TargetRing2D(Clone)' — processing score/destroy
06-02 15:55:14.927 31473 31530 I Unity   : UnityEngine.Debug:ExtractStackTraceNoAlloc (byte*,int,string)
06-02 15:55:14.927 31473 31530 I Unity   : UnityEngine.StackTraceUtility:ExtractStackTrace () (at /home/bokken/build/output/unity/unity/Runtime/Export/Scripting/StackTrace.cs:35)
06-02 15:55:14.927 31473 31530 I Unity   : UnityEngine.DebugLogHandler:Internal_Log (UnityEngine.LogType,UnityEngine.LogOption,string,UnityEngine.Object)
06-02 15:55:14.927 31473 31530 I Unity   : UnityEngine.DebugLogHandler:LogFormat (UnityEngine.LogType,UnityEngine.Object,string,object[]) (at /home/bokken/build/output/unity/unity/Runtime/Export/Logging/DebugLogHandler.cs:9)
06-02 15:55:14.927 31473 31530 I Unity   : UnityEngine.Logger:Log (UnityEngine.LogType,object) (at /home/bokken/build/output/unity/unity/Runtime/Export/Logging/Logger.cs:60)
06-02 15:55:14.927 31473 31530 I Unity   : UnityEngine.Debug:Log (object) (at /home/bokken/build/output/unity/unity/Runtime/Export/Debug/Debug.bindings.cs:123)
06-02 15:55:14.927 31473 31530 I Unity   : TargetRing2D:OnTriggerEnter2D (UnityEngine.Collider2D) (at C:/Games/UnityProject/OrbitDrop3D/Assets/Scripts/Gameplay/TargetRing2D.cs:94)
06-02 15:55:14.927 31473 31530 I Unity   : 
06-02 15:55:14.927 31473 31530 I Unity   : (Filename: /home/bokken/build/output/unity/unity/Ru
06-02 15:55:14.928 31473 31530 I Unity   : [ScoreManager] Hit! Combo=2  +200pts  Total=300
06-02 15:55:14.928 31473 31530 I Unity   : UnityEngine.Debug:ExtractStackTraceNoAlloc (byte*,int,string)
06-02 15:55:14.928 31473 31530 I Unity   : UnityEngine.StackTraceUtility:ExtractStackTrace () (at /home/bokken/build/output/unity/unity/Runtime/Export/Scripting/StackTrace.cs:35)
06-02 15:55:14.928 31473 31530 I Unity   : UnityEngine.DebugLogHandler:Internal_Log (UnityEngine.LogType,UnityEngine.LogOption,string,UnityEngine.Object)
06-02 15:55:14.928 31473 31530 I Unity   : UnityEngine.DebugLogHandler:LogFormat (UnityEngine.LogType,UnityEngine.Object,string,object[]) (at /home/bokken/build/output/unity/unity/Runtime/Export/Logging/DebugLogHandler.cs:9)
06-02 15:55:14.928 31473 31530 I Unity   : UnityEngine.Logger:Log (UnityEngine.LogType,object) (at /home/bokken/build/output/unity/unity/Runtime/Export/Logging/Logger.cs:60)
06-02 15:55:14.928 31473 31530 I Unity   : UnityEngine.Debug:Log (object) (at /home/bokken/build/output/unity/unity/Runtime/Export/Debug/Debug.bindings.cs:123)
06-02 15:55:14.928 31473 31530 I Unity   : ScoreManager:RegisterHit () (at C:/Games/UnityProject/OrbitDrop3D/Assets/Scripts/Core/ScoreManager.cs:65)
06-02 15:55:14.928 31473 31530 I Unity   : TargetRing2D:OnTriggerEnter2D (UnityEngine.Collider2D) (at C:/Games/UnityProject/OrbitDrop3D/Assets/Scripts/Gameplay/TargetRing2D.
06-02 15:55:14.929 31473 31530 I Unity   : Explosion spawned at: (-0.58, 3.96, 0.00)
06-02 15:55:14.929 31473 31530 I Unity   : UnityEngine.Debug:ExtractStackTraceNoAlloc (byte*,int,string)
06-02 15:55:14.929 31473 31530 I Unity   : UnityEngine.StackTraceUtility:ExtractStackTrace () (at /home/bokken/build/output/unity/unity/Runtime/Export/Scripting/StackTrace.cs:35)
06-02 15:55:14.929 31473 31530 I Unity   : UnityEngine.DebugLogHandler:Internal_Log (UnityEngine.LogType,UnityEngine.LogOption,string,UnityEngine.Object)
06-02 15:55:14.929 31473 31530 I Unity   : UnityEngine.DebugLogHandler:LogFormat (UnityEngine.LogType,UnityEngine.Object,string,object[]) (at /home/bokken/build/output/unity/unity/Runtime/Export/Logging/DebugLogHandler.cs:9)
06-02 15:55:14.929 31473 31530 I Unity   : UnityEngine.Logger:Log (UnityEngine.LogType,object) (at /home/bokken/build/output/unity/unity/Runtime/Export/Logging/Logger.cs:60)
06-02 15:55:14.929 31473 31530 I Unity   : UnityEngine.Debug:Log (object) (at /home/bokken/build/output/unity/unity/Runtime/Export/Debug/Debug.bindings.cs:123)
06-02 15:55:14.929 31473 31530 I Unity   : CFXRExplosionManager:SpawnExplosion (UnityEngine.Vector3) (at C:/Games/UnityProject/OrbitDrop3D/Assets/Scripts/Utils/CFXRExplosionManager.cs:45)
06-02 15:55:14.929 31473 31530 I Unity   : ParticleManager:SpawnHitBurst (UnityEngine.Vector3) (at C:/Games/UnityProject/OrbitDrop3D/Assets/
06-02 15:55:15.458 31473 31530 I Unity   : [OrbiterBall] Hit: TargetRing2D(Clone)  tag=Untagged  released=True
06-02 15:55:15.458 31473 31530 I Unity   : UnityEngine.Debug:ExtractStackTraceNoAlloc (byte*,int,string)
06-02 15:55:15.458 31473 31530 I Unity   : UnityEngine.StackTraceUtility:ExtractStackTrace () (at /home/bokken/build/output/unity/unity/Runtime/Export/Scripting/StackTrace.cs:35)
06-02 15:55:15.458 31473 31530 I Unity   : UnityEngine.DebugLogHandler:Internal_Log (UnityEngine.LogType,UnityEngine.LogOption,string,UnityEngine.Object)
06-02 15:55:15.458 31473 31530 I Unity   : UnityEngine.DebugLogHandler:LogFormat (UnityEngine.LogType,UnityEngine.Object,string,object[]) (at /home/bokken/build/output/unity/unity/Runtime/Export/Logging/DebugLogHandler.cs:9)
06-02 15:55:15.458 31473 31530 I Unity   : UnityEngine.Logger:Log (UnityEngine.LogType,object) (at /home/bokken/build/output/unity/unity/Runtime/Export/Logging/Logger.cs:60)
06-02 15:55:15.458 31473 31530 I Unity   : UnityEngine.Debug:Log (object) (at /home/bokken/build/output/unity/unity/Runtime/Export/Debug/Debug.bindings.cs:123)
06-02 15:55:15.458 31473 31530 I Unity   : OrbiterBall2D:OnTriggerEnter2D (UnityEngine.Collider2D) (at C:/Games/UnityProject/OrbitDrop3D/Assets/Scripts/Gameplay/OrbiterBall2D.cs:53)
06-02 15:55:15.458 31473 31530 I Unity   : 
06-02 15:55:15.458 31473 31530 I Unity   : (Filename: /home/bokken/build/output/unity/unity/Runtime/Export/Debug/Debug.
06-02 15:55:15.459 31473 31530 I Unity   : [TargetRing2D] OnTriggerEnter2D on 'LevelManager/TargetRing2D(Clone)' | _hit=False other='OrbiterBall2D(Clone)'
06-02 15:55:15.459 31473 31530 I Unity   : UnityEngine.Debug:ExtractStackTraceNoAlloc (byte*,int,string)
06-02 15:55:15.459 31473 31530 I Unity   : UnityEngine.StackTraceUtility:ExtractStackTrace () (at /home/bokken/build/output/unity/unity/Runtime/Export/Scripting/StackTrace.cs:35)
06-02 15:55:15.459 31473 31530 I Unity   : UnityEngine.DebugLogHandler:Internal_Log (UnityEngine.LogType,UnityEngine.LogOption,string,UnityEngine.Object)
06-02 15:55:15.459 31473 31530 I Unity   : UnityEngine.DebugLogHandler:LogFormat (UnityEngine.LogType,UnityEngine.Object,string,object[]) (at /home/bokken/build/output/unity/unity/Runtime/Export/Logging/DebugLogHandler.cs:9)
06-02 15:55:15.459 31473 31530 I Unity   : UnityEngine.Logger:Log (UnityEngine.LogType,object) (at /home/bokken/build/output/unity/unity/Runtime/Export/Logging/Logger.cs:60)
06-02 15:55:15.459 31473 31530 I Unity   : UnityEngine.Debug:Log (object) (at /home/bokken/build/output/unity/unity/Runtime/Export/Debug/Debug.bindings.cs:123)
06-02 15:55:15.459 31473 31530 I Unity   : TargetRing2D:OnTriggerEnter2D (UnityEngine.Collider2D) (at C:/Games/UnityProject/OrbitDrop3D/Assets/Scripts/Gameplay/TargetRing2D.cs:88)
06-02 15:55:15.459 31473 31530 I Unity   : 
06-02 15:55:15.459 31473 31530 I Unity   : (Filename: /home/bokken/build/outp
06-02 15:55:15.459 31473 31530 I Unity   : [TargetRing2D] Ball check | ball_found=True IsReleased=True HasHit=False
06-02 15:55:15.459 31473 31530 I Unity   : UnityEngine.Debug:ExtractStackTraceNoAlloc (byte*,int,string)
06-02 15:55:15.459 31473 31530 I Unity   : UnityEngine.StackTraceUtility:ExtractStackTrace () (at /home/bokken/build/output/unity/unity/Runtime/Export/Scripting/StackTrace.cs:35)
06-02 15:55:15.459 31473 31530 I Unity   : UnityEngine.DebugLogHandler:Internal_Log (UnityEngine.LogType,UnityEngine.LogOption,string,UnityEngine.Object)
06-02 15:55:15.459 31473 31530 I Unity   : UnityEngine.DebugLogHandler:LogFormat (UnityEngine.LogType,UnityEngine.Object,string,object[]) (at /home/bokken/build/output/unity/unity/Runtime/Export/Logging/DebugLogHandler.cs:9)
06-02 15:55:15.459 31473 31530 I Unity   : UnityEngine.Logger:Log (UnityEngine.LogType,object) (at /home/bokken/build/output/unity/unity/Runtime/Export/Logging/Logger.cs:60)
06-02 15:55:15.459 31473 31530 I Unity   : UnityEngine.Debug:Log (object) (at /home/bokken/build/output/unity/unity/Runtime/Export/Debug/Debug.bindings.cs:123)
06-02 15:55:15.459 31473 31530 I Unity   : TargetRing2D:OnTriggerEnter2D (UnityEngine.Collider2D) (at C:/Games/UnityProject/OrbitDrop3D/Assets/Scripts/Gameplay/TargetRing2D.cs:91)
06-02 15:55:15.459 31473 31530 I Unity   : 
06-02 15:55:15.459 31473 31530 I Unity   : (Filename: /home/bokken/build/output/unity/unity/Runtime/Export/Debug/Deb
06-02 15:55:15.460 31473 31530 I Unity   : [TargetRing2D] HIT ACCEPTED on 'LevelManager/TargetRing2D(Clone)' — processing score/destroy
06-02 15:55:15.460 31473 31530 I Unity   : UnityEngine.Debug:ExtractStackTraceNoAlloc (byte*,int,string)
06-02 15:55:15.460 31473 31530 I Unity   : UnityEngine.StackTraceUtility:ExtractStackTrace () (at /home/bokken/build/output/unity/unity/Runtime/Export/Scripting/StackTrace.cs:35)
06-02 15:55:15.460 31473 31530 I Unity   : UnityEngine.DebugLogHandler:Internal_Log (UnityEngine.LogType,UnityEngine.LogOption,string,UnityEngine.Object)
06-02 15:55:15.460 31473 31530 I Unity   : UnityEngine.DebugLogHandler:LogFormat (UnityEngine.LogType,UnityEngine.Object,string,object[]) (at /home/bokken/build/output/unity/unity/Runtime/Export/Logging/DebugLogHandler.cs:9)
06-02 15:55:15.460 31473 31530 I Unity   : UnityEngine.Logger:Log (UnityEngine.LogType,object) (at /home/bokken/build/output/unity/unity/Runtime/Export/Logging/Logger.cs:60)
06-02 15:55:15.460 31473 31530 I Unity   : UnityEngine.Debug:Log (object) (at /home/bokken/build/output/unity/unity/Runtime/Export/Debug/Debug.bindings.cs:123)
06-02 15:55:15.460 31473 31530 I Unity   : TargetRing2D:OnTriggerEnter2D (UnityEngine.Collider2D) (at C:/Games/UnityProject/OrbitDrop3D/Assets/Scripts/Gameplay/TargetRing2D.cs:94)
06-02 15:55:15.460 31473 31530 I Unity   : 
06-02 15:55:15.460 31473 31530 I Unity   : (Filename: /home/bokken/build/output/unity/unity/Ru
06-02 15:55:15.460 31473 31530 I Unity   : [ScoreManager] Hit! Combo=3  +300pts  Total=600
06-02 15:55:15.460 31473 31530 I Unity   : UnityEngine.Debug:ExtractStackTraceNoAlloc (byte*,int,string)
06-02 15:55:15.460 31473 31530 I Unity   : UnityEngine.StackTraceUtility:ExtractStackTrace () (at /home/bokken/build/output/unity/unity/Runtime/Export/Scripting/StackTrace.cs:35)
06-02 15:55:15.460 31473 31530 I Unity   : UnityEngine.DebugLogHandler:Internal_Log (UnityEngine.LogType,UnityEngine.LogOption,string,UnityEngine.Object)
06-02 15:55:15.460 31473 31530 I Unity   : UnityEngine.DebugLogHandler:LogFormat (UnityEngine.LogType,UnityEngine.Object,string,object[]) (at /home/bokken/build/output/unity/unity/Runtime/Export/Logging/DebugLogHandler.cs:9)
06-02 15:55:15.460 31473 31530 I Unity   : UnityEngine.Logger:Log (UnityEngine.LogType,object) (at /home/bokken/build/output/unity/unity/Runtime/Export/Logging/Logger.cs:60)
06-02 15:55:15.460 31473 31530 I Unity   : UnityEngine.Debug:Log (object) (at /home/bokken/build/output/unity/unity/Runtime/Export/Debug/Debug.bindings.cs:123)
06-02 15:55:15.460 31473 31530 I Unity   : ScoreManager:RegisterHit () (at C:/Games/UnityProject/OrbitDrop3D/Assets/Scripts/Core/ScoreManager.cs:65)
06-02 15:55:15.460 31473 31530 I Unity   : TargetRing2D:OnTriggerEnter2D (UnityEngine.Collider2D) (at C:/Games/UnityProject/OrbitDrop3D/Assets/Scripts/Gameplay/TargetRing2D.
06-02 15:55:15.461 31473 31530 I Unity   : Explosion spawned at: (-1.20, -4.07, 0.00)
06-02 15:55:15.461 31473 31530 I Unity   : UnityEngine.Debug:ExtractStackTraceNoAlloc (byte*,int,string)
06-02 15:55:15.461 31473 31530 I Unity   : UnityEngine.StackTraceUtility:ExtractStackTrace () (at /home/bokken/build/output/unity/unity/Runtime/Export/Scripting/StackTrace.cs:35)
06-02 15:55:15.461 31473 31530 I Unity   : UnityEngine.DebugLogHandler:Internal_Log (UnityEngine.LogType,UnityEngine.LogOption,string,UnityEngine.Object)
06-02 15:55:15.461 31473 31530 I Unity   : UnityEngine.DebugLogHandler:LogFormat (UnityEngine.LogType,UnityEngine.Object,string,object[]) (at /home/bokken/build/output/unity/unity/Runtime/Export/Logging/DebugLogHandler.cs:9)
06-02 15:55:15.461 31473 31530 I Unity   : UnityEngine.Logger:Log (UnityEngine.LogType,object) (at /home/bokken/build/output/unity/unity/Runtime/Export/Logging/Logger.cs:60)
06-02 15:55:15.461 31473 31530 I Unity   : UnityEngine.Debug:Log (object) (at /home/bokken/build/output/unity/unity/Runtime/Export/Debug/Debug.bindings.cs:123)
06-02 15:55:15.461 31473 31530 I Unity   : CFXRExplosionManager:SpawnExplosion (UnityEngine.Vector3) (at C:/Games/UnityProject/OrbitDrop3D/Assets/Scripts/Utils/CFXRExplosionManager.cs:45)
06-02 15:55:15.461 31473 31530 I Unity   : ParticleManager:SpawnHitBurst (UnityEngine.Vector3) (at C:/Games/UnityProject/OrbitDrop3D/Assets
06-02 15:55:15.881 31473 31530 I Unity   : Life lost! Remaining: 0
06-02 15:55:15.881 31473 31530 I Unity   : UnityEngine.Debug:ExtractStackTraceNoAlloc (byte*,int,string)
06-02 15:55:15.881 31473 31530 I Unity   : UnityEngine.StackTraceUtility:ExtractStackTrace () (at /home/bokken/build/output/unity/unity/Runtime/Export/Scripting/StackTrace.cs:35)
06-02 15:55:15.881 31473 31530 I Unity   : UnityEngine.DebugLogHandler:Internal_Log (UnityEngine.LogType,UnityEngine.LogOption,string,UnityEngine.Object)
06-02 15:55:15.881 31473 31530 I Unity   : UnityEngine.DebugLogHandler:LogFormat (UnityEngine.LogType,UnityEngine.Object,string,object[]) (at /home/bokken/build/output/unity/unity/Runtime/Export/Logging/DebugLogHandler.cs:9)
06-02 15:55:15.881 31473 31530 I Unity   : UnityEngine.Logger:Log (UnityEngine.LogType,object) (at /home/bokken/build/output/unity/unity/Runtime/Export/Logging/Logger.cs:60)
06-02 15:55:15.881 31473 31530 I Unity   : UnityEngine.Debug:Log (object) (at /home/bokken/build/output/unity/unity/Runtime/Export/Debug/Debug.bindings.cs:123)
06-02 15:55:15.881 31473 31530 I Unity   : GameManager:LoseLife () (at C:/Games/UnityProject/OrbitDrop3D/Assets/Scripts/Core/GameManager.cs:125)
06-02 15:55:15.881 31473 31530 I Unity   : OrbiterBall2D:Update () (at C:/Games/UnityProject/OrbitDrop3D/Assets/Scripts/Gameplay/OrbiterBall2D.cs:75)
06-02 15:55:15.881 31473 31530 I Unity   : 
06-02 15:55:15.881 31473 31530 I Unity   : (Filename: /home/bokken/build/output/unity/unity/R
06-02 15:55:15.882 31473 31530 I Unity   : Heart updated instantly — lives: 0
06-02 15:55:15.882 31473 31530 I Unity   : UnityEngine.Debug:ExtractStackTraceNoAlloc (byte*,int,string)
06-02 15:55:15.882 31473 31530 I Unity   : UnityEngine.StackTraceUtility:ExtractStackTrace () (at /home/bokken/build/output/unity/unity/Runtime/Export/Scripting/StackTrace.cs:35)
06-02 15:55:15.882 31473 31530 I Unity   : UnityEngine.DebugLogHandler:Internal_Log (UnityEngine.LogType,UnityEngine.LogOption,string,UnityEngine.Object)
06-02 15:55:15.882 31473 31530 I Unity   : UnityEngine.DebugLogHandler:LogFormat (UnityEngine.LogType,UnityEngine.Object,string,object[]) (at /home/bokken/build/output/unity/unity/Runtime/Export/Logging/DebugLogHandler.cs:9)
06-02 15:55:15.882 31473 31530 I Unity   : UnityEngine.Logger:Log (UnityEngine.LogType,object) (at /home/bokken/build/output/unity/unity/Runtime/Export/Logging/Logger.cs:60)
06-02 15:55:15.882 31473 31530 I Unity   : UnityEngine.Debug:Log (object) (at /home/bokken/build/output/unity/unity/Runtime/Export/Debug/Debug.bindings.cs:123)
06-02 15:55:15.882 31473 31530 I Unity   : GameHUD:OnLivesChanged (int) (at C:/Games/UnityProject/OrbitDrop3D/Assets/Scripts/UI/GameHUD.cs:101)
06-02 15:55:15.882 31473 31530 I Unity   : GameManager:LoseLife () (at C:/Games/UnityProject/OrbitDrop3D/Assets/Scripts/Core/GameManager.cs:126)
06-02 15:55:15.882 31473 31530 I Unity   : OrbiterBall2D:Update () (at C:/Games/UnityPr
06-02 15:55:15.882 31473 31530 I Unity   : GAME OVER - instant!
06-02 15:55:15.882 31473 31530 I Unity   : UnityEngine.Debug:ExtractStackTraceNoAlloc (byte*,int,string)
06-02 15:55:15.882 31473 31530 I Unity   : UnityEngine.StackTraceUtility:ExtractStackTrace () (at /home/bokken/build/output/unity/unity/Runtime/Export/Scripting/StackTrace.cs:35)
06-02 15:55:15.882 31473 31530 I Unity   : UnityEngine.DebugLogHandler:Internal_Log (UnityEngine.LogType,UnityEngine.LogOption,string,UnityEngine.Object)
06-02 15:55:15.882 31473 31530 I Unity   : UnityEngine.DebugLogHandler:LogFormat (UnityEngine.LogType,UnityEngine.Object,string,object[]) (at /home/bokken/build/output/unity/unity/Runtime/Export/Logging/DebugLogHandler.cs:9)
06-02 15:55:15.882 31473 31530 I Unity   : UnityEngine.Logger:Log (UnityEngine.LogType,object) (at /home/bokken/build/output/unity/unity/Runtime/Export/Logging/Logger.cs:60)
06-02 15:55:15.882 31473 31530 I Unity   : UnityEngine.Debug:Log (object) (at /home/bokken/build/output/unity/unity/Runtime/Export/Debug/Debug.bindings.cs:123)
06-02 15:55:15.882 31473 31530 I Unity   : GameManager:LoseLife () (at C:/Games/UnityProject/OrbitDrop3D/Assets/Scripts/Core/GameManager.cs:130)
06-02 15:55:15.882 31473 31530 I Unity   : OrbiterBall2D:Update () (at C:/Games/UnityProject/OrbitDrop3D/Assets/Scripts/Gameplay/OrbiterBall2D.cs:75)
06-02 15:55:15.882 31473 31530 I Unity   : 
06-02 15:55:15.882 31473 31530 I Unity   : (Filename: /home/bokken/build/output/unity/unity/Runt
06-02 15:55:15.882 31473 31530 I Unity   : [GameManager] State -> GameOver  Level=11  Lives=0
06-02 15:55:15.882 31473 31530 I Unity   : UnityEngine.Debug:ExtractStackTraceNoAlloc (byte*,int,string)
06-02 15:55:15.882 31473 31530 I Unity   : UnityEngine.StackTraceUtility:ExtractStackTrace () (at /home/bokken/build/output/unity/unity/Runtime/Export/Scripting/StackTrace.cs:35)
06-02 15:55:15.882 31473 31530 I Unity   : UnityEngine.DebugLogHandler:Internal_Log (UnityEngine.LogType,UnityEngine.LogOption,string,UnityEngine.Object)
06-02 15:55:15.882 31473 31530 I Unity   : UnityEngine.DebugLogHandler:LogFormat (UnityEngine.LogType,UnityEngine.Object,string,object[]) (at /home/bokken/build/output/unity/unity/Runtime/Export/Logging/DebugLogHandler.cs:9)
06-02 15:55:15.882 31473 31530 I Unity   : UnityEngine.Logger:Log (UnityEngine.LogType,object) (at /home/bokken/build/output/unity/unity/Runtime/Export/Logging/Logger.cs:60)
06-02 15:55:15.882 31473 31530 I Unity   : UnityEngine.Debug:Log (object) (at /home/bokken/build/output/unity/unity/Runtime/Export/Debug/Debug.bindings.cs:123)
06-02 15:55:15.882 31473 31530 I Unity   : GameManager:SetState (GameManager/GameState) (at C:/Games/UnityProject/OrbitDrop3D/Assets/Scripts/Core/GameManager.cs:174)
06-02 15:55:15.882 31473 31530 I Unity   : GameManager:LoseLife () (at C:/Games/UnityProject/OrbitDrop3D/Assets/Scripts/Core/GameManager.cs:131)
06-02 15:55:15.882 31473 31530 I Unity   : OrbiterB
06-02 15:55:15.883 31473 31530 I Unity   : [LevelManager] State -> GameOver
06-02 15:55:15.883 31473 31530 I Unity   : UnityEngine.Debug:ExtractStackTraceNoAlloc (byte*,int,string)
06-02 15:55:15.883 31473 31530 I Unity   : UnityEngine.StackTraceUtility:ExtractStackTrace () (at /home/bokken/build/output/unity/unity/Runtime/Export/Scripting/StackTrace.cs:35)
06-02 15:55:15.883 31473 31530 I Unity   : UnityEngine.DebugLogHandler:Internal_Log (UnityEngine.LogType,UnityEngine.LogOption,string,UnityEngine.Object)
06-02 15:55:15.883 31473 31530 I Unity   : UnityEngine.DebugLogHandler:LogFormat (UnityEngine.LogType,UnityEngine.Object,string,object[]) (at /home/bokken/build/output/unity/unity/Runtime/Export/Logging/DebugLogHandler.cs:9)
06-02 15:55:15.883 31473 31530 I Unity   : UnityEngine.Logger:Log (UnityEngine.LogType,object) (at /home/bokken/build/output/unity/unity/Runtime/Export/Logging/Logger.cs:60)
06-02 15:55:15.883 31473 31530 I Unity   : UnityEngine.Debug:Log (object) (at /home/bokken/build/output/unity/unity/Runtime/Export/Debug/Debug.bindings.cs:123)
06-02 15:55:15.883 31473 31530 I Unity   : LevelManager:HandleStateChanged (GameManager/GameState) (at C:/Games/UnityProject/OrbitDrop3D/Assets/Scripts/Core/LevelManager.cs:53)
06-02 15:55:15.883 31473 31530 I Unity   : GameManager:SetState (GameManager/GameState) (at C:/Games/UnityProject/OrbitDrop3D/Assets/Scripts/Core/GameManager.cs
06-02 15:55:15.889 31473 31530 W Unity   : The character with Unicode value \U0001F3C6 was not found in the [LiberationSans SDF] font asset or any potential fallbacks. It was replaced by Unicode character \u25A1 in text object [BestScoreText].
06-02 15:55:15.889 31473 31530 W Unity   : UnityEngine.Debug:ExtractStackTraceNoAlloc (byte*,int,string)
06-02 15:55:15.889 31473 31530 W Unity   : UnityEngine.StackTraceUtility:ExtractStackTrace () (at /home/bokken/build/output/unity/unity/Runtime/Export/Scripting/StackTrace.cs:35)
06-02 15:55:15.889 31473 31530 W Unity   : UnityEngine.DebugLogHandler:Internal_Log (UnityEngine.LogType,UnityEngine.LogOption,string,UnityEngine.Object)
06-02 15:55:15.889 31473 31530 W Unity   : UnityEngine.DebugLogHandler:LogFormat (UnityEngine.LogType,UnityEngine.Object,string,object[]) (at /home/bokken/build/output/unity/unity/Runtime/Export/Logging/DebugLogHandler.cs:9)
06-02 15:55:15.889 31473 31530 W Unity   : UnityEngine.Logger:Log (UnityEngine.LogType,object,UnityEngine.Object) (at /home/bokken/build/output/unity/unity/Runtime/Export/Logging/Logger.cs:66)
06-02 15:55:15.889 31473 31530 W Unity   : UnityEngine.Debug:LogWarning (object,UnityEngine.Object) (at /home/bokken/build/output/unity/unity/Runtime/Export/Debug/Debug.bindings.cs:216)
06-02 15:55:15.889 31473 31530 W Unity   : TMPro.TextMeshProUGUI:SetArraySizes (T
06-02 15:56:55.443 31473 31530 I Unity   : Heart updated instantly — lives: 3
06-02 15:56:55.443 31473 31530 I Unity   : UnityEngine.Debug:ExtractStackTraceNoAlloc (byte*,int,string)
06-02 15:56:55.443 31473 31530 I Unity   : UnityEngine.StackTraceUtility:ExtractStackTrace () (at /home/bokken/build/output/unity/unity/Runtime/Export/Scripting/StackTrace.cs:35)
06-02 15:56:55.443 31473 31530 I Unity   : UnityEngine.DebugLogHandler:Internal_Log (UnityEngine.LogType,UnityEngine.LogOption,string,UnityEngine.Object)
06-02 15:56:55.443 31473 31530 I Unity   : UnityEngine.DebugLogHandler:LogFormat (UnityEngine.LogType,UnityEngine.Object,string,object[]) (at /home/bokken/build/output/unity/unity/Runtime/Export/Logging/DebugLogHandler.cs:9)
06-02 15:56:55.443 31473 31530 I Unity   : UnityEngine.Logger:Log (UnityEngine.LogType,object) (at /home/bokken/build/output/unity/unity/Runtime/Export/Logging/Logger.cs:60)
06-02 15:56:55.443 31473 31530 I Unity   : UnityEngine.Debug:Log (object) (at /home/bokken/build/output/unity/unity/Runtime/Export/Debug/Debug.bindings.cs:123)
06-02 15:56:55.443 31473 31530 I Unity   : GameHUD:OnLivesChanged (int) (at C:/Games/UnityProject/OrbitDrop3D/Assets/Scripts/UI/GameHUD.cs:101)
06-02 15:56:55.443 31473 31530 I Unity   : GameManager:RestartCurrentLevel () (at C:/Games/UnityProject/OrbitDrop3D/Assets/Scripts/Core/GameManager.cs:114)
06-02 15:56:55.443 31473 31530 I Unity   : GameOverUI:OnRetry () (at C:/Game
06-02 15:56:55.444 31473 31530 I Unity   : [GameManager] State -> Playing  Level=11  Lives=3
06-02 15:56:55.444 31473 31530 I Unity   : UnityEngine.Debug:ExtractStackTraceNoAlloc (byte*,int,string)
06-02 15:56:55.444 31473 31530 I Unity   : UnityEngine.StackTraceUtility:ExtractStackTrace () (at /home/bokken/build/output/unity/unity/Runtime/Export/Scripting/StackTrace.cs:35)
06-02 15:56:55.444 31473 31530 I Unity   : UnityEngine.DebugLogHandler:Internal_Log (UnityEngine.LogType,UnityEngine.LogOption,string,UnityEngine.Object)
06-02 15:56:55.444 31473 31530 I Unity   : UnityEngine.DebugLogHandler:LogFormat (UnityEngine.LogType,UnityEngine.Object,string,object[]) (at /home/bokken/build/output/unity/unity/Runtime/Export/Logging/DebugLogHandler.cs:9)
06-02 15:56:55.444 31473 31530 I Unity   : UnityEngine.Logger:Log (UnityEngine.LogType,object) (at /home/bokken/build/output/unity/unity/Runtime/Export/Logging/Logger.cs:60)
06-02 15:56:55.444 31473 31530 I Unity   : UnityEngine.Debug:Log (object) (at /home/bokken/build/output/unity/unity/Runtime/Export/Debug/Debug.bindings.cs:123)
06-02 15:56:55.444 31473 31530 I Unity   : GameManager:SetState (GameManager/GameState) (at C:/Games/UnityProject/OrbitDrop3D/Assets/Scripts/Core/GameManager.cs:174)
06-02 15:56:55.444 31473 31530 I Unity   : GameManager:RestartCurrentLevel () (at C:/Games/UnityProject/OrbitDrop3D/Assets/Scripts/Core/GameManager.cs:115
06-02 15:56:55.445 31473 31530 I Unity   : Heart updated instantly — lives: 3
06-02 15:56:55.445 31473 31530 I Unity   : UnityEngine.Debug:ExtractStackTraceNoAlloc (byte*,int,string)
06-02 15:56:55.445 31473 31530 I Unity   : UnityEngine.StackTraceUtility:ExtractStackTrace () (at /home/bokken/build/output/unity/unity/Runtime/Export/Scripting/StackTrace.cs:35)
06-02 15:56:55.445 31473 31530 I Unity   : UnityEngine.DebugLogHandler:Internal_Log (UnityEngine.LogType,UnityEngine.LogOption,string,UnityEngine.Object)
06-02 15:56:55.445 31473 31530 I Unity   : UnityEngine.DebugLogHandler:LogFormat (UnityEngine.LogType,UnityEngine.Object,string,object[]) (at /home/bokken/build/output/unity/unity/Runtime/Export/Logging/DebugLogHandler.cs:9)
06-02 15:56:55.445 31473 31530 I Unity   : UnityEngine.Logger:Log (UnityEngine.LogType,object) (at /home/bokken/build/output/unity/unity/Runtime/Export/Logging/Logger.cs:60)
06-02 15:56:55.445 31473 31530 I Unity   : UnityEngine.Debug:Log (object) (at /home/bokken/build/output/unity/unity/Runtime/Export/Debug/Debug.bindings.cs:123)
06-02 15:56:55.445 31473 31530 I Unity   : GameHUD:OnLivesChanged (int) (at C:/Games/UnityProject/OrbitDrop3D/Assets/Scripts/UI/GameHUD.cs:101)
06-02 15:56:55.445 31473 31530 I Unity   : GameHUD:Refresh () (at C:/Games/UnityProject/OrbitDrop3D/Assets/Scripts/UI/GameHUD.cs:122)
06-02 15:56:55.445 31473 31530 I Unity   : GameHUD:OnStateChanged (GameManager/GameState) (at C:/G
06-02 15:56:55.446 31473 31530 I Unity   : [LevelManager] State -> Playing
06-02 15:56:55.446 31473 31530 I Unity   : UnityEngine.Debug:ExtractStackTraceNoAlloc (byte*,int,string)
06-02 15:56:55.446 31473 31530 I Unity   : UnityEngine.StackTraceUtility:ExtractStackTrace () (at /home/bokken/build/output/unity/unity/Runtime/Export/Scripting/StackTrace.cs:35)
06-02 15:56:55.446 31473 31530 I Unity   : UnityEngine.DebugLogHandler:Internal_Log (UnityEngine.LogType,UnityEngine.LogOption,string,UnityEngine.Object)
06-02 15:56:55.446 31473 31530 I Unity   : UnityEngine.DebugLogHandler:LogFormat (UnityEngine.LogType,UnityEngine.Object,string,object[]) (at /home/bokken/build/output/unity/unity/Runtime/Export/Logging/DebugLogHandler.cs:9)
06-02 15:56:55.446 31473 31530 I Unity   : UnityEngine.Logger:Log (UnityEngine.LogType,object) (at /home/bokken/build/output/unity/unity/Runtime/Export/Logging/Logger.cs:60)
06-02 15:56:55.446 31473 31530 I Unity   : UnityEngine.Debug:Log (object) (at /home/bokken/build/output/unity/unity/Runtime/Export/Debug/Debug.bindings.cs:123)
06-02 15:56:55.446 31473 31530 I Unity   : LevelManager:HandleStateChanged (GameManager/GameState) (at C:/Games/UnityProject/OrbitDrop3D/Assets/Scripts/Core/LevelManager.cs:53)
06-02 15:56:55.446 31473 31530 I Unity   : GameManager:SetState (GameManager/GameState) (at C:/Games/UnityProject/OrbitDrop3D/Assets/Scripts/Core/GameManager.cs:
06-02 15:56:55.447 31473 31530 I Unity   : [LevelManager] LoadLevel(11)
06-02 15:56:55.447 31473 31530 I Unity   : UnityEngine.Debug:ExtractStackTraceNoAlloc (byte*,int,string)
06-02 15:56:55.447 31473 31530 I Unity   : UnityEngine.StackTraceUtility:ExtractStackTrace () (at /home/bokken/build/output/unity/unity/Runtime/Export/Scripting/StackTrace.cs:35)
06-02 15:56:55.447 31473 31530 I Unity   : UnityEngine.DebugLogHandler:Internal_Log (UnityEngine.LogType,UnityEngine.LogOption,string,UnityEngine.Object)
06-02 15:56:55.447 31473 31530 I Unity   : UnityEngine.DebugLogHandler:LogFormat (UnityEngine.LogType,UnityEngine.Object,string,object[]) (at /home/bokken/build/output/unity/unity/Runtime/Export/Logging/DebugLogHandler.cs:9)
06-02 15:56:55.447 31473 31530 I Unity   : UnityEngine.Logger:Log (UnityEngine.LogType,object) (at /home/bokken/build/output/unity/unity/Runtime/Export/Logging/Logger.cs:60)
06-02 15:56:55.447 31473 31530 I Unity   : UnityEngine.Debug:Log (object) (at /home/bokken/build/output/unity/unity/Runtime/Export/Debug/Debug.bindings.cs:123)
06-02 15:56:55.447 31473 31530 I Unity   : LevelManager:LoadLevel (int) (at C:/Games/UnityProject/OrbitDrop3D/Assets/Scripts/Core/LevelManager.cs:135)
06-02 15:56:55.447 31473 31530 I Unity   : GameManager:RestartCurrentLevel () (at C:/Games/UnityProject/OrbitDrop3D/Assets/Scripts/Core/GameManager.cs:116)
06-02 15:56:55.447 31473 31530 I Unity   : GameOverUI:OnRetry () (at C:/Games
06-02 15:56:55.449 31473 31530 I Unity   : [LevelManager] Camera  pos=(0.00,0.00)  orthoSize=6.09  aspect=0.46  |  bounds  top=6.09  bottom=-6.09  left=-2.81  right=2.81
06-02 15:56:55.449 31473 31530 I Unity   : UnityEngine.Debug:ExtractStackTraceNoAlloc (byte*,int,string)
06-02 15:56:55.449 31473 31530 I Unity   : UnityEngine.StackTraceUtility:ExtractStackTrace () (at /home/bokken/build/output/unity/unity/Runtime/Export/Scripting/StackTrace.cs:35)
06-02 15:56:55.449 31473 31530 I Unity   : UnityEngine.DebugLogHandler:Internal_Log (UnityEngine.LogType,UnityEngine.LogOption,string,UnityEngine.Object)
06-02 15:56:55.449 31473 31530 I Unity   : UnityEngine.DebugLogHandler:LogFormat (UnityEngine.LogType,UnityEngine.Object,string,object[]) (at /home/bokken/build/output/unity/unity/Runtime/Export/Logging/DebugLogHandler.cs:9)
06-02 15:56:55.449 31473 31530 I Unity   : UnityEngine.Logger:Log (UnityEngine.LogType,object) (at /home/bokken/build/output/unity/unity/Runtime/Export/Logging/Logger.cs:60)
06-02 15:56:55.449 31473 31530 I Unity   : UnityEngine.Debug:Log (object) (at /home/bokken/build/output/unity/unity/Runtime/Export/Debug/Debug.bindings.cs:123)
06-02 15:56:55.449 31473 31530 I Unity   : LevelManager:LogCameraBounds (UnityEngine.Camera) (at C:/Games/UnityProject/OrbitDrop3D/Assets/Scripts/Core/LevelManager.cs:265)
06-02 15:56:55.449 31473 31530 I Unity   : LevelManager:SpawnTargets (L
06-02 15:56:55.450 31473 31530 I Unity   : [LevelManager] TargetRing[0] spawned at (1.90, -3.74)
06-02 15:56:55.450 31473 31530 I Unity   : UnityEngine.Debug:ExtractStackTraceNoAlloc (byte*,int,string)
06-02 15:56:55.450 31473 31530 I Unity   : UnityEngine.StackTraceUtility:ExtractStackTrace () (at /home/bokken/build/output/unity/unity/Runtime/Export/Scripting/StackTrace.cs:35)
06-02 15:56:55.450 31473 31530 I Unity   : UnityEngine.DebugLogHandler:Internal_Log (UnityEngine.LogType,UnityEngine.LogOption,string,UnityEngine.Object)
06-02 15:56:55.450 31473 31530 I Unity   : UnityEngine.DebugLogHandler:LogFormat (UnityEngine.LogType,UnityEngine.Object,string,object[]) (at /home/bokken/build/output/unity/unity/Runtime/Export/Logging/DebugLogHandler.cs:9)
06-02 15:56:55.450 31473 31530 I Unity   : UnityEngine.Logger:Log (UnityEngine.LogType,object) (at /home/bokken/build/output/unity/unity/Runtime/Export/Logging/Logger.cs:60)
06-02 15:56:55.450 31473 31530 I Unity   : UnityEngine.Debug:Log (object) (at /home/bokken/build/output/unity/unity/Runtime/Export/Debug/Debug.bindings.cs:123)
06-02 15:56:55.450 31473 31530 I Unity   : LevelManager:SpawnTargets (LevelManager/LevelConfig) (at C:/Games/UnityProject/OrbitDrop3D/Assets/Scripts/Core/LevelManager.cs:254)
06-02 15:56:55.450 31473 31530 I Unity   : LevelManager:LoadLevel (int) (at C:/Games/UnityProject/OrbitDrop3D/Assets/Scripts/Core/LevelManage
06-02 15:56:55.451 31473 31530 I Unity   : [LevelManager] TargetRing[1] spawned at (-1.03, 2.84)
06-02 15:56:55.451 31473 31530 I Unity   : UnityEngine.Debug:ExtractStackTraceNoAlloc (byte*,int,string)
06-02 15:56:55.451 31473 31530 I Unity   : UnityEngine.StackTraceUtility:ExtractStackTrace () (at /home/bokken/build/output/unity/unity/Runtime/Export/Scripting/StackTrace.cs:35)
06-02 15:56:55.451 31473 31530 I Unity   : UnityEngine.DebugLogHandler:Internal_Log (UnityEngine.LogType,UnityEngine.LogOption,string,UnityEngine.Object)
06-02 15:56:55.451 31473 31530 I Unity   : UnityEngine.DebugLogHandler:LogFormat (UnityEngine.LogType,UnityEngine.Object,string,object[]) (at /home/bokken/build/output/unity/unity/Runtime/Export/Logging/DebugLogHandler.cs:9)
06-02 15:56:55.451 31473 31530 I Unity   : UnityEngine.Logger:Log (UnityEngine.LogType,object) (at /home/bokken/build/output/unity/unity/Runtime/Export/Logging/Logger.cs:60)
06-02 15:56:55.451 31473 31530 I Unity   : UnityEngine.Debug:Log (object) (at /home/bokken/build/output/unity/unity/Runtime/Export/Debug/Debug.bindings.cs:123)
06-02 15:56:55.451 31473 31530 I Unity   : LevelManager:SpawnTargets (LevelManager/LevelConfig) (at C:/Games/UnityProject/OrbitDrop3D/Assets/Scripts/Core/LevelManager.cs:254)
06-02 15:56:55.451 31473 31530 I Unity   : LevelManager:LoadLevel (int) (at C:/Games/UnityProject/OrbitDrop3D/Assets/Scripts/Core/LevelManage
06-02 15:56:55.452 31473 31530 I Unity   : [LevelManager] TargetRing[2] spawned at (1.52, 2.78)
06-02 15:56:55.452 31473 31530 I Unity   : UnityEngine.Debug:ExtractStackTraceNoAlloc (byte*,int,string)
06-02 15:56:55.452 31473 31530 I Unity   : UnityEngine.StackTraceUtility:ExtractStackTrace () (at /home/bokken/build/output/unity/unity/Runtime/Export/Scripting/StackTrace.cs:35)
06-02 15:56:55.452 31473 31530 I Unity   : UnityEngine.DebugLogHandler:Internal_Log (UnityEngine.LogType,UnityEngine.LogOption,string,UnityEngine.Object)
06-02 15:56:55.452 31473 31530 I Unity   : UnityEngine.DebugLogHandler:LogFormat (UnityEngine.LogType,UnityEngine.Object,string,object[]) (at /home/bokken/build/output/unity/unity/Runtime/Export/Logging/DebugLogHandler.cs:9)
06-02 15:56:55.452 31473 31530 I Unity   : UnityEngine.Logger:Log (UnityEngine.LogType,object) (at /home/bokken/build/output/unity/unity/Runtime/Export/Logging/Logger.cs:60)
06-02 15:56:55.452 31473 31530 I Unity   : UnityEngine.Debug:Log (object) (at /home/bokken/build/output/unity/unity/Runtime/Export/Debug/Debug.bindings.cs:123)
06-02 15:56:55.452 31473 31530 I Unity   : LevelManager:SpawnTargets (LevelManager/LevelConfig) (at C:/Games/UnityProject/OrbitDrop3D/Assets/Scripts/Core/LevelManager.cs:254)
06-02 15:56:55.452 31473 31530 I Unity   : LevelManager:LoadLevel (int) (at C:/Games/UnityProject/OrbitDrop3D/Assets/Scripts/Core/LevelManager
06-02 15:56:55.454 31473 31530 I Unity   : [LevelManager] TargetRing[3] spawned at (1.76, 4.14)
06-02 15:56:55.454 31473 31530 I Unity   : UnityEngine.Debug:ExtractStackTraceNoAlloc (byte*,int,string)
06-02 15:56:55.454 31473 31530 I Unity   : UnityEngine.StackTraceUtility:ExtractStackTrace () (at /home/bokken/build/output/unity/unity/Runtime/Export/Scripting/StackTrace.cs:35)
06-02 15:56:55.454 31473 31530 I Unity   : UnityEngine.DebugLogHandler:Internal_Log (UnityEngine.LogType,UnityEngine.LogOption,string,UnityEngine.Object)
06-02 15:56:55.454 31473 31530 I Unity   : UnityEngine.DebugLogHandler:LogFormat (UnityEngine.LogType,UnityEngine.Object,string,object[]) (at /home/bokken/build/output/unity/unity/Runtime/Export/Logging/DebugLogHandler.cs:9)
06-02 15:56:55.454 31473 31530 I Unity   : UnityEngine.Logger:Log (UnityEngine.LogType,object) (at /home/bokken/build/output/unity/unity/Runtime/Export/Logging/Logger.cs:60)
06-02 15:56:55.454 31473 31530 I Unity   : UnityEngine.Debug:Log (object) (at /home/bokken/build/output/unity/unity/Runtime/Export/Debug/Debug.bindings.cs:123)
06-02 15:56:55.454 31473 31530 I Unity   : LevelManager:SpawnTargets (LevelManager/LevelConfig) (at C:/Games/UnityProject/OrbitDrop3D/Assets/Scripts/Core/LevelManager.cs:254)
06-02 15:56:55.454 31473 31530 I Unity   : LevelManager:LoadLevel (int) (at C:/Games/UnityProject/OrbitDrop3D/Assets/Scripts/Core/LevelManager
06-02 15:56:55.455 31473 31530 I Unity   : [LevelManager] TargetRing[4] spawned at (0.09, -3.14)
06-02 15:56:55.455 31473 31530 I Unity   : UnityEngine.Debug:ExtractStackTraceNoAlloc (byte*,int,string)
06-02 15:56:55.455 31473 31530 I Unity   : UnityEngine.StackTraceUtility:ExtractStackTrace () (at /home/bokken/build/output/unity/unity/Runtime/Export/Scripting/StackTrace.cs:35)
06-02 15:56:55.455 31473 31530 I Unity   : UnityEngine.DebugLogHandler:Internal_Log (UnityEngine.LogType,UnityEngine.LogOption,string,UnityEngine.Object)
06-02 15:56:55.455 31473 31530 I Unity   : UnityEngine.DebugLogHandler:LogFormat (UnityEngine.LogType,UnityEngine.Object,string,object[]) (at /home/bokken/build/output/unity/unity/Runtime/Export/Logging/DebugLogHandler.cs:9)
06-02 15:56:55.455 31473 31530 I Unity   : UnityEngine.Logger:Log (UnityEngine.LogType,object) (at /home/bokken/build/output/unity/unity/Runtime/Export/Logging/Logger.cs:60)
06-02 15:56:55.455 31473 31530 I Unity   : UnityEngine.Debug:Log (object) (at /home/bokken/build/output/unity/unity/Runtime/Export/Debug/Debug.bindings.cs:123)
06-02 15:56:55.455 31473 31530 I Unity   : LevelManager:SpawnTargets (LevelManager/LevelConfig) (at C:/Games/UnityProject/OrbitDrop3D/Assets/Scripts/Core/LevelManager.cs:254)
06-02 15:56:55.455 31473 31530 I Unity   : LevelManager:LoadLevel (int) (at C:/Games/UnityProject/OrbitDrop3D/Assets/Scripts/Core/LevelManage
06-02 15:56:55.456 31473 31530 I Unity   : [LevelManager] TargetRing[5] spawned at (-1.38, -4.34)
06-02 15:56:55.456 31473 31530 I Unity   : UnityEngine.Debug:ExtractStackTraceNoAlloc (byte*,int,string)
06-02 15:56:55.456 31473 31530 I Unity   : UnityEngine.StackTraceUtility:ExtractStackTrace () (at /home/bokken/build/output/unity/unity/Runtime/Export/Scripting/StackTrace.cs:35)
06-02 15:56:55.456 31473 31530 I Unity   : UnityEngine.DebugLogHandler:Internal_Log (UnityEngine.LogType,UnityEngine.LogOption,string,UnityEngine.Object)
06-02 15:56:55.456 31473 31530 I Unity   : UnityEngine.DebugLogHandler:LogFormat (UnityEngine.LogType,UnityEngine.Object,string,object[]) (at /home/bokken/build/output/unity/unity/Runtime/Export/Logging/DebugLogHandler.cs:9)
06-02 15:56:55.456 31473 31530 I Unity   : UnityEngine.Logger:Log (UnityEngine.LogType,object) (at /home/bokken/build/output/unity/unity/Runtime/Export/Logging/Logger.cs:60)
06-02 15:56:55.456 31473 31530 I Unity   : UnityEngine.Debug:Log (object) (at /home/bokken/build/output/unity/unity/Runtime/Export/Debug/Debug.bindings.cs:123)
06-02 15:56:55.456 31473 31530 I Unity   : LevelManager:SpawnTargets (LevelManager/LevelConfig) (at C:/Games/UnityProject/OrbitDrop3D/Assets/Scripts/Core/LevelManager.cs:254)
06-02 15:56:55.456 31473 31530 I Unity   : LevelManager:LoadLevel (int) (at C:/Games/UnityProject/OrbitDrop3D/Assets/Scripts/Core/LevelManag
06-02 15:56:55.457 31473 31530 I Unity   : [LevelManager] TargetRing[6] spawned at (1.85, -2.78)
06-02 15:56:55.457 31473 31530 I Unity   : UnityEngine.Debug:ExtractStackTraceNoAlloc (byte*,int,string)
06-02 15:56:55.457 31473 31530 I Unity   : UnityEngine.StackTraceUtility:ExtractStackTrace () (at /home/bokken/build/output/unity/unity/Runtime/Export/Scripting/StackTrace.cs:35)
06-02 15:56:55.457 31473 31530 I Unity   : UnityEngine.DebugLogHandler:Internal_Log (UnityEngine.LogType,UnityEngine.LogOption,string,UnityEngine.Object)
06-02 15:56:55.457 31473 31530 I Unity   : UnityEngine.DebugLogHandler:LogFormat (UnityEngine.LogType,UnityEngine.Object,string,object[]) (at /home/bokken/build/output/unity/unity/Runtime/Export/Logging/DebugLogHandler.cs:9)
06-02 15:56:55.457 31473 31530 I Unity   : UnityEngine.Logger:Log (UnityEngine.LogType,object) (at /home/bokken/build/output/unity/unity/Runtime/Export/Logging/Logger.cs:60)
06-02 15:56:55.457 31473 31530 I Unity   : UnityEngine.Debug:Log (object) (at /home/bokken/build/output/unity/unity/Runtime/Export/Debug/Debug.bindings.cs:123)
06-02 15:56:55.457 31473 31530 I Unity   : LevelManager:SpawnTargets (LevelManager/LevelConfig) (at C:/Games/UnityProject/OrbitDrop3D/Assets/Scripts/Core/LevelManager.cs:254)
06-02 15:56:55.457 31473 31530 I Unity   : LevelManager:LoadLevel (int) (at C:/Games/UnityProject/OrbitDrop3D/Assets/Scripts/Core/LevelManage
06-02 15:56:55.459 31473 31530 I Unity   : [TargetRing2D] 'TargetRing2D(Clone)' (path=LevelManager/TargetRing2D(Clone)) spawned | tag=Untagged layer=Default col_enabled=True isTrigger=True radius=1.8
06-02 15:56:55.459 31473 31530 I Unity   : UnityEngine.Debug:ExtractStackTraceNoAlloc (byte*,int,string)
06-02 15:56:55.459 31473 31530 I Unity   : UnityEngine.StackTraceUtility:ExtractStackTrace () (at /home/bokken/build/output/unity/unity/Runtime/Export/Scripting/StackTrace.cs:35)
06-02 15:56:55.459 31473 31530 I Unity   : UnityEngine.DebugLogHandler:Internal_Log (UnityEngine.LogType,UnityEngine.LogOption,string,UnityEngine.Object)
06-02 15:56:55.459 31473 31530 I Unity   : UnityEngine.DebugLogHandler:LogFormat (UnityEngine.LogType,UnityEngine.Object,string,object[]) (at /home/bokken/build/output/unity/unity/Runtime/Export/Logging/DebugLogHandler.cs:9)
06-02 15:56:55.459 31473 31530 I Unity   : UnityEngine.Logger:Log (UnityEngine.LogType,object) (at /home/bokken/build/output/unity/unity/Runtime/Export/Logging/Logger.cs:60)
06-02 15:56:55.459 31473 31530 I Unity   : UnityEngine.Debug:Log (object) (at /home/bokken/build/output/unity/unity/Runtime/Export/Debug/Debug.bindings.cs:123)
06-02 15:56:55.459 31473 31530 I Unity   : TargetRing2D:Start () (at C:/Games/UnityProject/OrbitDrop3D/Assets/Scripts/Gameplay/TargetRing2D.cs:23)
06-02 15:56:55.459 31473 31530 I Unity   : 
06-02 15:56:55.459 31473 31530 I Unity   : (Filename: /home/bokke
06-02 15:56:55.459 31473 31530 I Unity   : [TargetRing2D] 'TargetRing2D(Clone)' (path=LevelManager/TargetRing2D(Clone)) spawned | tag=Untagged layer=Default col_enabled=True isTrigger=True radius=1.8
06-02 15:56:55.459 31473 31530 I Unity   : UnityEngine.Debug:ExtractStackTraceNoAlloc (byte*,int,string)
06-02 15:56:55.459 31473 31530 I Unity   : UnityEngine.StackTraceUtility:ExtractStackTrace () (at /home/bokken/build/output/unity/unity/Runtime/Export/Scripting/StackTrace.cs:35)
06-02 15:56:55.459 31473 31530 I Unity   : UnityEngine.DebugLogHandler:Internal_Log (UnityEngine.LogType,UnityEngine.LogOption,string,UnityEngine.Object)
06-02 15:56:55.459 31473 31530 I Unity   : UnityEngine.DebugLogHandler:LogFormat (UnityEngine.LogType,UnityEngine.Object,string,object[]) (at /home/bokken/build/output/unity/unity/Runtime/Export/Logging/DebugLogHandler.cs:9)
06-02 15:56:55.459 31473 31530 I Unity   : UnityEngine.Logger:Log (UnityEngine.LogType,object) (at /home/bokken/build/output/unity/unity/Runtime/Export/Logging/Logger.cs:60)
06-02 15:56:55.459 31473 31530 I Unity   : UnityEngine.Debug:Log (object) (at /home/bokken/build/output/unity/unity/Runtime/Export/Debug/Debug.bindings.cs:123)
06-02 15:56:55.459 31473 31530 I Unity   : TargetRing2D:Start () (at C:/Games/UnityProject/OrbitDrop3D/Assets/Scripts/Gameplay/TargetRing2D.cs:23)
06-02 15:56:55.459 31473 31530 I Unity   : 
06-02 15:56:55.459 31473 31530 I Unity   : (Filename: /home/bokke
06-02 15:56:55.459 31473 31530 I Unity   : [TargetRing2D] 'TargetRing2D(Clone)' (path=LevelManager/TargetRing2D(Clone)) spawned | tag=Untagged layer=Default col_enabled=True isTrigger=True radius=1.8
06-02 15:56:55.459 31473 31530 I Unity   : UnityEngine.Debug:ExtractStackTraceNoAlloc (byte*,int,string)
06-02 15:56:55.459 31473 31530 I Unity   : UnityEngine.StackTraceUtility:ExtractStackTrace () (at /home/bokken/build/output/unity/unity/Runtime/Export/Scripting/StackTrace.cs:35)
06-02 15:56:55.459 31473 31530 I Unity   : UnityEngine.DebugLogHandler:Internal_Log (UnityEngine.LogType,UnityEngine.LogOption,string,UnityEngine.Object)
06-02 15:56:55.459 31473 31530 I Unity   : UnityEngine.DebugLogHandler:LogFormat (UnityEngine.LogType,UnityEngine.Object,string,object[]) (at /home/bokken/build/output/unity/unity/Runtime/Export/Logging/DebugLogHandler.cs:9)
06-02 15:56:55.459 31473 31530 I Unity   : UnityEngine.Logger:Log (UnityEngine.LogType,object) (at /home/bokken/build/output/unity/unity/Runtime/Export/Logging/Logger.cs:60)
06-02 15:56:55.459 31473 31530 I Unity   : UnityEngine.Debug:Log (object) (at /home/bokken/build/output/unity/unity/Runtime/Export/Debug/Debug.bindings.cs:123)
06-02 15:56:55.459 31473 31530 I Unity   : TargetRing2D:Start () (at C:/Games/UnityProject/OrbitDrop3D/Assets/Scripts/Gameplay/TargetRing2D.cs:23)
06-02 15:56:55.459 31473 31530 I Unity   : 
06-02 15:56:55.459 31473 31530 I Unity   : (Filename: /home/bokke
06-02 15:56:55.460 31473 31530 I Unity   : [TargetRing2D] 'TargetRing2D(Clone)' (path=LevelManager/TargetRing2D(Clone)) spawned | tag=Untagged layer=Default col_enabled=True isTrigger=True radius=1.8
06-02 15:56:55.460 31473 31530 I Unity   : UnityEngine.Debug:ExtractStackTraceNoAlloc (byte*,int,string)
06-02 15:56:55.460 31473 31530 I Unity   : UnityEngine.StackTraceUtility:ExtractStackTrace () (at /home/bokken/build/output/unity/unity/Runtime/Export/Scripting/StackTrace.cs:35)
06-02 15:56:55.460 31473 31530 I Unity   : UnityEngine.DebugLogHandler:Internal_Log (UnityEngine.LogType,UnityEngine.LogOption,string,UnityEngine.Object)
06-02 15:56:55.460 31473 31530 I Unity   : UnityEngine.DebugLogHandler:LogFormat (UnityEngine.LogType,UnityEngine.Object,string,object[]) (at /home/bokken/build/output/unity/unity/Runtime/Export/Logging/DebugLogHandler.cs:9)
06-02 15:56:55.460 31473 31530 I Unity   : UnityEngine.Logger:Log (UnityEngine.LogType,object) (at /home/bokken/build/output/unity/unity/Runtime/Export/Logging/Logger.cs:60)
06-02 15:56:55.460 31473 31530 I Unity   : UnityEngine.Debug:Log (object) (at /home/bokken/build/output/unity/unity/Runtime/Export/Debug/Debug.bindings.cs:123)
06-02 15:56:55.460 31473 31530 I Unity   : TargetRing2D:Start () (at C:/Games/UnityProject/OrbitDrop3D/Assets/Scripts/Gameplay/TargetRing2D.cs:23)
06-02 15:56:55.460 31473 31530 I Unity   : 
06-02 15:56:55.460 31473 31530 I Unity   : (Filename: /home/bokke
06-02 15:56:55.460 31473 31530 I Unity   : [TargetRing2D] 'TargetRing2D(Clone)' (path=LevelManager/TargetRing2D(Clone)) spawned | tag=Untagged layer=Default col_enabled=True isTrigger=True radius=1.8
06-02 15:56:55.460 31473 31530 I Unity   : UnityEngine.Debug:ExtractStackTraceNoAlloc (byte*,int,string)
06-02 15:56:55.460 31473 31530 I Unity   : UnityEngine.StackTraceUtility:ExtractStackTrace () (at /home/bokken/build/output/unity/unity/Runtime/Export/Scripting/StackTrace.cs:35)
06-02 15:56:55.460 31473 31530 I Unity   : UnityEngine.DebugLogHandler:Internal_Log (UnityEngine.LogType,UnityEngine.LogOption,string,UnityEngine.Object)
06-02 15:56:55.460 31473 31530 I Unity   : UnityEngine.DebugLogHandler:LogFormat (UnityEngine.LogType,UnityEngine.Object,string,object[]) (at /home/bokken/build/output/unity/unity/Runtime/Export/Logging/DebugLogHandler.cs:9)
06-02 15:56:55.460 31473 31530 I Unity   : UnityEngine.Logger:Log (UnityEngine.LogType,object) (at /home/bokken/build/output/unity/unity/Runtime/Export/Logging/Logger.cs:60)
06-02 15:56:55.460 31473 31530 I Unity   : UnityEngine.Debug:Log (object) (at /home/bokken/build/output/unity/unity/Runtime/Export/Debug/Debug.bindings.cs:123)
06-02 15:56:55.460 31473 31530 I Unity   : TargetRing2D:Start () (at C:/Games/UnityProject/OrbitDrop3D/Assets/Scripts/Gameplay/TargetRing2D.cs:23)
06-02 15:56:55.460 31473 31530 I Unity   : 
06-02 15:56:55.460 31473 31530 I Unity   : (Filename: /home/bokke
06-02 15:56:55.461 31473 31530 I Unity   : [TargetRing2D] 'TargetRing2D(Clone)' (path=LevelManager/TargetRing2D(Clone)) spawned | tag=Untagged layer=Default col_enabled=True isTrigger=True radius=1.8
06-02 15:56:55.461 31473 31530 I Unity   : UnityEngine.Debug:ExtractStackTraceNoAlloc (byte*,int,string)
06-02 15:56:55.461 31473 31530 I Unity   : UnityEngine.StackTraceUtility:ExtractStackTrace () (at /home/bokken/build/output/unity/unity/Runtime/Export/Scripting/StackTrace.cs:35)
06-02 15:56:55.461 31473 31530 I Unity   : UnityEngine.DebugLogHandler:Internal_Log (UnityEngine.LogType,UnityEngine.LogOption,string,UnityEngine.Object)
06-02 15:56:55.461 31473 31530 I Unity   : UnityEngine.DebugLogHandler:LogFormat (UnityEngine.LogType,UnityEngine.Object,string,object[]) (at /home/bokken/build/output/unity/unity/Runtime/Export/Logging/DebugLogHandler.cs:9)
06-02 15:56:55.461 31473 31530 I Unity   : UnityEngine.Logger:Log (UnityEngine.LogType,object) (at /home/bokken/build/output/unity/unity/Runtime/Export/Logging/Logger.cs:60)
06-02 15:56:55.461 31473 31530 I Unity   : UnityEngine.Debug:Log (object) (at /home/bokken/build/output/unity/unity/Runtime/Export/Debug/Debug.bindings.cs:123)
06-02 15:56:55.461 31473 31530 I Unity   : TargetRing2D:Start () (at C:/Games/UnityProject/OrbitDrop3D/Assets/Scripts/Gameplay/TargetRing2D.cs:23)
06-02 15:56:55.461 31473 31530 I Unity   : 
06-02 15:56:55.461 31473 31530 I Unity   : (Filename: /home/bokke
06-02 15:56:55.461 31473 31530 I Unity   : [TargetRing2D] 'TargetRing2D(Clone)' (path=LevelManager/TargetRing2D(Clone)) spawned | tag=Untagged layer=Default col_enabled=True isTrigger=True radius=1.8
06-02 15:56:55.461 31473 31530 I Unity   : UnityEngine.Debug:ExtractStackTraceNoAlloc (byte*,int,string)
06-02 15:56:55.461 31473 31530 I Unity   : UnityEngine.StackTraceUtility:ExtractStackTrace () (at /home/bokken/build/output/unity/unity/Runtime/Export/Scripting/StackTrace.cs:35)
06-02 15:56:55.461 31473 31530 I Unity   : UnityEngine.DebugLogHandler:Internal_Log (UnityEngine.LogType,UnityEngine.LogOption,string,UnityEngine.Object)
06-02 15:56:55.461 31473 31530 I Unity   : UnityEngine.DebugLogHandler:LogFormat (UnityEngine.LogType,UnityEngine.Object,string,object[]) (at /home/bokken/build/output/unity/unity/Runtime/Export/Logging/DebugLogHandler.cs:9)
06-02 15:56:55.461 31473 31530 I Unity   : UnityEngine.Logger:Log (UnityEngine.LogType,object) (at /home/bokken/build/output/unity/unity/Runtime/Export/Logging/Logger.cs:60)
06-02 15:56:55.461 31473 31530 I Unity   : UnityEngine.Debug:Log (object) (at /home/bokken/build/output/unity/unity/Runtime/Export/Debug/Debug.bindings.cs:123)
06-02 15:56:55.461 31473 31530 I Unity   : TargetRing2D:Start () (at C:/Games/UnityProject/OrbitDrop3D/Assets/Scripts/Gameplay/TargetRing2D.cs:23)
06-02 15:56:55.461 31473 31530 I Unity   : 
06-02 15:56:55.461 31473 31530 I Unity   : (Filename: /home/bokke
06-02 15:56:56.485 31473 31530 I Unity   : Life lost! Remaining: 2
06-02 15:56:56.485 31473 31530 I Unity   : UnityEngine.Debug:ExtractStackTraceNoAlloc (byte*,int,string)
06-02 15:56:56.485 31473 31530 I Unity   : UnityEngine.StackTraceUtility:ExtractStackTrace () (at /home/bokken/build/output/unity/unity/Runtime/Export/Scripting/StackTrace.cs:35)
06-02 15:56:56.485 31473 31530 I Unity   : UnityEngine.DebugLogHandler:Internal_Log (UnityEngine.LogType,UnityEngine.LogOption,string,UnityEngine.Object)
06-02 15:56:56.485 31473 31530 I Unity   : UnityEngine.DebugLogHandler:LogFormat (UnityEngine.LogType,UnityEngine.Object,string,object[]) (at /home/bokken/build/output/unity/unity/Runtime/Export/Logging/DebugLogHandler.cs:9)
06-02 15:56:56.485 31473 31530 I Unity   : UnityEngine.Logger:Log (UnityEngine.LogType,object) (at /home/bokken/build/output/unity/unity/Runtime/Export/Logging/Logger.cs:60)
06-02 15:56:56.485 31473 31530 I Unity   : UnityEngine.Debug:Log (object) (at /home/bokken/build/output/unity/unity/Runtime/Export/Debug/Debug.bindings.cs:123)
06-02 15:56:56.485 31473 31530 I Unity   : GameManager:LoseLife () (at C:/Games/UnityProject/OrbitDrop3D/Assets/Scripts/Core/GameManager.cs:125)
06-02 15:56:56.485 31473 31530 I Unity   : OrbiterBall2D:Update () (at C:/Games/UnityProject/OrbitDrop3D/Assets/Scripts/Gameplay/OrbiterBall2D.cs:75)
06-02 15:56:56.485 31473 31530 I Unity   : 
06-02 15:56:56.485 31473 31530 I Unity   : (Filename: /home/bokken/build/output/unity/unity/R
06-02 15:56:56.486 31473 31530 I Unity   : Heart updated instantly — lives: 2
06-02 15:56:56.486 31473 31530 I Unity   : UnityEngine.Debug:ExtractStackTraceNoAlloc (byte*,int,string)
06-02 15:56:56.486 31473 31530 I Unity   : UnityEngine.StackTraceUtility:ExtractStackTrace () (at /home/bokken/build/output/unity/unity/Runtime/Export/Scripting/StackTrace.cs:35)
06-02 15:56:56.486 31473 31530 I Unity   : UnityEngine.DebugLogHandler:Internal_Log (UnityEngine.LogType,UnityEngine.LogOption,string,UnityEngine.Object)
06-02 15:56:56.486 31473 31530 I Unity   : UnityEngine.DebugLogHandler:LogFormat (UnityEngine.LogType,UnityEngine.Object,string,object[]) (at /home/bokken/build/output/unity/unity/Runtime/Export/Logging/DebugLogHandler.cs:9)
06-02 15:56:56.486 31473 31530 I Unity   : UnityEngine.Logger:Log (UnityEngine.LogType,object) (at /home/bokken/build/output/unity/unity/Runtime/Export/Logging/Logger.cs:60)
06-02 15:56:56.486 31473 31530 I Unity   : UnityEngine.Debug:Log (object) (at /home/bokken/build/output/unity/unity/Runtime/Export/Debug/Debug.bindings.cs:123)
06-02 15:56:56.486 31473 31530 I Unity   : GameHUD:OnLivesChanged (int) (at C:/Games/UnityProject/OrbitDrop3D/Assets/Scripts/UI/GameHUD.cs:101)
06-02 15:56:56.486 31473 31530 I Unity   : GameManager:LoseLife () (at C:/Games/UnityProject/OrbitDrop3D/Assets/Scripts/Core/GameManager.cs:126)
06-02 15:56:56.486 31473 31530 I Unity   : OrbiterBall2D:Update () (at C:/Games/UnityPr
06-02 15:56:57.174 31473 31530 I Unity   : Life lost! Remaining: 1
06-02 15:56:57.174 31473 31530 I Unity   : UnityEngine.Debug:ExtractStackTraceNoAlloc (byte*,int,string)
06-02 15:56:57.174 31473 31530 I Unity   : UnityEngine.StackTraceUtility:ExtractStackTrace () (at /home/bokken/build/output/unity/unity/Runtime/Export/Scripting/StackTrace.cs:35)
06-02 15:56:57.174 31473 31530 I Unity   : UnityEngine.DebugLogHandler:Internal_Log (UnityEngine.LogType,UnityEngine.LogOption,string,UnityEngine.Object)
06-02 15:56:57.174 31473 31530 I Unity   : UnityEngine.DebugLogHandler:LogFormat (UnityEngine.LogType,UnityEngine.Object,string,object[]) (at /home/bokken/build/output/unity/unity/Runtime/Export/Logging/DebugLogHandler.cs:9)
06-02 15:56:57.174 31473 31530 I Unity   : UnityEngine.Logger:Log (UnityEngine.LogType,object) (at /home/bokken/build/output/unity/unity/Runtime/Export/Logging/Logger.cs:60)
06-02 15:56:57.174 31473 31530 I Unity   : UnityEngine.Debug:Log (object) (at /home/bokken/build/output/unity/unity/Runtime/Export/Debug/Debug.bindings.cs:123)
06-02 15:56:57.174 31473 31530 I Unity   : GameManager:LoseLife () (at C:/Games/UnityProject/OrbitDrop3D/Assets/Scripts/Core/GameManager.cs:125)
06-02 15:56:57.174 31473 31530 I Unity   : OrbiterBall2D:Update () (at C:/Games/UnityProject/OrbitDrop3D/Assets/Scripts/Gameplay/OrbiterBall2D.cs:75)
06-02 15:56:57.174 31473 31530 I Unity   : 
06-02 15:56:57.174 31473 31530 I Unity   : (Filename: /home/bokken/build/output/unity/unity/R
06-02 15:56:57.174 31473 31530 I Unity   : Heart updated instantly — lives: 1
06-02 15:56:57.174 31473 31530 I Unity   : UnityEngine.Debug:ExtractStackTraceNoAlloc (byte*,int,string)
06-02 15:56:57.174 31473 31530 I Unity   : UnityEngine.StackTraceUtility:ExtractStackTrace () (at /home/bokken/build/output/unity/unity/Runtime/Export/Scripting/StackTrace.cs:35)
06-02 15:56:57.174 31473 31530 I Unity   : UnityEngine.DebugLogHandler:Internal_Log (UnityEngine.LogType,UnityEngine.LogOption,string,UnityEngine.Object)
06-02 15:56:57.174 31473 31530 I Unity   : UnityEngine.DebugLogHandler:LogFormat (UnityEngine.LogType,UnityEngine.Object,string,object[]) (at /home/bokken/build/output/unity/unity/Runtime/Export/Logging/DebugLogHandler.cs:9)
06-02 15:56:57.174 31473 31530 I Unity   : UnityEngine.Logger:Log (UnityEngine.LogType,object) (at /home/bokken/build/output/unity/unity/Runtime/Export/Logging/Logger.cs:60)
06-02 15:56:57.174 31473 31530 I Unity   : UnityEngine.Debug:Log (object) (at /home/bokken/build/output/unity/unity/Runtime/Export/Debug/Debug.bindings.cs:123)
06-02 15:56:57.174 31473 31530 I Unity   : GameHUD:OnLivesChanged (int) (at C:/Games/UnityProject/OrbitDrop3D/Assets/Scripts/UI/GameHUD.cs:101)
06-02 15:56:57.174 31473 31530 I Unity   : GameManager:LoseLife () (at C:/Games/UnityProject/OrbitDrop3D/Assets/Scripts/Core/GameManager.cs:126)
06-02 15:56:57.174 31473 31530 I Unity   : OrbiterBall2D:Update () (at C:/Games/UnityPr
06-02 15:56:57.529 31473 31530 I Unity   : [OrbiterBall] Hit: TargetRing2D(Clone)  tag=Untagged  released=True
06-02 15:56:57.529 31473 31530 I Unity   : UnityEngine.Debug:ExtractStackTraceNoAlloc (byte*,int,string)
06-02 15:56:57.529 31473 31530 I Unity   : UnityEngine.StackTraceUtility:ExtractStackTrace () (at /home/bokken/build/output/unity/unity/Runtime/Export/Scripting/StackTrace.cs:35)
06-02 15:56:57.529 31473 31530 I Unity   : UnityEngine.DebugLogHandler:Internal_Log (UnityEngine.LogType,UnityEngine.LogOption,string,UnityEngine.Object)
06-02 15:56:57.529 31473 31530 I Unity   : UnityEngine.DebugLogHandler:LogFormat (UnityEngine.LogType,UnityEngine.Object,string,object[]) (at /home/bokken/build/output/unity/unity/Runtime/Export/Logging/DebugLogHandler.cs:9)
06-02 15:56:57.529 31473 31530 I Unity   : UnityEngine.Logger:Log (UnityEngine.LogType,object) (at /home/bokken/build/output/unity/unity/Runtime/Export/Logging/Logger.cs:60)
06-02 15:56:57.529 31473 31530 I Unity   : UnityEngine.Debug:Log (object) (at /home/bokken/build/output/unity/unity/Runtime/Export/Debug/Debug.bindings.cs:123)
06-02 15:56:57.529 31473 31530 I Unity   : OrbiterBall2D:OnTriggerEnter2D (UnityEngine.Collider2D) (at C:/Games/UnityProject/OrbitDrop3D/Assets/Scripts/Gameplay/OrbiterBall2D.cs:53)
06-02 15:56:57.529 31473 31530 I Unity   : 
06-02 15:56:57.529 31473 31530 I Unity   : (Filename: /home/bokken/build/output/unity/unity/Runtime/Export/Debug/Debug.
06-02 15:56:57.530 31473 31530 I Unity   : [TargetRing2D] OnTriggerEnter2D on 'LevelManager/TargetRing2D(Clone)' | _hit=False other='OrbiterBall2D(Clone)'
06-02 15:56:57.530 31473 31530 I Unity   : UnityEngine.Debug:ExtractStackTraceNoAlloc (byte*,int,string)
06-02 15:56:57.530 31473 31530 I Unity   : UnityEngine.StackTraceUtility:ExtractStackTrace () (at /home/bokken/build/output/unity/unity/Runtime/Export/Scripting/StackTrace.cs:35)
06-02 15:56:57.530 31473 31530 I Unity   : UnityEngine.DebugLogHandler:Internal_Log (UnityEngine.LogType,UnityEngine.LogOption,string,UnityEngine.Object)
06-02 15:56:57.530 31473 31530 I Unity   : UnityEngine.DebugLogHandler:LogFormat (UnityEngine.LogType,UnityEngine.Object,string,object[]) (at /home/bokken/build/output/unity/unity/Runtime/Export/Logging/DebugLogHandler.cs:9)
06-02 15:56:57.530 31473 31530 I Unity   : UnityEngine.Logger:Log (UnityEngine.LogType,object) (at /home/bokken/build/output/unity/unity/Runtime/Export/Logging/Logger.cs:60)
06-02 15:56:57.530 31473 31530 I Unity   : UnityEngine.Debug:Log (object) (at /home/bokken/build/output/unity/unity/Runtime/Export/Debug/Debug.bindings.cs:123)
06-02 15:56:57.530 31473 31530 I Unity   : TargetRing2D:OnTriggerEnter2D (UnityEngine.Collider2D) (at C:/Games/UnityProject/OrbitDrop3D/Assets/Scripts/Gameplay/TargetRing2D.cs:88)
06-02 15:56:57.530 31473 31530 I Unity   : 
06-02 15:56:57.530 31473 31530 I Unity   : (Filename: /home/bokken/build/outp
06-02 15:56:57.530 31473 31530 I Unity   : [TargetRing2D] Ball check | ball_found=True IsReleased=True HasHit=False
06-02 15:56:57.530 31473 31530 I Unity   : UnityEngine.Debug:ExtractStackTraceNoAlloc (byte*,int,string)
06-02 15:56:57.530 31473 31530 I Unity   : UnityEngine.StackTraceUtility:ExtractStackTrace () (at /home/bokken/build/output/unity/unity/Runtime/Export/Scripting/StackTrace.cs:35)
06-02 15:56:57.530 31473 31530 I Unity   : UnityEngine.DebugLogHandler:Internal_Log (UnityEngine.LogType,UnityEngine.LogOption,string,UnityEngine.Object)
06-02 15:56:57.530 31473 31530 I Unity   : UnityEngine.DebugLogHandler:LogFormat (UnityEngine.LogType,UnityEngine.Object,string,object[]) (at /home/bokken/build/output/unity/unity/Runtime/Export/Logging/DebugLogHandler.cs:9)
06-02 15:56:57.530 31473 31530 I Unity   : UnityEngine.Logger:Log (UnityEngine.LogType,object) (at /home/bokken/build/output/unity/unity/Runtime/Export/Logging/Logger.cs:60)
06-02 15:56:57.530 31473 31530 I Unity   : UnityEngine.Debug:Log (object) (at /home/bokken/build/output/unity/unity/Runtime/Export/Debug/Debug.bindings.cs:123)
06-02 15:56:57.530 31473 31530 I Unity   : TargetRing2D:OnTriggerEnter2D (UnityEngine.Collider2D) (at C:/Games/UnityProject/OrbitDrop3D/Assets/Scripts/Gameplay/TargetRing2D.cs:91)
06-02 15:56:57.530 31473 31530 I Unity   : 
06-02 15:56:57.530 31473 31530 I Unity   : (Filename: /home/bokken/build/output/unity/unity/Runtime/Export/Debug/Deb
06-02 15:56:57.531 31473 31530 I Unity   : [TargetRing2D] HIT ACCEPTED on 'LevelManager/TargetRing2D(Clone)' — processing score/destroy
06-02 15:56:57.531 31473 31530 I Unity   : UnityEngine.Debug:ExtractStackTraceNoAlloc (byte*,int,string)
06-02 15:56:57.531 31473 31530 I Unity   : UnityEngine.StackTraceUtility:ExtractStackTrace () (at /home/bokken/build/output/unity/unity/Runtime/Export/Scripting/StackTrace.cs:35)
06-02 15:56:57.531 31473 31530 I Unity   : UnityEngine.DebugLogHandler:Internal_Log (UnityEngine.LogType,UnityEngine.LogOption,string,UnityEngine.Object)
06-02 15:56:57.531 31473 31530 I Unity   : UnityEngine.DebugLogHandler:LogFormat (UnityEngine.LogType,UnityEngine.Object,string,object[]) (at /home/bokken/build/output/unity/unity/Runtime/Export/Logging/DebugLogHandler.cs:9)
06-02 15:56:57.531 31473 31530 I Unity   : UnityEngine.Logger:Log (UnityEngine.LogType,object) (at /home/bokken/build/output/unity/unity/Runtime/Export/Logging/Logger.cs:60)
06-02 15:56:57.531 31473 31530 I Unity   : UnityEngine.Debug:Log (object) (at /home/bokken/build/output/unity/unity/Runtime/Export/Debug/Debug.bindings.cs:123)
06-02 15:56:57.531 31473 31530 I Unity   : TargetRing2D:OnTriggerEnter2D (UnityEngine.Collider2D) (at C:/Games/UnityProject/OrbitDrop3D/Assets/Scripts/Gameplay/TargetRing2D.cs:94)
06-02 15:56:57.531 31473 31530 I Unity   : 
06-02 15:56:57.531 31473 31530 I Unity   : (Filename: /home/bokken/build/output/unity/unity/Ru
06-02 15:56:57.531 31473 31530 I Unity   : [ScoreManager] Hit! Combo=4  +400pts  Total=1000
06-02 15:56:57.531 31473 31530 I Unity   : UnityEngine.Debug:ExtractStackTraceNoAlloc (byte*,int,string)
06-02 15:56:57.531 31473 31530 I Unity   : UnityEngine.StackTraceUtility:ExtractStackTrace () (at /home/bokken/build/output/unity/unity/Runtime/Export/Scripting/StackTrace.cs:35)
06-02 15:56:57.531 31473 31530 I Unity   : UnityEngine.DebugLogHandler:Internal_Log (UnityEngine.LogType,UnityEngine.LogOption,string,UnityEngine.Object)
06-02 15:56:57.531 31473 31530 I Unity   : UnityEngine.DebugLogHandler:LogFormat (UnityEngine.LogType,UnityEngine.Object,string,object[]) (at /home/bokken/build/output/unity/unity/Runtime/Export/Logging/DebugLogHandler.cs:9)
06-02 15:56:57.531 31473 31530 I Unity   : UnityEngine.Logger:Log (UnityEngine.LogType,object) (at /home/bokken/build/output/unity/unity/Runtime/Export/Logging/Logger.cs:60)
06-02 15:56:57.531 31473 31530 I Unity   : UnityEngine.Debug:Log (object) (at /home/bokken/build/output/unity/unity/Runtime/Export/Debug/Debug.bindings.cs:123)
06-02 15:56:57.531 31473 31530 I Unity   : ScoreManager:RegisterHit () (at C:/Games/UnityProject/OrbitDrop3D/Assets/Scripts/Core/ScoreManager.cs:65)
06-02 15:56:57.531 31473 31530 I Unity   : TargetRing2D:OnTriggerEnter2D (UnityEngine.Collider2D) (at C:/Games/UnityProject/OrbitDrop3D/Assets/Scripts/Gameplay/TargetRing2D
06-02 15:56:57.532 31473 31530 I Unity   : Explosion spawned at: (1.52, 2.78, 0.00)
06-02 15:56:57.532 31473 31530 I Unity   : UnityEngine.Debug:ExtractStackTraceNoAlloc (byte*,int,string)
06-02 15:56:57.532 31473 31530 I Unity   : UnityEngine.StackTraceUtility:ExtractStackTrace () (at /home/bokken/build/output/unity/unity/Runtime/Export/Scripting/StackTrace.cs:35)
06-02 15:56:57.532 31473 31530 I Unity   : UnityEngine.DebugLogHandler:Internal_Log (UnityEngine.LogType,UnityEngine.LogOption,string,UnityEngine.Object)
06-02 15:56:57.532 31473 31530 I Unity   : UnityEngine.DebugLogHandler:LogFormat (UnityEngine.LogType,UnityEngine.Object,string,object[]) (at /home/bokken/build/output/unity/unity/Runtime/Export/Logging/DebugLogHandler.cs:9)
06-02 15:56:57.532 31473 31530 I Unity   : UnityEngine.Logger:Log (UnityEngine.LogType,object) (at /home/bokken/build/output/unity/unity/Runtime/Export/Logging/Logger.cs:60)
06-02 15:56:57.532 31473 31530 I Unity   : UnityEngine.Debug:Log (object) (at /home/bokken/build/output/unity/unity/Runtime/Export/Debug/Debug.bindings.cs:123)
06-02 15:56:57.532 31473 31530 I Unity   : CFXRExplosionManager:SpawnExplosion (UnityEngine.Vector3) (at C:/Games/UnityProject/OrbitDrop3D/Assets/Scripts/Utils/CFXRExplosionManager.cs:45)
06-02 15:56:57.532 31473 31530 I Unity   : ParticleManager:SpawnHitBurst (UnityEngine.Vector3) (at C:/Games/UnityProject/OrbitDrop3D/Assets/S
06-02 15:56:57.729 31473 31530 I Unity   : [OrbiterBall] Hit: TargetRing2D(Clone)  tag=Untagged  released=True
06-02 15:56:57.729 31473 31530 I Unity   : UnityEngine.Debug:ExtractStackTraceNoAlloc (byte*,int,string)
06-02 15:56:57.729 31473 31530 I Unity   : UnityEngine.StackTraceUtility:ExtractStackTrace () (at /home/bokken/build/output/unity/unity/Runtime/Export/Scripting/StackTrace.cs:35)
06-02 15:56:57.729 31473 31530 I Unity   : UnityEngine.DebugLogHandler:Internal_Log (UnityEngine.LogType,UnityEngine.LogOption,string,UnityEngine.Object)
06-02 15:56:57.729 31473 31530 I Unity   : UnityEngine.DebugLogHandler:LogFormat (UnityEngine.LogType,UnityEngine.Object,string,object[]) (at /home/bokken/build/output/unity/unity/Runtime/Export/Logging/DebugLogHandler.cs:9)
06-02 15:56:57.729 31473 31530 I Unity   : UnityEngine.Logger:Log (UnityEngine.LogType,object) (at /home/bokken/build/output/unity/unity/Runtime/Export/Logging/Logger.cs:60)
06-02 15:56:57.729 31473 31530 I Unity   : UnityEngine.Debug:Log (object) (at /home/bokken/build/output/unity/unity/Runtime/Export/Debug/Debug.bindings.cs:123)
06-02 15:56:57.729 31473 31530 I Unity   : OrbiterBall2D:OnTriggerEnter2D (UnityEngine.Collider2D) (at C:/Games/UnityProject/OrbitDrop3D/Assets/Scripts/Gameplay/OrbiterBall2D.cs:53)
06-02 15:56:57.729 31473 31530 I Unity   : 
06-02 15:56:57.729 31473 31530 I Unity   : (Filename: /home/bokken/build/output/unity/unity/Runtime/Export/Debug/Debug.
06-02 15:56:57.730 31473 31530 I Unity   : [TargetRing2D] OnTriggerEnter2D on 'LevelManager/TargetRing2D(Clone)' | _hit=False other='OrbiterBall2D(Clone)'
06-02 15:56:57.730 31473 31530 I Unity   : UnityEngine.Debug:ExtractStackTraceNoAlloc (byte*,int,string)
06-02 15:56:57.730 31473 31530 I Unity   : UnityEngine.StackTraceUtility:ExtractStackTrace () (at /home/bokken/build/output/unity/unity/Runtime/Export/Scripting/StackTrace.cs:35)
06-02 15:56:57.730 31473 31530 I Unity   : UnityEngine.DebugLogHandler:Internal_Log (UnityEngine.LogType,UnityEngine.LogOption,string,UnityEngine.Object)
06-02 15:56:57.730 31473 31530 I Unity   : UnityEngine.DebugLogHandler:LogFormat (UnityEngine.LogType,UnityEngine.Object,string,object[]) (at /home/bokken/build/output/unity/unity/Runtime/Export/Logging/DebugLogHandler.cs:9)
06-02 15:56:57.730 31473 31530 I Unity   : UnityEngine.Logger:Log (UnityEngine.LogType,object) (at /home/bokken/build/output/unity/unity/Runtime/Export/Logging/Logger.cs:60)
06-02 15:56:57.730 31473 31530 I Unity   : UnityEngine.Debug:Log (object) (at /home/bokken/build/output/unity/unity/Runtime/Export/Debug/Debug.bindings.cs:123)
06-02 15:56:57.730 31473 31530 I Unity   : TargetRing2D:OnTriggerEnter2D (UnityEngine.Collider2D) (at C:/Games/UnityProject/OrbitDrop3D/Assets/Scripts/Gameplay/TargetRing2D.cs:88)
06-02 15:56:57.730 31473 31530 I Unity   : 
06-02 15:56:57.730 31473 31530 I Unity   : (Filename: /home/bokken/build/outp
06-02 15:56:57.730 31473 31530 I Unity   : [TargetRing2D] Ball check | ball_found=True IsReleased=True HasHit=True
06-02 15:56:57.730 31473 31530 I Unity   : UnityEngine.Debug:ExtractStackTraceNoAlloc (byte*,int,string)
06-02 15:56:57.730 31473 31530 I Unity   : UnityEngine.StackTraceUtility:ExtractStackTrace () (at /home/bokken/build/output/unity/unity/Runtime/Export/Scripting/StackTrace.cs:35)
06-02 15:56:57.730 31473 31530 I Unity   : UnityEngine.DebugLogHandler:Internal_Log (UnityEngine.LogType,UnityEngine.LogOption,string,UnityEngine.Object)
06-02 15:56:57.730 31473 31530 I Unity   : UnityEngine.DebugLogHandler:LogFormat (UnityEngine.LogType,UnityEngine.Object,string,object[]) (at /home/bokken/build/output/unity/unity/Runtime/Export/Logging/DebugLogHandler.cs:9)
06-02 15:56:57.730 31473 31530 I Unity   : UnityEngine.Logger:Log (UnityEngine.LogType,object) (at /home/bokken/build/output/unity/unity/Runtime/Export/Logging/Logger.cs:60)
06-02 15:56:57.730 31473 31530 I Unity   : UnityEngine.Debug:Log (object) (at /home/bokken/build/output/unity/unity/Runtime/Export/Debug/Debug.bindings.cs:123)
06-02 15:56:57.730 31473 31530 I Unity   : TargetRing2D:OnTriggerEnter2D (UnityEngine.Collider2D) (at C:/Games/UnityProject/OrbitDrop3D/Assets/Scripts/Gameplay/TargetRing2D.cs:91)
06-02 15:56:57.730 31473 31530 I Unity   : 
06-02 15:56:57.730 31473 31530 I Unity   : (Filename: /home/bokken/build/output/unity/unity/Runtime/Export/Debug/Debu
06-02 15:56:57.731 31473 31530 I Unity   : [TargetRing2D] HIT ACCEPTED on 'LevelManager/TargetRing2D(Clone)' — processing score/destroy
06-02 15:56:57.731 31473 31530 I Unity   : UnityEngine.Debug:ExtractStackTraceNoAlloc (byte*,int,string)
06-02 15:56:57.731 31473 31530 I Unity   : UnityEngine.StackTraceUtility:ExtractStackTrace () (at /home/bokken/build/output/unity/unity/Runtime/Export/Scripting/StackTrace.cs:35)
06-02 15:56:57.731 31473 31530 I Unity   : UnityEngine.DebugLogHandler:Internal_Log (UnityEngine.LogType,UnityEngine.LogOption,string,UnityEngine.Object)
06-02 15:56:57.731 31473 31530 I Unity   : UnityEngine.DebugLogHandler:LogFormat (UnityEngine.LogType,UnityEngine.Object,string,object[]) (at /home/bokken/build/output/unity/unity/Runtime/Export/Logging/DebugLogHandler.cs:9)
06-02 15:56:57.731 31473 31530 I Unity   : UnityEngine.Logger:Log (UnityEngine.LogType,object) (at /home/bokken/build/output/unity/unity/Runtime/Export/Logging/Logger.cs:60)
06-02 15:56:57.731 31473 31530 I Unity   : UnityEngine.Debug:Log (object) (at /home/bokken/build/output/unity/unity/Runtime/Export/Debug/Debug.bindings.cs:123)
06-02 15:56:57.731 31473 31530 I Unity   : TargetRing2D:OnTriggerEnter2D (UnityEngine.Collider2D) (at C:/Games/UnityProject/OrbitDrop3D/Assets/Scripts/Gameplay/TargetRing2D.cs:94)
06-02 15:56:57.731 31473 31530 I Unity   : 
06-02 15:56:57.731 31473 31530 I Unity   : (Filename: /home/bokken/build/output/unity/unity/Ru
06-02 15:56:57.731 31473 31530 I Unity   : [ScoreManager] Hit! Combo=5  +500pts  Total=1500
06-02 15:56:57.731 31473 31530 I Unity   : UnityEngine.Debug:ExtractStackTraceNoAlloc (byte*,int,string)
06-02 15:56:57.731 31473 31530 I Unity   : UnityEngine.StackTraceUtility:ExtractStackTrace () (at /home/bokken/build/output/unity/unity/Runtime/Export/Scripting/StackTrace.cs:35)
06-02 15:56:57.731 31473 31530 I Unity   : UnityEngine.DebugLogHandler:Internal_Log (UnityEngine.LogType,UnityEngine.LogOption,string,UnityEngine.Object)
06-02 15:56:57.731 31473 31530 I Unity   : UnityEngine.DebugLogHandler:LogFormat (UnityEngine.LogType,UnityEngine.Object,string,object[]) (at /home/bokken/build/output/unity/unity/Runtime/Export/Logging/DebugLogHandler.cs:9)
06-02 15:56:57.731 31473 31530 I Unity   : UnityEngine.Logger:Log (UnityEngine.LogType,object) (at /home/bokken/build/output/unity/unity/Runtime/Export/Logging/Logger.cs:60)
06-02 15:56:57.731 31473 31530 I Unity   : UnityEngine.Debug:Log (object) (at /home/bokken/build/output/unity/unity/Runtime/Export/Debug/Debug.bindings.cs:123)
06-02 15:56:57.731 31473 31530 I Unity   : ScoreManager:RegisterHit () (at C:/Games/UnityProject/OrbitDrop3D/Assets/Scripts/Core/ScoreManager.cs:65)
06-02 15:56:57.731 31473 31530 I Unity   : TargetRing2D:OnTriggerEnter2D (UnityEngine.Collider2D) (at C:/Games/UnityProject/OrbitDrop3D/Assets/Scripts/Gameplay/TargetRing2D
06-02 15:56:57.732 31473 31530 I Unity   : Explosion spawned at: (1.76, 4.14, 0.00)
06-02 15:56:57.732 31473 31530 I Unity   : UnityEngine.Debug:ExtractStackTraceNoAlloc (byte*,int,string)
06-02 15:56:57.732 31473 31530 I Unity   : UnityEngine.StackTraceUtility:ExtractStackTrace () (at /home/bokken/build/output/unity/unity/Runtime/Export/Scripting/StackTrace.cs:35)
06-02 15:56:57.732 31473 31530 I Unity   : UnityEngine.DebugLogHandler:Internal_Log (UnityEngine.LogType,UnityEngine.LogOption,string,UnityEngine.Object)
06-02 15:56:57.732 31473 31530 I Unity   : UnityEngine.DebugLogHandler:LogFormat (UnityEngine.LogType,UnityEngine.Object,string,object[]) (at /home/bokken/build/output/unity/unity/Runtime/Export/Logging/DebugLogHandler.cs:9)
06-02 15:56:57.732 31473 31530 I Unity   : UnityEngine.Logger:Log (UnityEngine.LogType,object) (at /home/bokken/build/output/unity/unity/Runtime/Export/Logging/Logger.cs:60)
06-02 15:56:57.732 31473 31530 I Unity   : UnityEngine.Debug:Log (object) (at /home/bokken/build/output/unity/unity/Runtime/Export/Debug/Debug.bindings.cs:123)
06-02 15:56:57.732 31473 31530 I Unity   : CFXRExplosionManager:SpawnExplosion (UnityEngine.Vector3) (at C:/Games/UnityProject/OrbitDrop3D/Assets/Scripts/Utils/CFXRExplosionManager.cs:45)
06-02 15:56:57.732 31473 31530 I Unity   : ParticleManager:SpawnHitBurst (UnityEngine.Vector3) (at C:/Games/UnityProject/OrbitDrop3D/Assets/S
06-02 15:56:58.107 31473 31530 I Unity   : [OrbiterBall] Hit: TargetRing2D(Clone)  tag=Untagged  released=True
06-02 15:56:58.107 31473 31530 I Unity   : UnityEngine.Debug:ExtractStackTraceNoAlloc (byte*,int,string)
06-02 15:56:58.107 31473 31530 I Unity   : UnityEngine.StackTraceUtility:ExtractStackTrace () (at /home/bokken/build/output/unity/unity/Runtime/Export/Scripting/StackTrace.cs:35)
06-02 15:56:58.107 31473 31530 I Unity   : UnityEngine.DebugLogHandler:Internal_Log (UnityEngine.LogType,UnityEngine.LogOption,string,UnityEngine.Object)
06-02 15:56:58.107 31473 31530 I Unity   : UnityEngine.DebugLogHandler:LogFormat (UnityEngine.LogType,UnityEngine.Object,string,object[]) (at /home/bokken/build/output/unity/unity/Runtime/Export/Logging/DebugLogHandler.cs:9)
06-02 15:56:58.107 31473 31530 I Unity   : UnityEngine.Logger:Log (UnityEngine.LogType,object) (at /home/bokken/build/output/unity/unity/Runtime/Export/Logging/Logger.cs:60)
06-02 15:56:58.107 31473 31530 I Unity   : UnityEngine.Debug:Log (object) (at /home/bokken/build/output/unity/unity/Runtime/Export/Debug/Debug.bindings.cs:123)
06-02 15:56:58.107 31473 31530 I Unity   : OrbiterBall2D:OnTriggerEnter2D (UnityEngine.Collider2D) (at C:/Games/UnityProject/OrbitDrop3D/Assets/Scripts/Gameplay/OrbiterBall2D.cs:53)
06-02 15:56:58.107 31473 31530 I Unity   : 
06-02 15:56:58.107 31473 31530 I Unity   : (Filename: /home/bokken/build/output/unity/unity/Runtime/Export/Debug/Debug.
06-02 15:56:58.107 31473 31530 I Unity   : [TargetRing2D] OnTriggerEnter2D on 'LevelManager/TargetRing2D(Clone)' | _hit=False other='OrbiterBall2D(Clone)'
06-02 15:56:58.107 31473 31530 I Unity   : UnityEngine.Debug:ExtractStackTraceNoAlloc (byte*,int,string)
06-02 15:56:58.107 31473 31530 I Unity   : UnityEngine.StackTraceUtility:ExtractStackTrace () (at /home/bokken/build/output/unity/unity/Runtime/Export/Scripting/StackTrace.cs:35)
06-02 15:56:58.107 31473 31530 I Unity   : UnityEngine.DebugLogHandler:Internal_Log (UnityEngine.LogType,UnityEngine.LogOption,string,UnityEngine.Object)
06-02 15:56:58.107 31473 31530 I Unity   : UnityEngine.DebugLogHandler:LogFormat (UnityEngine.LogType,UnityEngine.Object,string,object[]) (at /home/bokken/build/output/unity/unity/Runtime/Export/Logging/DebugLogHandler.cs:9)
06-02 15:56:58.107 31473 31530 I Unity   : UnityEngine.Logger:Log (UnityEngine.LogType,object) (at /home/bokken/build/output/unity/unity/Runtime/Export/Logging/Logger.cs:60)
06-02 15:56:58.107 31473 31530 I Unity   : UnityEngine.Debug:Log (object) (at /home/bokken/build/output/unity/unity/Runtime/Export/Debug/Debug.bindings.cs:123)
06-02 15:56:58.107 31473 31530 I Unity   : TargetRing2D:OnTriggerEnter2D (UnityEngine.Collider2D) (at C:/Games/UnityProject/OrbitDrop3D/Assets/Scripts/Gameplay/TargetRing2D.cs:88)
06-02 15:56:58.107 31473 31530 I Unity   : 
06-02 15:56:58.107 31473 31530 I Unity   : (Filename: /home/bokken/build/outp
06-02 15:56:58.107 31473 31530 I Unity   : [TargetRing2D] Ball check | ball_found=True IsReleased=True HasHit=False
06-02 15:56:58.107 31473 31530 I Unity   : UnityEngine.Debug:ExtractStackTraceNoAlloc (byte*,int,string)
06-02 15:56:58.107 31473 31530 I Unity   : UnityEngine.StackTraceUtility:ExtractStackTrace () (at /home/bokken/build/output/unity/unity/Runtime/Export/Scripting/StackTrace.cs:35)
06-02 15:56:58.107 31473 31530 I Unity   : UnityEngine.DebugLogHandler:Internal_Log (UnityEngine.LogType,UnityEngine.LogOption,string,UnityEngine.Object)
06-02 15:56:58.107 31473 31530 I Unity   : UnityEngine.DebugLogHandler:LogFormat (UnityEngine.LogType,UnityEngine.Object,string,object[]) (at /home/bokken/build/output/unity/unity/Runtime/Export/Logging/DebugLogHandler.cs:9)
06-02 15:56:58.107 31473 31530 I Unity   : UnityEngine.Logger:Log (UnityEngine.LogType,object) (at /home/bokken/build/output/unity/unity/Runtime/Export/Logging/Logger.cs:60)
06-02 15:56:58.107 31473 31530 I Unity   : UnityEngine.Debug:Log (object) (at /home/bokken/build/output/unity/unity/Runtime/Export/Debug/Debug.bindings.cs:123)
06-02 15:56:58.107 31473 31530 I Unity   : TargetRing2D:OnTriggerEnter2D (UnityEngine.Collider2D) (at C:/Games/UnityProject/OrbitDrop3D/Assets/Scripts/Gameplay/TargetRing2D.cs:91)
06-02 15:56:58.107 31473 31530 I Unity   : 
06-02 15:56:58.107 31473 31530 I Unity   : (Filename: /home/bokken/build/output/unity/unity/Runtime/Export/Debug/Deb
06-02 15:56:58.108 31473 31530 I Unity   : [TargetRing2D] HIT ACCEPTED on 'LevelManager/TargetRing2D(Clone)' — processing score/destroy
06-02 15:56:58.108 31473 31530 I Unity   : UnityEngine.Debug:ExtractStackTraceNoAlloc (byte*,int,string)
06-02 15:56:58.108 31473 31530 I Unity   : UnityEngine.StackTraceUtility:ExtractStackTrace () (at /home/bokken/build/output/unity/unity/Runtime/Export/Scripting/StackTrace.cs:35)
06-02 15:56:58.108 31473 31530 I Unity   : UnityEngine.DebugLogHandler:Internal_Log (UnityEngine.LogType,UnityEngine.LogOption,string,UnityEngine.Object)
06-02 15:56:58.108 31473 31530 I Unity   : UnityEngine.DebugLogHandler:LogFormat (UnityEngine.LogType,UnityEngine.Object,string,object[]) (at /home/bokken/build/output/unity/unity/Runtime/Export/Logging/DebugLogHandler.cs:9)
06-02 15:56:58.108 31473 31530 I Unity   : UnityEngine.Logger:Log (UnityEngine.LogType,object) (at /home/bokken/build/output/unity/unity/Runtime/Export/Logging/Logger.cs:60)
06-02 15:56:58.108 31473 31530 I Unity   : UnityEngine.Debug:Log (object) (at /home/bokken/build/output/unity/unity/Runtime/Export/Debug/Debug.bindings.cs:123)
06-02 15:56:58.108 31473 31530 I Unity   : TargetRing2D:OnTriggerEnter2D (UnityEngine.Collider2D) (at C:/Games/UnityProject/OrbitDrop3D/Assets/Scripts/Gameplay/TargetRing2D.cs:94)
06-02 15:56:58.108 31473 31530 I Unity   : 
06-02 15:56:58.108 31473 31530 I Unity   : (Filename: /home/bokken/build/output/unity/unity/Ru
06-02 15:56:58.108 31473 31530 I Unity   : [ScoreManager] Hit! Combo=6  +600pts  Total=2100
06-02 15:56:58.108 31473 31530 I Unity   : UnityEngine.Debug:ExtractStackTraceNoAlloc (byte*,int,string)
06-02 15:56:58.108 31473 31530 I Unity   : UnityEngine.StackTraceUtility:ExtractStackTrace () (at /home/bokken/build/output/unity/unity/Runtime/Export/Scripting/StackTrace.cs:35)
06-02 15:56:58.108 31473 31530 I Unity   : UnityEngine.DebugLogHandler:Internal_Log (UnityEngine.LogType,UnityEngine.LogOption,string,UnityEngine.Object)
06-02 15:56:58.108 31473 31530 I Unity   : UnityEngine.DebugLogHandler:LogFormat (UnityEngine.LogType,UnityEngine.Object,string,object[]) (at /home/bokken/build/output/unity/unity/Runtime/Export/Logging/DebugLogHandler.cs:9)
06-02 15:56:58.108 31473 31530 I Unity   : UnityEngine.Logger:Log (UnityEngine.LogType,object) (at /home/bokken/build/output/unity/unity/Runtime/Export/Logging/Logger.cs:60)
06-02 15:56:58.108 31473 31530 I Unity   : UnityEngine.Debug:Log (object) (at /home/bokken/build/output/unity/unity/Runtime/Export/Debug/Debug.bindings.cs:123)
06-02 15:56:58.108 31473 31530 I Unity   : ScoreManager:RegisterHit () (at C:/Games/UnityProject/OrbitDrop3D/Assets/Scripts/Core/ScoreManager.cs:65)
06-02 15:56:58.108 31473 31530 I Unity   : TargetRing2D:OnTriggerEnter2D (UnityEngine.Collider2D) (at C:/Games/UnityProject/OrbitDrop3D/Assets/Scripts/Gameplay/TargetRing2D
06-02 15:56:58.109 31473 31530 I Unity   : Explosion spawned at: (0.09, -3.14, 0.00)
06-02 15:56:58.109 31473 31530 I Unity   : UnityEngine.Debug:ExtractStackTraceNoAlloc (byte*,int,string)
06-02 15:56:58.109 31473 31530 I Unity   : UnityEngine.StackTraceUtility:ExtractStackTrace () (at /home/bokken/build/output/unity/unity/Runtime/Export/Scripting/StackTrace.cs:35)
06-02 15:56:58.109 31473 31530 I Unity   : UnityEngine.DebugLogHandler:Internal_Log (UnityEngine.LogType,UnityEngine.LogOption,string,UnityEngine.Object)
06-02 15:56:58.109 31473 31530 I Unity   : UnityEngine.DebugLogHandler:LogFormat (UnityEngine.LogType,UnityEngine.Object,string,object[]) (at /home/bokken/build/output/unity/unity/Runtime/Export/Logging/DebugLogHandler.cs:9)
06-02 15:56:58.109 31473 31530 I Unity   : UnityEngine.Logger:Log (UnityEngine.LogType,object) (at /home/bokken/build/output/unity/unity/Runtime/Export/Logging/Logger.cs:60)
06-02 15:56:58.109 31473 31530 I Unity   : UnityEngine.Debug:Log (object) (at /home/bokken/build/output/unity/unity/Runtime/Export/Debug/Debug.bindings.cs:123)
06-02 15:56:58.109 31473 31530 I Unity   : CFXRExplosionManager:SpawnExplosion (UnityEngine.Vector3) (at C:/Games/UnityProject/OrbitDrop3D/Assets/Scripts/Utils/CFXRExplosionManager.cs:45)
06-02 15:56:58.109 31473 31530 I Unity   : ParticleManager:SpawnHitBurst (UnityEngine.Vector3) (at C:/Games/UnityProject/OrbitDrop3D/Assets/
06-02 15:56:58.373 31473 31530 I Unity   : [OrbiterBall] Hit: TargetRing2D(Clone)  tag=Untagged  released=True
06-02 15:56:58.373 31473 31530 I Unity   : UnityEngine.Debug:ExtractStackTraceNoAlloc (byte*,int,string)
06-02 15:56:58.373 31473 31530 I Unity   : UnityEngine.StackTraceUtility:ExtractStackTrace () (at /home/bokken/build/output/unity/unity/Runtime/Export/Scripting/StackTrace.cs:35)
06-02 15:56:58.373 31473 31530 I Unity   : UnityEngine.DebugLogHandler:Internal_Log (UnityEngine.LogType,UnityEngine.LogOption,string,UnityEngine.Object)
06-02 15:56:58.373 31473 31530 I Unity   : UnityEngine.DebugLogHandler:LogFormat (UnityEngine.LogType,UnityEngine.Object,string,object[]) (at /home/bokken/build/output/unity/unity/Runtime/Export/Logging/DebugLogHandler.cs:9)
06-02 15:56:58.373 31473 31530 I Unity   : UnityEngine.Logger:Log (UnityEngine.LogType,object) (at /home/bokken/build/output/unity/unity/Runtime/Export/Logging/Logger.cs:60)
06-02 15:56:58.373 31473 31530 I Unity   : UnityEngine.Debug:Log (object) (at /home/bokken/build/output/unity/unity/Runtime/Export/Debug/Debug.bindings.cs:123)
06-02 15:56:58.373 31473 31530 I Unity   : OrbiterBall2D:OnTriggerEnter2D (UnityEngine.Collider2D) (at C:/Games/UnityProject/OrbitDrop3D/Assets/Scripts/Gameplay/OrbiterBall2D.cs:53)
06-02 15:56:58.373 31473 31530 I Unity   : 
06-02 15:56:58.373 31473 31530 I Unity   : (Filename: /home/bokken/build/output/unity/unity/Runtime/Export/Debug/Debug.
06-02 15:56:58.374 31473 31530 I Unity   : [TargetRing2D] OnTriggerEnter2D on 'LevelManager/TargetRing2D(Clone)' | _hit=False other='OrbiterBall2D(Clone)'
06-02 15:56:58.374 31473 31530 I Unity   : UnityEngine.Debug:ExtractStackTraceNoAlloc (byte*,int,string)
06-02 15:56:58.374 31473 31530 I Unity   : UnityEngine.StackTraceUtility:ExtractStackTrace () (at /home/bokken/build/output/unity/unity/Runtime/Export/Scripting/StackTrace.cs:35)
06-02 15:56:58.374 31473 31530 I Unity   : UnityEngine.DebugLogHandler:Internal_Log (UnityEngine.LogType,UnityEngine.LogOption,string,UnityEngine.Object)
06-02 15:56:58.374 31473 31530 I Unity   : UnityEngine.DebugLogHandler:LogFormat (UnityEngine.LogType,UnityEngine.Object,string,object[]) (at /home/bokken/build/output/unity/unity/Runtime/Export/Logging/DebugLogHandler.cs:9)
06-02 15:56:58.374 31473 31530 I Unity   : UnityEngine.Logger:Log (UnityEngine.LogType,object) (at /home/bokken/build/output/unity/unity/Runtime/Export/Logging/Logger.cs:60)
06-02 15:56:58.374 31473 31530 I Unity   : UnityEngine.Debug:Log (object) (at /home/bokken/build/output/unity/unity/Runtime/Export/Debug/Debug.bindings.cs:123)
06-02 15:56:58.374 31473 31530 I Unity   : TargetRing2D:OnTriggerEnter2D (UnityEngine.Collider2D) (at C:/Games/UnityProject/OrbitDrop3D/Assets/Scripts/Gameplay/TargetRing2D.cs:88)
06-02 15:56:58.374 31473 31530 I Unity   : 
06-02 15:56:58.374 31473 31530 I Unity   : (Filename: /home/bokken/build/outp
06-02 15:56:58.374 31473 31530 I Unity   : [TargetRing2D] Ball check | ball_found=True IsReleased=True HasHit=True
06-02 15:56:58.374 31473 31530 I Unity   : UnityEngine.Debug:ExtractStackTraceNoAlloc (byte*,int,string)
06-02 15:56:58.374 31473 31530 I Unity   : UnityEngine.StackTraceUtility:ExtractStackTrace () (at /home/bokken/build/output/unity/unity/Runtime/Export/Scripting/StackTrace.cs:35)
06-02 15:56:58.374 31473 31530 I Unity   : UnityEngine.DebugLogHandler:Internal_Log (UnityEngine.LogType,UnityEngine.LogOption,string,UnityEngine.Object)
06-02 15:56:58.374 31473 31530 I Unity   : UnityEngine.DebugLogHandler:LogFormat (UnityEngine.LogType,UnityEngine.Object,string,object[]) (at /home/bokken/build/output/unity/unity/Runtime/Export/Logging/DebugLogHandler.cs:9)
06-02 15:56:58.374 31473 31530 I Unity   : UnityEngine.Logger:Log (UnityEngine.LogType,object) (at /home/bokken/build/output/unity/unity/Runtime/Export/Logging/Logger.cs:60)
06-02 15:56:58.374 31473 31530 I Unity   : UnityEngine.Debug:Log (object) (at /home/bokken/build/output/unity/unity/Runtime/Export/Debug/Debug.bindings.cs:123)
06-02 15:56:58.374 31473 31530 I Unity   : TargetRing2D:OnTriggerEnter2D (UnityEngine.Collider2D) (at C:/Games/UnityProject/OrbitDrop3D/Assets/Scripts/Gameplay/TargetRing2D.cs:91)
06-02 15:56:58.374 31473 31530 I Unity   : 
06-02 15:56:58.374 31473 31530 I Unity   : (Filename: /home/bokken/build/output/unity/unity/Runtime/Export/Debug/Debu
06-02 15:56:58.374 31473 31530 I Unity   : [TargetRing2D] HIT ACCEPTED on 'LevelManager/TargetRing2D(Clone)' — processing score/destroy
06-02 15:56:58.374 31473 31530 I Unity   : UnityEngine.Debug:ExtractStackTraceNoAlloc (byte*,int,string)
06-02 15:56:58.374 31473 31530 I Unity   : UnityEngine.StackTraceUtility:ExtractStackTrace () (at /home/bokken/build/output/unity/unity/Runtime/Export/Scripting/StackTrace.cs:35)
06-02 15:56:58.374 31473 31530 I Unity   : UnityEngine.DebugLogHandler:Internal_Log (UnityEngine.LogType,UnityEngine.LogOption,string,UnityEngine.Object)
06-02 15:56:58.374 31473 31530 I Unity   : UnityEngine.DebugLogHandler:LogFormat (UnityEngine.LogType,UnityEngine.Object,string,object[]) (at /home/bokken/build/output/unity/unity/Runtime/Export/Logging/DebugLogHandler.cs:9)
06-02 15:56:58.374 31473 31530 I Unity   : UnityEngine.Logger:Log (UnityEngine.LogType,object) (at /home/bokken/build/output/unity/unity/Runtime/Export/Logging/Logger.cs:60)
06-02 15:56:58.374 31473 31530 I Unity   : UnityEngine.Debug:Log (object) (at /home/bokken/build/output/unity/unity/Runtime/Export/Debug/Debug.bindings.cs:123)
06-02 15:56:58.374 31473 31530 I Unity   : TargetRing2D:OnTriggerEnter2D (UnityEngine.Collider2D) (at C:/Games/UnityProject/OrbitDrop3D/Assets/Scripts/Gameplay/TargetRing2D.cs:94)
06-02 15:56:58.374 31473 31530 I Unity   : 
06-02 15:56:58.374 31473 31530 I Unity   : (Filename: /home/bokken/build/output/unity/unity/Ru
06-02 15:56:58.375 31473 31530 I Unity   : [ScoreManager] Hit! Combo=7  +700pts  Total=2800
06-02 15:56:58.375 31473 31530 I Unity   : UnityEngine.Debug:ExtractStackTraceNoAlloc (byte*,int,string)
06-02 15:56:58.375 31473 31530 I Unity   : UnityEngine.StackTraceUtility:ExtractStackTrace () (at /home/bokken/build/output/unity/unity/Runtime/Export/Scripting/StackTrace.cs:35)
06-02 15:56:58.375 31473 31530 I Unity   : UnityEngine.DebugLogHandler:Internal_Log (UnityEngine.LogType,UnityEngine.LogOption,string,UnityEngine.Object)
06-02 15:56:58.375 31473 31530 I Unity   : UnityEngine.DebugLogHandler:LogFormat (UnityEngine.LogType,UnityEngine.Object,string,object[]) (at /home/bokken/build/output/unity/unity/Runtime/Export/Logging/DebugLogHandler.cs:9)
06-02 15:56:58.375 31473 31530 I Unity   : UnityEngine.Logger:Log (UnityEngine.LogType,object) (at /home/bokken/build/output/unity/unity/Runtime/Export/Logging/Logger.cs:60)
06-02 15:56:58.375 31473 31530 I Unity   : UnityEngine.Debug:Log (object) (at /home/bokken/build/output/unity/unity/Runtime/Export/Debug/Debug.bindings.cs:123)
06-02 15:56:58.375 31473 31530 I Unity   : ScoreManager:RegisterHit () (at C:/Games/UnityProject/OrbitDrop3D/Assets/Scripts/Core/ScoreManager.cs:65)
06-02 15:56:58.375 31473 31530 I Unity   : TargetRing2D:OnTriggerEnter2D (UnityEngine.Collider2D) (at C:/Games/UnityProject/OrbitDrop3D/Assets/Scripts/Gameplay/TargetRing2D
06-02 15:56:58.376 31473 31530 I Unity   : Explosion spawned at: (-1.38, -4.34, 0.00)
06-02 15:56:58.376 31473 31530 I Unity   : UnityEngine.Debug:ExtractStackTraceNoAlloc (byte*,int,string)
06-02 15:56:58.376 31473 31530 I Unity   : UnityEngine.StackTraceUtility:ExtractStackTrace () (at /home/bokken/build/output/unity/unity/Runtime/Export/Scripting/StackTrace.cs:35)
06-02 15:56:58.376 31473 31530 I Unity   : UnityEngine.DebugLogHandler:Internal_Log (UnityEngine.LogType,UnityEngine.LogOption,string,UnityEngine.Object)
06-02 15:56:58.376 31473 31530 I Unity   : UnityEngine.DebugLogHandler:LogFormat (UnityEngine.LogType,UnityEngine.Object,string,object[]) (at /home/bokken/build/output/unity/unity/Runtime/Export/Logging/DebugLogHandler.cs:9)
06-02 15:56:58.376 31473 31530 I Unity   : UnityEngine.Logger:Log (UnityEngine.LogType,object) (at /home/bokken/build/output/unity/unity/Runtime/Export/Logging/Logger.cs:60)
06-02 15:56:58.376 31473 31530 I Unity   : UnityEngine.Debug:Log (object) (at /home/bokken/build/output/unity/unity/Runtime/Export/Debug/Debug.bindings.cs:123)
06-02 15:56:58.376 31473 31530 I Unity   : CFXRExplosionManager:SpawnExplosion (UnityEngine.Vector3) (at C:/Games/UnityProject/OrbitDrop3D/Assets/Scripts/Utils/CFXRExplosionManager.cs:45)
06-02 15:56:58.376 31473 31530 I Unity   : ParticleManager:SpawnHitBurst (UnityEngine.Vector3) (at C:/Games/UnityProject/OrbitDrop3D/Assets
06-02 15:56:58.951 31473 31530 I Unity   : Life lost! Remaining: 0
06-02 15:56:58.951 31473 31530 I Unity   : UnityEngine.Debug:ExtractStackTraceNoAlloc (byte*,int,string)
06-02 15:56:58.951 31473 31530 I Unity   : UnityEngine.StackTraceUtility:ExtractStackTrace () (at /home/bokken/build/output/unity/unity/Runtime/Export/Scripting/StackTrace.cs:35)
06-02 15:56:58.951 31473 31530 I Unity   : UnityEngine.DebugLogHandler:Internal_Log (UnityEngine.LogType,UnityEngine.LogOption,string,UnityEngine.Object)
06-02 15:56:58.951 31473 31530 I Unity   : UnityEngine.DebugLogHandler:LogFormat (UnityEngine.LogType,UnityEngine.Object,string,object[]) (at /home/bokken/build/output/unity/unity/Runtime/Export/Logging/DebugLogHandler.cs:9)
06-02 15:56:58.951 31473 31530 I Unity   : UnityEngine.Logger:Log (UnityEngine.LogType,object) (at /home/bokken/build/output/unity/unity/Runtime/Export/Logging/Logger.cs:60)
06-02 15:56:58.951 31473 31530 I Unity   : UnityEngine.Debug:Log (object) (at /home/bokken/build/output/unity/unity/Runtime/Export/Debug/Debug.bindings.cs:123)
06-02 15:56:58.951 31473 31530 I Unity   : GameManager:LoseLife () (at C:/Games/UnityProject/OrbitDrop3D/Assets/Scripts/Core/GameManager.cs:125)
06-02 15:56:58.951 31473 31530 I Unity   : OrbiterBall2D:Update () (at C:/Games/UnityProject/OrbitDrop3D/Assets/Scripts/Gameplay/OrbiterBall2D.cs:75)
06-02 15:56:58.951 31473 31530 I Unity   : 
06-02 15:56:58.951 31473 31530 I Unity   : (Filename: /home/bokken/build/output/unity/unity/R
06-02 15:56:58.952 31473 31530 I Unity   : Heart updated instantly — lives: 0
06-02 15:56:58.952 31473 31530 I Unity   : UnityEngine.Debug:ExtractStackTraceNoAlloc (byte*,int,string)
06-02 15:56:58.952 31473 31530 I Unity   : UnityEngine.StackTraceUtility:ExtractStackTrace () (at /home/bokken/build/output/unity/unity/Runtime/Export/Scripting/StackTrace.cs:35)
06-02 15:56:58.952 31473 31530 I Unity   : UnityEngine.DebugLogHandler:Internal_Log (UnityEngine.LogType,UnityEngine.LogOption,string,UnityEngine.Object)
06-02 15:56:58.952 31473 31530 I Unity   : UnityEngine.DebugLogHandler:LogFormat (UnityEngine.LogType,UnityEngine.Object,string,object[]) (at /home/bokken/build/output/unity/unity/Runtime/Export/Logging/DebugLogHandler.cs:9)
06-02 15:56:58.952 31473 31530 I Unity   : UnityEngine.Logger:Log (UnityEngine.LogType,object) (at /home/bokken/build/output/unity/unity/Runtime/Export/Logging/Logger.cs:60)
06-02 15:56:58.952 31473 31530 I Unity   : UnityEngine.Debug:Log (object) (at /home/bokken/build/output/unity/unity/Runtime/Export/Debug/Debug.bindings.cs:123)
06-02 15:56:58.952 31473 31530 I Unity   : GameHUD:OnLivesChanged (int) (at C:/Games/UnityProject/OrbitDrop3D/Assets/Scripts/UI/GameHUD.cs:101)
06-02 15:56:58.952 31473 31530 I Unity   : GameManager:LoseLife () (at C:/Games/UnityProject/OrbitDrop3D/Assets/Scripts/Core/GameManager.cs:126)
06-02 15:56:58.952 31473 31530 I Unity   : OrbiterBall2D:Update () (at C:/Games/UnityPr
06-02 15:56:58.952 31473 31530 I Unity   : GAME OVER - instant!
06-02 15:56:58.952 31473 31530 I Unity   : UnityEngine.Debug:ExtractStackTraceNoAlloc (byte*,int,string)
06-02 15:56:58.952 31473 31530 I Unity   : UnityEngine.StackTraceUtility:ExtractStackTrace () (at /home/bokken/build/output/unity/unity/Runtime/Export/Scripting/StackTrace.cs:35)
06-02 15:56:58.952 31473 31530 I Unity   : UnityEngine.DebugLogHandler:Internal_Log (UnityEngine.LogType,UnityEngine.LogOption,string,UnityEngine.Object)
06-02 15:56:58.952 31473 31530 I Unity   : UnityEngine.DebugLogHandler:LogFormat (UnityEngine.LogType,UnityEngine.Object,string,object[]) (at /home/bokken/build/output/unity/unity/Runtime/Export/Logging/DebugLogHandler.cs:9)
06-02 15:56:58.952 31473 31530 I Unity   : UnityEngine.Logger:Log (UnityEngine.LogType,object) (at /home/bokken/build/output/unity/unity/Runtime/Export/Logging/Logger.cs:60)
06-02 15:56:58.952 31473 31530 I Unity   : UnityEngine.Debug:Log (object) (at /home/bokken/build/output/unity/unity/Runtime/Export/Debug/Debug.bindings.cs:123)
06-02 15:56:58.952 31473 31530 I Unity   : GameManager:LoseLife () (at C:/Games/UnityProject/OrbitDrop3D/Assets/Scripts/Core/GameManager.cs:130)
06-02 15:56:58.952 31473 31530 I Unity   : OrbiterBall2D:Update () (at C:/Games/UnityProject/OrbitDrop3D/Assets/Scripts/Gameplay/OrbiterBall2D.cs:75)
06-02 15:56:58.952 31473 31530 I Unity   : 
06-02 15:56:58.952 31473 31530 I Unity   : (Filename: /home/bokken/build/output/unity/unity/Runt
06-02 15:56:58.953 31473 31530 I Unity   : [GameManager] State -> GameOver  Level=11  Lives=0
06-02 15:56:58.953 31473 31530 I Unity   : UnityEngine.Debug:ExtractStackTraceNoAlloc (byte*,int,string)
06-02 15:56:58.953 31473 31530 I Unity   : UnityEngine.StackTraceUtility:ExtractStackTrace () (at /home/bokken/build/output/unity/unity/Runtime/Export/Scripting/StackTrace.cs:35)
06-02 15:56:58.953 31473 31530 I Unity   : UnityEngine.DebugLogHandler:Internal_Log (UnityEngine.LogType,UnityEngine.LogOption,string,UnityEngine.Object)
06-02 15:56:58.953 31473 31530 I Unity   : UnityEngine.DebugLogHandler:LogFormat (UnityEngine.LogType,UnityEngine.Object,string,object[]) (at /home/bokken/build/output/unity/unity/Runtime/Export/Logging/DebugLogHandler.cs:9)
06-02 15:56:58.953 31473 31530 I Unity   : UnityEngine.Logger:Log (UnityEngine.LogType,object) (at /home/bokken/build/output/unity/unity/Runtime/Export/Logging/Logger.cs:60)
06-02 15:56:58.953 31473 31530 I Unity   : UnityEngine.Debug:Log (object) (at /home/bokken/build/output/unity/unity/Runtime/Export/Debug/Debug.bindings.cs:123)
06-02 15:56:58.953 31473 31530 I Unity   : GameManager:SetState (GameManager/GameState) (at C:/Games/UnityProject/OrbitDrop3D/Assets/Scripts/Core/GameManager.cs:174)
06-02 15:56:58.953 31473 31530 I Unity   : GameManager:LoseLife () (at C:/Games/UnityProject/OrbitDrop3D/Assets/Scripts/Core/GameManager.cs:131)
06-02 15:56:58.953 31473 31530 I Unity   : OrbiterB
06-02 15:56:58.953 31473 31530 I Unity   : [LevelManager] State -> GameOver
06-02 15:56:58.953 31473 31530 I Unity   : UnityEngine.Debug:ExtractStackTraceNoAlloc (byte*,int,string)
06-02 15:56:58.953 31473 31530 I Unity   : UnityEngine.StackTraceUtility:ExtractStackTrace () (at /home/bokken/build/output/unity/unity/Runtime/Export/Scripting/StackTrace.cs:35)
06-02 15:56:58.953 31473 31530 I Unity   : UnityEngine.DebugLogHandler:Internal_Log (UnityEngine.LogType,UnityEngine.LogOption,string,UnityEngine.Object)
06-02 15:56:58.953 31473 31530 I Unity   : UnityEngine.DebugLogHandler:LogFormat (UnityEngine.LogType,UnityEngine.Object,string,object[]) (at /home/bokken/build/output/unity/unity/Runtime/Export/Logging/DebugLogHandler.cs:9)
06-02 15:56:58.953 31473 31530 I Unity   : UnityEngine.Logger:Log (UnityEngine.LogType,object) (at /home/bokken/build/output/unity/unity/Runtime/Export/Logging/Logger.cs:60)
06-02 15:56:58.953 31473 31530 I Unity   : UnityEngine.Debug:Log (object) (at /home/bokken/build/output/unity/unity/Runtime/Export/Debug/Debug.bindings.cs:123)
06-02 15:56:58.953 31473 31530 I Unity   : LevelManager:HandleStateChanged (GameManager/GameState) (at C:/Games/UnityProject/OrbitDrop3D/Assets/Scripts/Core/LevelManager.cs:53)
06-02 15:56:58.953 31473 31530 I Unity   : GameManager:SetState (GameManager/GameState) (at C:/Games/UnityProject/OrbitDrop3D/Assets/Scripts/Core/GameManager.cs
06-02 15:56:58.958 31473 31530 W Unity   : The character with Unicode value \U0001F3C6 was not found in the [LiberationSans SDF] font asset or any potential fallbacks. It was replaced by Unicode character \u25A1 in text object [BestScoreText].
06-02 15:56:58.958 31473 31530 W Unity   : UnityEngine.Debug:ExtractStackTraceNoAlloc (byte*,int,string)
06-02 15:56:58.958 31473 31530 W Unity   : UnityEngine.StackTraceUtility:ExtractStackTrace () (at /home/bokken/build/output/unity/unity/Runtime/Export/Scripting/StackTrace.cs:35)
06-02 15:56:58.958 31473 31530 W Unity   : UnityEngine.DebugLogHandler:Internal_Log (UnityEngine.LogType,UnityEngine.LogOption,string,UnityEngine.Object)
06-02 15:56:58.958 31473 31530 W Unity   : UnityEngine.DebugLogHandler:LogFormat (UnityEngine.LogType,UnityEngine.Object,string,object[]) (at /home/bokken/build/output/unity/unity/Runtime/Export/Logging/DebugLogHandler.cs:9)
06-02 15:56:58.958 31473 31530 W Unity   : UnityEngine.Logger:Log (UnityEngine.LogType,object,UnityEngine.Object) (at /home/bokken/build/output/unity/unity/Runtime/Export/Logging/Logger.cs:66)
06-02 15:56:58.958 31473 31530 W Unity   : UnityEngine.Debug:LogWarning (object,UnityEngine.Object) (at /home/bokken/build/output/unity/unity/Runtime/Export/Debug/Debug.bindings.cs:216)
06-02 15:56:58.958 31473 31530 W Unity   : TMPro.TextMeshProUGUI:SetArraySizes (T
06-02 15:57:00.736 31473 31473 I Unity   : windowFocusChanged: false
06-02 15:57:00.757 31473 31530 I Unity   : Handle cmd APP_CMD_LOST_FOCUS(8)
06-02 15:57:00.997 31473 31530 I Unity   : Handle cmd APP_CMD_TERM_WINDOW(2)
06-02 15:57:01.008 31473 31530 I Unity   : SetGameState: isLoading: false, mode: CONTENT, label: -6, quality: 0
06-02 15:57:01.177 31473 31530 I Unity   : Handle cmd APP_CMD_WINDOW_INSETS_CHANGED(17)
06-02 15:57:01.179 31473 31530 I Unity   : Handle cmd APP_CMD_WINDOW_INSETS_CHANGED(17)
06-02 15:57:01.180 31473 31530 I Unity   : Handle cmd APP_CMD_WINDOW_INSETS_CHANGED(17)
06-02 15:57:01.182 31473 31530 I Unity   : Handle cmd APP_CMD_LOW_MEMORY(10)
06-02 15:57:01.183 31473 31473 I Unity   : onPause
06-02 15:57:01.189 31473 31473 I Unity   : pauseUnity
06-02 15:57:01.190 31473 31530 I Unity   : Handle cmd APP_CMD_PAUSE(14)
06-02 15:57:01.192 31473 31530 I Unity   : Handle cmd APP_CMD_STOP(15)
06-02 15:57:01.194 31473 31530 I Unity   : Handle cmd APP_CMD_SAVE_STATE(13)
06-02 15:57:01.454 31473 31473 I Unity   : onDestroy
06-02 15:57:01.456 31473 31530 I Unity   : Handle cmd APP_CMD_DESTROY(16)
06-02 15:57:01.456 31473 31530 I Unity   : UnityApplication::DestroyInstance
06-02 15:57:04.861 32342 32342 I Unity   : applyWindowUIChanges fullScreen = true, renderOutsideSafeArea = true
06-02 15:57:04.906 32342 32360 I Unity   : UnityApplication::CreateInstance
06-02 15:57:04.906 32342 32360 I Unity   : GameActivity Package Version '3.0.5'
06-02 15:57:04.907 32342 32360 I Unity   : Starting Game Loop
06-02 15:57:04.928 32342 32360 I Unity   : Handle cmd APP_CMD_START(11)
06-02 15:57:04.933 32342 32342 I Unity   : onResume
06-02 15:57:04.938 32342 32360 I Unity   : Handle cmd APP_CMD_RESUME(12)
06-02 15:57:04.970 32342 32360 I Unity   : Handle cmd APP_CMD_WINDOW_INSETS_CHANGED(17)
06-02 15:57:04.991 32342 32360 I Unity   : Handle cmd APP_CMD_WINDOW_INSETS_CHANGED(17)
06-02 15:57:04.994 32342 32360 I Unity   : Handle cmd APP_CMD_WINDOW_INSETS_CHANGED(17)
06-02 15:57:04.994 32342 32360 I Unity   : Handle cmd APP_CMD_WINDOW_INSETS_CHANGED(17)
06-02 15:57:04.994 32342 32360 I Unity   : Handle cmd APP_CMD_CONTENT_RECT_CHANGED(5)
06-02 15:57:05.001 32342 32360 I Unity   : Handle cmd APP_CMD_INIT_WINDOW(1)
06-02 15:57:05.055 32342 32360 I Unity   : MemoryManager: Using 'Dynamic Heap' Allocator.
06-02 15:57:05.055 32342 32342 I Unity   : windowFocusChanged: true
06-02 15:57:05.055 32342 32342 I Unity   : resumeUnity
06-02 15:57:05.098 32342 32360 I Unity   : SetGameState: isLoading: true, mode: UNKNOWN, label: -2, quality: -1
06-02 15:57:05.123 32342 32360 I Unity   : SystemInfo CPU = ARM64 FP ASIMD AES, Cores = 8, Memory = 5555mb
06-02 15:57:05.123 32342 32360 I Unity   : SystemInfo ARM big.LITTLE configuration: 2 big (mask: 0xc0), 6 little (mask: 0x3f)
06-02 15:57:05.123 32342 32360 I Unity   : ApplicationInfo 'com.zehntech.orbitdrop', Version '0.1.0', Min API Level '26', Target API Level '36'
06-02 15:57:05.123 32342 32360 I Unity   : Built from '6000.3/staging' branch, Version '6000.3.10f1 (e35f0c77bd8e)', Build type 'Development', Scripting Backend 'mono', CPU 'armeabi-v7a', Stripping 'Disabled'
06-02 15:57:05.123 32342 32360 I Unity   : Device Model 'samsung SM-A156E', OS 'Android OS 15 (API 35)'
06-02 15:57:05.160 32342 32342 I Unity   : applyWindowUIChanges fullScreen = true, renderOutsideSafeArea = true
06-02 15:57:05.286 32342 32360 I Unity   : Company Name: DefaultCompany
06-02 15:57:05.286 32342 32360 I Unity   : Product Name: OrbitDrop3D
06-02 15:57:05.295 32342 32342 I Unity   : applyWindowUIChanges fullScreen = true, renderOutsideSafeArea = true
06-02 15:57:07.590 32342 32360 I Unity   : SetGameState: isLoading: false, mode: UNKNOWN, label: -1, quality: 0
06-02 15:57:07.591 32342 32360 I Unity   :     HasWindow = 1, HasFocus = 0
06-02 15:57:07.591 32342 32360 I Unity   : Handle cmd APP_CMD_WINDOW_RESIZED(3)
06-02 15:57:07.591 32342 32360 I Unity   : Handle cmd APP_CMD_WINDOW_REDRAW_NEEDED(4)
06-02 15:57:07.591 32342 32360 I Unity   : Handle cmd APP_CMD_WINDOW_INSETS_CHANGED(17)
06-02 15:57:07.593 32342 32360 I Unity   : Handle cmd APP_CMD_WINDOW_INSETS_CHANGED(17)
06-02 15:57:07.593 32342 32360 I Unity   : Handle cmd APP_CMD_WINDOW_INSETS_CHANGED(17)
06-02 15:57:07.593 32342 32360 I Unity   : Handle cmd APP_CMD_WINDOW_INSETS_CHANGED(17)
06-02 15:57:07.593 32342 32360 I Unity   : Handle cmd APP_CMD_GAINED_FOCUS(7)
06-02 15:57:07.593 32342 32360 I Unity   : Handle cmd APP_CMD_WINDOW_INSETS_CHANGED(17)
06-02 15:57:07.593 32342 32360 I Unity   : Handle cmd APP_CMD_WINDOW_INSETS_CHANGED(17)
06-02 15:57:07.593 32342 32360 I Unity   : Handle cmd APP_CMD_WINDOW_INSETS_CHANGED(17)
06-02 15:57:08.588 32342 32360 I Unity   : SetGameState: isLoading: true, mode: UNKNOWN, label: 0, quality: 0
06-02 15:57:10.263 32342 32360 I Unity   : [GameManager] Awake in scene: Boot
06-02 15:57:10.263 32342 32360 I Unity   : UnityEngine.Debug:ExtractStackTraceNoAlloc (byte*,int,string)
06-02 15:57:10.263 32342 32360 I Unity   : UnityEngine.StackTraceUtility:ExtractStackTrace () (at /home/bokken/build/output/unity/unity/Runtime/Export/Scripting/StackTrace.cs:35)
06-02 15:57:10.263 32342 32360 I Unity   : UnityEngine.DebugLogHandler:Internal_Log (UnityEngine.LogType,UnityEngine.LogOption,string,UnityEngine.Object)
06-02 15:57:10.263 32342 32360 I Unity   : UnityEngine.DebugLogHandler:LogFormat (UnityEngine.LogType,UnityEngine.Object,string,object[]) (at /home/bokken/build/output/unity/unity/Runtime/Export/Logging/DebugLogHandler.cs:9)
06-02 15:57:10.263 32342 32360 I Unity   : UnityEngine.Logger:Log (UnityEngine.LogType,object) (at /home/bokken/build/output/unity/unity/Runtime/Export/Logging/Logger.cs:60)
06-02 15:57:10.263 32342 32360 I Unity   : UnityEngine.Debug:Log (object) (at /home/bokken/build/output/unity/unity/Runtime/Export/Debug/Debug.bindings.cs:123)
06-02 15:57:10.263 32342 32360 I Unity   : GameManager:Awake () (at C:/Games/UnityProject/OrbitDrop3D/Assets/Scripts/Core/GameManager.cs:34)
06-02 15:57:10.263 32342 32360 I Unity   : 
06-02 15:57:10.263 32342 32360 I Unity   : (Filename: /home/bokken/build/output/unity/unity/Runtime/Export/Debug/Debug.bindings.cs Line: 123)
06-02 15:57:10.263 32342 32360 I Unity   : 
06-02 15:57:10.291 32342 32360 I Unity   : [GameManager] OnSceneLoaded: Boot  State=MainMenu
06-02 15:57:10.291 32342 32360 I Unity   : UnityEngine.Debug:ExtractStackTraceNoAlloc (byte*,int,string)
06-02 15:57:10.291 32342 32360 I Unity   : UnityEngine.StackTraceUtility:ExtractStackTrace () (at /home/bokken/build/output/unity/unity/Runtime/Export/Scripting/StackTrace.cs:35)
06-02 15:57:10.291 32342 32360 I Unity   : UnityEngine.DebugLogHandler:Internal_Log (UnityEngine.LogType,UnityEngine.LogOption,string,UnityEngine.Object)
06-02 15:57:10.291 32342 32360 I Unity   : UnityEngine.DebugLogHandler:LogFormat (UnityEngine.LogType,UnityEngine.Object,string,object[]) (at /home/bokken/build/output/unity/unity/Runtime/Export/Logging/DebugLogHandler.cs:9)
06-02 15:57:10.291 32342 32360 I Unity   : UnityEngine.Logger:Log (UnityEngine.LogType,object) (at /home/bokken/build/output/unity/unity/Runtime/Export/Logging/Logger.cs:60)
06-02 15:57:10.291 32342 32360 I Unity   : UnityEngine.Debug:Log (object) (at /home/bokken/build/output/unity/unity/Runtime/Export/Debug/Debug.bindings.cs:123)
06-02 15:57:10.291 32342 32360 I Unity   : GameManager:OnSceneLoaded (UnityEngine.SceneManagement.Scene,UnityEngine.SceneManagement.LoadSceneMode) (at C:/Games/UnityProject/OrbitDrop3D/Assets/Scripts/Core/GameManager.cs:65)
06-02 15:57:10.291 32342 32360 I Unity   : UnityEngine.SceneManagement.SceneManager:Internal_Sce
06-02 15:57:10.291 32342 32360 I Unity   : SetGameState: isLoading: false, mode: UNKNOWN, label: 0, quality: 0
06-02 15:57:10.395 32342 32360 I Unity   : [GameManager] Start in scene: Boot
06-02 15:57:10.395 32342 32360 I Unity   : UnityEngine.Debug:ExtractStackTraceNoAlloc (byte*,int,string)
06-02 15:57:10.395 32342 32360 I Unity   : UnityEngine.StackTraceUtility:ExtractStackTrace () (at /home/bokken/build/output/unity/unity/Runtime/Export/Scripting/StackTrace.cs:35)
06-02 15:57:10.395 32342 32360 I Unity   : UnityEngine.DebugLogHandler:Internal_Log (UnityEngine.LogType,UnityEngine.LogOption,string,UnityEngine.Object)
06-02 15:57:10.395 32342 32360 I Unity   : UnityEngine.DebugLogHandler:LogFormat (UnityEngine.LogType,UnityEngine.Object,string,object[]) (at /home/bokken/build/output/unity/unity/Runtime/Export/Logging/DebugLogHandler.cs:9)
06-02 15:57:10.395 32342 32360 I Unity   : UnityEngine.Logger:Log (UnityEngine.LogType,object) (at /home/bokken/build/output/unity/unity/Runtime/Export/Logging/Logger.cs:60)
06-02 15:57:10.395 32342 32360 I Unity   : UnityEngine.Debug:Log (object) (at /home/bokken/build/output/unity/unity/Runtime/Export/Debug/Debug.bindings.cs:123)
06-02 15:57:10.395 32342 32360 I Unity   : GameManager:Start () (at C:/Games/UnityProject/OrbitDrop3D/Assets/Scripts/Core/GameManager.cs:50)
06-02 15:57:10.395 32342 32360 I Unity   : 
06-02 15:57:10.395 32342 32360 I Unity   : (Filename: /home/bokken/build/output/unity/unity/Runtime/Export/Debug/Debug.bindings.cs Line: 123)
06-02 15:57:10.395 32342 32360 I Unity   : 
06-02 15:57:10.400 32342 32360 I Unity   : [GameManager] State -> MainMenu  Level=1  Lives=0
06-02 15:57:10.400 32342 32360 I Unity   : UnityEngine.Debug:ExtractStackTraceNoAlloc (byte*,int,string)
06-02 15:57:10.400 32342 32360 I Unity   : UnityEngine.StackTraceUtility:ExtractStackTrace () (at /home/bokken/build/output/unity/unity/Runtime/Export/Scripting/StackTrace.cs:35)
06-02 15:57:10.400 32342 32360 I Unity   : UnityEngine.DebugLogHandler:Internal_Log (UnityEngine.LogType,UnityEngine.LogOption,string,UnityEngine.Object)
06-02 15:57:10.400 32342 32360 I Unity   : UnityEngine.DebugLogHandler:LogFormat (UnityEngine.LogType,UnityEngine.Object,string,object[]) (at /home/bokken/build/output/unity/unity/Runtime/Export/Logging/DebugLogHandler.cs:9)
06-02 15:57:10.400 32342 32360 I Unity   : UnityEngine.Logger:Log (UnityEngine.LogType,object) (at /home/bokken/build/output/unity/unity/Runtime/Export/Logging/Logger.cs:60)
06-02 15:57:10.400 32342 32360 I Unity   : UnityEngine.Debug:Log (object) (at /home/bokken/build/output/unity/unity/Runtime/Export/Debug/Debug.bindings.cs:123)
06-02 15:57:10.400 32342 32360 I Unity   : GameManager:SetState (GameManager/GameState) (at C:/Games/UnityProject/OrbitDrop3D/Assets/Scripts/Core/GameManager.cs:174)
06-02 15:57:10.400 32342 32360 I Unity   : GameManager:Start () (at C:/Games/UnityProject/OrbitDrop3D/Assets/Scripts/Core/GameManager.cs:59)
06-02 15:57:10.400 32342 32360 I Unity   : 
06-02 15:57:10.400 32342 32360 I Unity   : (Filename: /
06-02 15:57:10.407 32342 32360 I Unity   : SetGameState: isLoading: true, mode: UNKNOWN, label: 1, quality: 0
06-02 15:57:12.868 32342 32360 I Unity   : Handle cmd APP_CMD_WINDOW_INSETS_CHANGED(17)
06-02 15:57:12.869 32342 32360 I Unity   : Handle cmd APP_CMD_WINDOW_INSETS_CHANGED(17)
06-02 15:57:12.906 32342 32360 I Unity   : Handle cmd APP_CMD_WINDOW_INSETS_CHANGED(17)
06-02 15:57:12.906 32342 32360 I Unity   : Handle cmd APP_CMD_WINDOW_INSETS_CHANGED(17)
06-02 15:57:14.964 32342 32360 I Unity   : [GameManager] OnSceneLoaded: MainMenu  State=MainMenu
06-02 15:57:14.964 32342 32360 I Unity   : UnityEngine.Debug:ExtractStackTraceNoAlloc (byte*,int,string)
06-02 15:57:14.964 32342 32360 I Unity   : UnityEngine.StackTraceUtility:ExtractStackTrace () (at /home/bokken/build/output/unity/unity/Runtime/Export/Scripting/StackTrace.cs:35)
06-02 15:57:14.964 32342 32360 I Unity   : UnityEngine.DebugLogHandler:Internal_Log (UnityEngine.LogType,UnityEngine.LogOption,string,UnityEngine.Object)
06-02 15:57:14.964 32342 32360 I Unity   : UnityEngine.DebugLogHandler:LogFormat (UnityEngine.LogType,UnityEngine.Object,string,object[]) (at /home/bokken/build/output/unity/unity/Runtime/Export/Logging/DebugLogHandler.cs:9)
06-02 15:57:14.964 32342 32360 I Unity   : UnityEngine.Logger:Log (UnityEngine.LogType,object) (at /home/bokken/build/output/unity/unity/Runtime/Export/Logging/Logger.cs:60)
06-02 15:57:14.964 32342 32360 I Unity   : UnityEngine.Debug:Log (object) (at /home/bokken/build/output/unity/unity/Runtime/Export/Debug/Debug.bindings.cs:123)
06-02 15:57:14.964 32342 32360 I Unity   : GameManager:OnSceneLoaded (UnityEngine.SceneManagement.Scene,UnityEngine.SceneManagement.LoadSceneMode) (at C:/Games/UnityProject/OrbitDrop3D/Assets/Scripts/Core/GameManager.cs:65)
06-02 15:57:14.964 32342 32360 I Unity   : UnityEngine.SceneManagement.SceneManager:Internal
06-02 15:57:14.965 32342 32360 I Unity   : [GameManager] State -> MainMenu  Level=1  Lives=0
06-02 15:57:14.965 32342 32360 I Unity   : UnityEngine.Debug:ExtractStackTraceNoAlloc (byte*,int,string)
06-02 15:57:14.965 32342 32360 I Unity   : UnityEngine.StackTraceUtility:ExtractStackTrace () (at /home/bokken/build/output/unity/unity/Runtime/Export/Scripting/StackTrace.cs:35)
06-02 15:57:14.965 32342 32360 I Unity   : UnityEngine.DebugLogHandler:Internal_Log (UnityEngine.LogType,UnityEngine.LogOption,string,UnityEngine.Object)
06-02 15:57:14.965 32342 32360 I Unity   : UnityEngine.DebugLogHandler:LogFormat (UnityEngine.LogType,UnityEngine.Object,string,object[]) (at /home/bokken/build/output/unity/unity/Runtime/Export/Logging/DebugLogHandler.cs:9)
06-02 15:57:14.965 32342 32360 I Unity   : UnityEngine.Logger:Log (UnityEngine.LogType,object) (at /home/bokken/build/output/unity/unity/Runtime/Export/Logging/Logger.cs:60)
06-02 15:57:14.965 32342 32360 I Unity   : UnityEngine.Debug:Log (object) (at /home/bokken/build/output/unity/unity/Runtime/Export/Debug/Debug.bindings.cs:123)
06-02 15:57:14.965 32342 32360 I Unity   : GameManager:SetState (GameManager/GameState) (at C:/Games/UnityProject/OrbitDrop3D/Assets/Scripts/Core/GameManager.cs:174)
06-02 15:57:14.965 32342 32360 I Unity   : GameManager:OnSceneLoaded (UnityEngine.SceneManagement.Scene,UnityEngine.SceneManagement.LoadSceneMode) (at C:/
06-02 15:57:14.966 32342 32360 I Unity   : SetGameState: isLoading: false, mode: UNKNOWN, label: 1, quality: 0
06-02 15:57:15.778 32342 32360 I Unity   : SetGameState: isLoading: true, mode: UNKNOWN, label: 2, quality: 0
06-02 15:57:15.909 32342 32360 I Unity   : [GameManager] OnSceneLoaded: LevelSelected  State=MainMenu
06-02 15:57:15.909 32342 32360 I Unity   : UnityEngine.Debug:ExtractStackTraceNoAlloc (byte*,int,string)
06-02 15:57:15.909 32342 32360 I Unity   : UnityEngine.StackTraceUtility:ExtractStackTrace () (at /home/bokken/build/output/unity/unity/Runtime/Export/Scripting/StackTrace.cs:35)
06-02 15:57:15.909 32342 32360 I Unity   : UnityEngine.DebugLogHandler:Internal_Log (UnityEngine.LogType,UnityEngine.LogOption,string,UnityEngine.Object)
06-02 15:57:15.909 32342 32360 I Unity   : UnityEngine.DebugLogHandler:LogFormat (UnityEngine.LogType,UnityEngine.Object,string,object[]) (at /home/bokken/build/output/unity/unity/Runtime/Export/Logging/DebugLogHandler.cs:9)
06-02 15:57:15.909 32342 32360 I Unity   : UnityEngine.Logger:Log (UnityEngine.LogType,object) (at /home/bokken/build/output/unity/unity/Runtime/Export/Logging/Logger.cs:60)
06-02 15:57:15.909 32342 32360 I Unity   : UnityEngine.Debug:Log (object) (at /home/bokken/build/output/unity/unity/Runtime/Export/Debug/Debug.bindings.cs:123)
06-02 15:57:15.909 32342 32360 I Unity   : GameManager:OnSceneLoaded (UnityEngine.SceneManagement.Scene,UnityEngine.SceneManagement.LoadSceneMode) (at C:/Games/UnityProject/OrbitDrop3D/Assets/Scripts/Core/GameManager.cs:65)
06-02 15:57:15.909 32342 32360 I Unity   : UnityEngine.SceneManagement.SceneManager:Int
06-02 15:57:15.914 32342 32360 I Unity   : SetGameState: isLoading: false, mode: UNKNOWN, label: 2, quality: 0
06-02 15:57:16.925 32342 32360 I Unity   : SetGameState: isLoading: true, mode: UNKNOWN, label: 3, quality: 0
06-02 15:57:17.311 32342 32360 I Unity   : [GameManager] Awake in scene: Game
06-02 15:57:17.311 32342 32360 I Unity   : UnityEngine.Debug:ExtractStackTraceNoAlloc (byte*,int,string)
06-02 15:57:17.311 32342 32360 I Unity   : UnityEngine.StackTraceUtility:ExtractStackTrace () (at /home/bokken/build/output/unity/unity/Runtime/Export/Scripting/StackTrace.cs:35)
06-02 15:57:17.311 32342 32360 I Unity   : UnityEngine.DebugLogHandler:Internal_Log (UnityEngine.LogType,UnityEngine.LogOption,string,UnityEngine.Object)
06-02 15:57:17.311 32342 32360 I Unity   : UnityEngine.DebugLogHandler:LogFormat (UnityEngine.LogType,UnityEngine.Object,string,object[]) (at /home/bokken/build/output/unity/unity/Runtime/Export/Logging/DebugLogHandler.cs:9)
06-02 15:57:17.311 32342 32360 I Unity   : UnityEngine.Logger:Log (UnityEngine.LogType,object) (at /home/bokken/build/output/unity/unity/Runtime/Export/Logging/Logger.cs:60)
06-02 15:57:17.311 32342 32360 I Unity   : UnityEngine.Debug:Log (object) (at /home/bokken/build/output/unity/unity/Runtime/Export/Debug/Debug.bindings.cs:123)
06-02 15:57:17.311 32342 32360 I Unity   : GameManager:Awake () (at C:/Games/UnityProject/OrbitDrop3D/Assets/Scripts/Core/GameManager.cs:34)
06-02 15:57:17.311 32342 32360 I Unity   : 
06-02 15:57:17.311 32342 32360 I Unity   : (Filename: /home/bokken/build/output/unity/unity/Runtime/Export/Debug/Debug.bindings.cs Line: 123)
06-02 15:57:17.311 32342 32360 I Unity   : 
06-02 15:57:17.313 32342 32360 I Unity   : [EnemySpawner] Awake — existingInstance=NULL thisActive=True
06-02 15:57:17.313 32342 32360 I Unity   : UnityEngine.Debug:ExtractStackTraceNoAlloc (byte*,int,string)
06-02 15:57:17.313 32342 32360 I Unity   : UnityEngine.StackTraceUtility:ExtractStackTrace () (at /home/bokken/build/output/unity/unity/Runtime/Export/Scripting/StackTrace.cs:35)
06-02 15:57:17.313 32342 32360 I Unity   : UnityEngine.DebugLogHandler:Internal_Log (UnityEngine.LogType,UnityEngine.LogOption,string,UnityEngine.Object)
06-02 15:57:17.313 32342 32360 I Unity   : UnityEngine.DebugLogHandler:LogFormat (UnityEngine.LogType,UnityEngine.Object,string,object[]) (at /home/bokken/build/output/unity/unity/Runtime/Export/Logging/DebugLogHandler.cs:9)
06-02 15:57:17.313 32342 32360 I Unity   : UnityEngine.Logger:Log (UnityEngine.LogType,object) (at /home/bokken/build/output/unity/unity/Runtime/Export/Logging/Logger.cs:60)
06-02 15:57:17.313 32342 32360 I Unity   : UnityEngine.Debug:Log (object) (at /home/bokken/build/output/unity/unity/Runtime/Export/Debug/Debug.bindings.cs:123)
06-02 15:57:17.313 32342 32360 I Unity   : EnemySpawner:Awake () (at C:/Games/UnityProject/OrbitDrop3D/Assets/Scripts/Gameplay/EnemySpawner.cs:15)
06-02 15:57:17.313 32342 32360 I Unity   : 
06-02 15:57:17.313 32342 32360 I Unity   : (Filename: /home/bokken/build/output/unity/unity/Runtime/Export/Debug/Debug.bindings.cs Line: 123)
06-02 15:57:17.313 32342 32360 I Unity   : 
06-02 15:57:17.313 32342 32360 I Unity   : [EnemySpawner] Instance set — DontDestroyOnLoad applied.
06-02 15:57:17.313 32342 32360 I Unity   : UnityEngine.Debug:ExtractStackTraceNoAlloc (byte*,int,string)
06-02 15:57:17.313 32342 32360 I Unity   : UnityEngine.StackTraceUtility:ExtractStackTrace () (at /home/bokken/build/output/unity/unity/Runtime/Export/Scripting/StackTrace.cs:35)
06-02 15:57:17.313 32342 32360 I Unity   : UnityEngine.DebugLogHandler:Internal_Log (UnityEngine.LogType,UnityEngine.LogOption,string,UnityEngine.Object)
06-02 15:57:17.313 32342 32360 I Unity   : UnityEngine.DebugLogHandler:LogFormat (UnityEngine.LogType,UnityEngine.Object,string,object[]) (at /home/bokken/build/output/unity/unity/Runtime/Export/Logging/DebugLogHandler.cs:9)
06-02 15:57:17.313 32342 32360 I Unity   : UnityEngine.Logger:Log (UnityEngine.LogType,object) (at /home/bokken/build/output/unity/unity/Runtime/Export/Logging/Logger.cs:60)
06-02 15:57:17.313 32342 32360 I Unity   : UnityEngine.Debug:Log (object) (at /home/bokken/build/output/unity/unity/Runtime/Export/Debug/Debug.bindings.cs:123)
06-02 15:57:17.313 32342 32360 I Unity   : EnemySpawner:Awake () (at C:/Games/UnityProject/OrbitDrop3D/Assets/Scripts/Gameplay/EnemySpawner.cs:24)
06-02 15:57:17.313 32342 32360 I Unity   : 
06-02 15:57:17.313 32342 32360 I Unity   : (Filename: /home/bokken/build/output/unity/unity/Runtime/Export/Debug/Debug.bindings.cs Line: 123)
06-02 15:57:17.313 32342 32360 I Unity   : 
06-02 15:57:17.315 32342 32360 I Unity   : CardPopupAnimation ready on Card
06-02 15:57:17.315 32342 32360 I Unity   : UnityEngine.Debug:ExtractStackTraceNoAlloc (byte*,int,string)
06-02 15:57:17.315 32342 32360 I Unity   : UnityEngine.StackTraceUtility:ExtractStackTrace () (at /home/bokken/build/output/unity/unity/Runtime/Export/Scripting/StackTrace.cs:35)
06-02 15:57:17.315 32342 32360 I Unity   : UnityEngine.DebugLogHandler:Internal_Log (UnityEngine.LogType,UnityEngine.LogOption,string,UnityEngine.Object)
06-02 15:57:17.315 32342 32360 I Unity   : UnityEngine.DebugLogHandler:LogFormat (UnityEngine.LogType,UnityEngine.Object,string,object[]) (at /home/bokken/build/output/unity/unity/Runtime/Export/Logging/DebugLogHandler.cs:9)
06-02 15:57:17.315 32342 32360 I Unity   : UnityEngine.Logger:Log (UnityEngine.LogType,object) (at /home/bokken/build/output/unity/unity/Runtime/Export/Logging/Logger.cs:60)
06-02 15:57:17.315 32342 32360 I Unity   : UnityEngine.Debug:Log (object) (at /home/bokken/build/output/unity/unity/Runtime/Export/Debug/Debug.bindings.cs:123)
06-02 15:57:17.315 32342 32360 I Unity   : CardPopupAnimation:Awake () (at C:/Games/UnityProject/OrbitDrop3D/Assets/Scripts/UI/CardPopupAnimation.cs:42)
06-02 15:57:17.315 32342 32360 I Unity   : 
06-02 15:57:17.315 32342 32360 I Unity   : (Filename: /home/bokken/build/output/unity/unity/Runtime/Export/Debug/Debug.bindings.cs Line: 123)
06-02 15:57:17.315 32342 32360 I Unity   : 
06-02 15:57:17.322 32342 32360 I Unity   : CardPopupAnimation ready on Glowborder
06-02 15:57:17.322 32342 32360 I Unity   : UnityEngine.Debug:ExtractStackTraceNoAlloc (byte*,int,string)
06-02 15:57:17.322 32342 32360 I Unity   : UnityEngine.StackTraceUtility:ExtractStackTrace () (at /home/bokken/build/output/unity/unity/Runtime/Export/Scripting/StackTrace.cs:35)
06-02 15:57:17.322 32342 32360 I Unity   : UnityEngine.DebugLogHandler:Internal_Log (UnityEngine.LogType,UnityEngine.LogOption,string,UnityEngine.Object)
06-02 15:57:17.322 32342 32360 I Unity   : UnityEngine.DebugLogHandler:LogFormat (UnityEngine.LogType,UnityEngine.Object,string,object[]) (at /home/bokken/build/output/unity/unity/Runtime/Export/Logging/DebugLogHandler.cs:9)
06-02 15:57:17.322 32342 32360 I Unity   : UnityEngine.Logger:Log (UnityEngine.LogType,object) (at /home/bokken/build/output/unity/unity/Runtime/Export/Logging/Logger.cs:60)
06-02 15:57:17.322 32342 32360 I Unity   : UnityEngine.Debug:Log (object) (at /home/bokken/build/output/unity/unity/Runtime/Export/Debug/Debug.bindings.cs:123)
06-02 15:57:17.322 32342 32360 I Unity   : CardPopupAnimation:Awake () (at C:/Games/UnityProject/OrbitDrop3D/Assets/Scripts/UI/CardPopupAnimation.cs:42)
06-02 15:57:17.322 32342 32360 I Unity   : 
06-02 15:57:17.322 32342 32360 I Unity   : (Filename: /home/bokken/build/output/unity/unity/Runtime/Export/Debug/Debug.bindings.cs Line: 123)
06-02 15:57:17.322 32342 32360 I Unity   : 
06-02 15:57:17.330 32342 32360 I Unity   : CardPopupAnimation ready on Card
06-02 15:57:17.330 32342 32360 I Unity   : UnityEngine.Debug:ExtractStackTraceNoAlloc (byte*,int,string)
06-02 15:57:17.330 32342 32360 I Unity   : UnityEngine.StackTraceUtility:ExtractStackTrace () (at /home/bokken/build/output/unity/unity/Runtime/Export/Scripting/StackTrace.cs:35)
06-02 15:57:17.330 32342 32360 I Unity   : UnityEngine.DebugLogHandler:Internal_Log (UnityEngine.LogType,UnityEngine.LogOption,string,UnityEngine.Object)
06-02 15:57:17.330 32342 32360 I Unity   : UnityEngine.DebugLogHandler:LogFormat (UnityEngine.LogType,UnityEngine.Object,string,object[]) (at /home/bokken/build/output/unity/unity/Runtime/Export/Logging/DebugLogHandler.cs:9)
06-02 15:57:17.330 32342 32360 I Unity   : UnityEngine.Logger:Log (UnityEngine.LogType,object) (at /home/bokken/build/output/unity/unity/Runtime/Export/Logging/Logger.cs:60)
06-02 15:57:17.330 32342 32360 I Unity   : UnityEngine.Debug:Log (object) (at /home/bokken/build/output/unity/unity/Runtime/Export/Debug/Debug.bindings.cs:123)
06-02 15:57:17.330 32342 32360 I Unity   : CardPopupAnimation:Awake () (at C:/Games/UnityProject/OrbitDrop3D/Assets/Scripts/UI/CardPopupAnimation.cs:42)
06-02 15:57:17.330 32342 32360 I Unity   : 
06-02 15:57:17.330 32342 32360 I Unity   : (Filename: /home/bokken/build/output/unity/unity/Runtime/Export/Debug/Debug.bindings.cs Line: 123)
06-02 15:57:17.330 32342 32360 I Unity   : 
06-02 15:57:17.341 32342 32360 I Unity   : [GameManager] OnSceneLoaded: Game  State=MainMenu
06-02 15:57:17.341 32342 32360 I Unity   : UnityEngine.Debug:ExtractStackTraceNoAlloc (byte*,int,string)
06-02 15:57:17.341 32342 32360 I Unity   : UnityEngine.StackTraceUtility:ExtractStackTrace () (at /home/bokken/build/output/unity/unity/Runtime/Export/Scripting/StackTrace.cs:35)
06-02 15:57:17.341 32342 32360 I Unity   : UnityEngine.DebugLogHandler:Internal_Log (UnityEngine.LogType,UnityEngine.LogOption,string,UnityEngine.Object)
06-02 15:57:17.341 32342 32360 I Unity   : UnityEngine.DebugLogHandler:LogFormat (UnityEngine.LogType,UnityEngine.Object,string,object[]) (at /home/bokken/build/output/unity/unity/Runtime/Export/Logging/DebugLogHandler.cs:9)
06-02 15:57:17.341 32342 32360 I Unity   : UnityEngine.Logger:Log (UnityEngine.LogType,object) (at /home/bokken/build/output/unity/unity/Runtime/Export/Logging/Logger.cs:60)
06-02 15:57:17.341 32342 32360 I Unity   : UnityEngine.Debug:Log (object) (at /home/bokken/build/output/unity/unity/Runtime/Export/Debug/Debug.bindings.cs:123)
06-02 15:57:17.341 32342 32360 I Unity   : GameManager:OnSceneLoaded (UnityEngine.SceneManagement.Scene,UnityEngine.SceneManagement.LoadSceneMode) (at C:/Games/UnityProject/OrbitDrop3D/Assets/Scripts/Core/GameManager.cs:65)
06-02 15:57:17.341 32342 32360 I Unity   : UnityEngine.SceneManagement.SceneManager:Internal_Sce
06-02 15:57:17.343 32342 32360 I Unity   : [GameManager] State -> Playing  Level=11  Lives=3
06-02 15:57:17.343 32342 32360 I Unity   : UnityEngine.Debug:ExtractStackTraceNoAlloc (byte*,int,string)
06-02 15:57:17.343 32342 32360 I Unity   : UnityEngine.StackTraceUtility:ExtractStackTrace () (at /home/bokken/build/output/unity/unity/Runtime/Export/Scripting/StackTrace.cs:35)
06-02 15:57:17.343 32342 32360 I Unity   : UnityEngine.DebugLogHandler:Internal_Log (UnityEngine.LogType,UnityEngine.LogOption,string,UnityEngine.Object)
06-02 15:57:17.343 32342 32360 I Unity   : UnityEngine.DebugLogHandler:LogFormat (UnityEngine.LogType,UnityEngine.Object,string,object[]) (at /home/bokken/build/output/unity/unity/Runtime/Export/Logging/DebugLogHandler.cs:9)
06-02 15:57:17.343 32342 32360 I Unity   : UnityEngine.Logger:Log (UnityEngine.LogType,object) (at /home/bokken/build/output/unity/unity/Runtime/Export/Logging/Logger.cs:60)
06-02 15:57:17.343 32342 32360 I Unity   : UnityEngine.Debug:Log (object) (at /home/bokken/build/output/unity/unity/Runtime/Export/Debug/Debug.bindings.cs:123)
06-02 15:57:17.343 32342 32360 I Unity   : GameManager:SetState (GameManager/GameState) (at C:/Games/UnityProject/OrbitDrop3D/Assets/Scripts/Core/GameManager.cs:174)
06-02 15:57:17.343 32342 32360 I Unity   : GameManager:BeginGame () (at C:/Games/UnityProject/OrbitDrop3D/Assets/Scripts/Core/GameManager.cs:87)
06-02 15:57:17.343 32342 32360 I Unity   : GameManag
06-02 15:57:17.344 32342 32360 I Unity   : [LevelManager] LoadLevel(11)
06-02 15:57:17.344 32342 32360 I Unity   : UnityEngine.Debug:ExtractStackTraceNoAlloc (byte*,int,string)
06-02 15:57:17.344 32342 32360 I Unity   : UnityEngine.StackTraceUtility:ExtractStackTrace () (at /home/bokken/build/output/unity/unity/Runtime/Export/Scripting/StackTrace.cs:35)
06-02 15:57:17.344 32342 32360 I Unity   : UnityEngine.DebugLogHandler:Internal_Log (UnityEngine.LogType,UnityEngine.LogOption,string,UnityEngine.Object)
06-02 15:57:17.344 32342 32360 I Unity   : UnityEngine.DebugLogHandler:LogFormat (UnityEngine.LogType,UnityEngine.Object,string,object[]) (at /home/bokken/build/output/unity/unity/Runtime/Export/Logging/DebugLogHandler.cs:9)
06-02 15:57:17.344 32342 32360 I Unity   : UnityEngine.Logger:Log (UnityEngine.LogType,object) (at /home/bokken/build/output/unity/unity/Runtime/Export/Logging/Logger.cs:60)
06-02 15:57:17.344 32342 32360 I Unity   : UnityEngine.Debug:Log (object) (at /home/bokken/build/output/unity/unity/Runtime/Export/Debug/Debug.bindings.cs:123)
06-02 15:57:17.344 32342 32360 I Unity   : LevelManager:LoadLevel (int) (at C:/Games/UnityProject/OrbitDrop3D/Assets/Scripts/Core/LevelManager.cs:135)
06-02 15:57:17.344 32342 32360 I Unity   : GameManager:BeginGame () (at C:/Games/UnityProject/OrbitDrop3D/Assets/Scripts/Core/GameManager.cs:88)
06-02 15:57:17.344 32342 32360 I Unity   : GameManager:OnSceneLoaded (UnityEngine.SceneM
06-02 15:57:17.366 32342 32360 I Unity   : [LevelManager] Camera  pos=(0.00,0.00)  orthoSize=6.09  aspect=0.46  |  bounds  top=6.09  bottom=-6.09  left=-2.81  right=2.81
06-02 15:57:17.366 32342 32360 I Unity   : UnityEngine.Debug:ExtractStackTraceNoAlloc (byte*,int,string)
06-02 15:57:17.366 32342 32360 I Unity   : UnityEngine.StackTraceUtility:ExtractStackTrace () (at /home/bokken/build/output/unity/unity/Runtime/Export/Scripting/StackTrace.cs:35)
06-02 15:57:17.366 32342 32360 I Unity   : UnityEngine.DebugLogHandler:Internal_Log (UnityEngine.LogType,UnityEngine.LogOption,string,UnityEngine.Object)
06-02 15:57:17.366 32342 32360 I Unity   : UnityEngine.DebugLogHandler:LogFormat (UnityEngine.LogType,UnityEngine.Object,string,object[]) (at /home/bokken/build/output/unity/unity/Runtime/Export/Logging/DebugLogHandler.cs:9)
06-02 15:57:17.366 32342 32360 I Unity   : UnityEngine.Logger:Log (UnityEngine.LogType,object) (at /home/bokken/build/output/unity/unity/Runtime/Export/Logging/Logger.cs:60)
06-02 15:57:17.366 32342 32360 I Unity   : UnityEngine.Debug:Log (object) (at /home/bokken/build/output/unity/unity/Runtime/Export/Debug/Debug.bindings.cs:123)
06-02 15:57:17.366 32342 32360 I Unity   : LevelManager:LogCameraBounds (UnityEngine.Camera) (at C:/Games/UnityProject/OrbitDrop3D/Assets/Scripts/Core/LevelManager.cs:265)
06-02 15:57:17.366 32342 32360 I Unity   : LevelManager:SpawnTargets (L
06-02 15:57:17.370 32342 32360 I Unity   : [LevelManager] TargetRing[0] spawned at (1.79, -3.08)
06-02 15:57:17.370 32342 32360 I Unity   : UnityEngine.Debug:ExtractStackTraceNoAlloc (byte*,int,string)
06-02 15:57:17.370 32342 32360 I Unity   : UnityEngine.StackTraceUtility:ExtractStackTrace () (at /home/bokken/build/output/unity/unity/Runtime/Export/Scripting/StackTrace.cs:35)
06-02 15:57:17.370 32342 32360 I Unity   : UnityEngine.DebugLogHandler:Internal_Log (UnityEngine.LogType,UnityEngine.LogOption,string,UnityEngine.Object)
06-02 15:57:17.370 32342 32360 I Unity   : UnityEngine.DebugLogHandler:LogFormat (UnityEngine.LogType,UnityEngine.Object,string,object[]) (at /home/bokken/build/output/unity/unity/Runtime/Export/Logging/DebugLogHandler.cs:9)
06-02 15:57:17.370 32342 32360 I Unity   : UnityEngine.Logger:Log (UnityEngine.LogType,object) (at /home/bokken/build/output/unity/unity/Runtime/Export/Logging/Logger.cs:60)
06-02 15:57:17.370 32342 32360 I Unity   : UnityEngine.Debug:Log (object) (at /home/bokken/build/output/unity/unity/Runtime/Export/Debug/Debug.bindings.cs:123)
06-02 15:57:17.370 32342 32360 I Unity   : LevelManager:SpawnTargets (LevelManager/LevelConfig) (at C:/Games/UnityProject/OrbitDrop3D/Assets/Scripts/Core/LevelManager.cs:254)
06-02 15:57:17.370 32342 32360 I Unity   : LevelManager:LoadLevel (int) (at C:/Games/UnityProject/OrbitDrop3D/Assets/Scripts/Core/LevelManage
06-02 15:57:17.370 32342 32360 I Unity   : [LevelManager] TargetRing[1] spawned at (1.07, 3.33)
06-02 15:57:17.370 32342 32360 I Unity   : UnityEngine.Debug:ExtractStackTraceNoAlloc (byte*,int,string)
06-02 15:57:17.370 32342 32360 I Unity   : UnityEngine.StackTraceUtility:ExtractStackTrace () (at /home/bokken/build/output/unity/unity/Runtime/Export/Scripting/StackTrace.cs:35)
06-02 15:57:17.370 32342 32360 I Unity   : UnityEngine.DebugLogHandler:Internal_Log (UnityEngine.LogType,UnityEngine.LogOption,string,UnityEngine.Object)
06-02 15:57:17.370 32342 32360 I Unity   : UnityEngine.DebugLogHandler:LogFormat (UnityEngine.LogType,UnityEngine.Object,string,object[]) (at /home/bokken/build/output/unity/unity/Runtime/Export/Logging/DebugLogHandler.cs:9)
06-02 15:57:17.370 32342 32360 I Unity   : UnityEngine.Logger:Log (UnityEngine.LogType,object) (at /home/bokken/build/output/unity/unity/Runtime/Export/Logging/Logger.cs:60)
06-02 15:57:17.370 32342 32360 I Unity   : UnityEngine.Debug:Log (object) (at /home/bokken/build/output/unity/unity/Runtime/Export/Debug/Debug.bindings.cs:123)
06-02 15:57:17.370 32342 32360 I Unity   : LevelManager:SpawnTargets (LevelManager/LevelConfig) (at C:/Games/UnityProject/OrbitDrop3D/Assets/Scripts/Core/LevelManager.cs:254)
06-02 15:57:17.370 32342 32360 I Unity   : LevelManager:LoadLevel (int) (at C:/Games/UnityProject/OrbitDrop3D/Assets/Scripts/Core/LevelManager
06-02 15:57:17.371 32342 32360 I Unity   : [LevelManager] TargetRing[2] spawned at (-1.44, -4.29)
06-02 15:57:17.371 32342 32360 I Unity   : UnityEngine.Debug:ExtractStackTraceNoAlloc (byte*,int,string)
06-02 15:57:17.371 32342 32360 I Unity   : UnityEngine.StackTraceUtility:ExtractStackTrace () (at /home/bokken/build/output/unity/unity/Runtime/Export/Scripting/StackTrace.cs:35)
06-02 15:57:17.371 32342 32360 I Unity   : UnityEngine.DebugLogHandler:Internal_Log (UnityEngine.LogType,UnityEngine.LogOption,string,UnityEngine.Object)
06-02 15:57:17.371 32342 32360 I Unity   : UnityEngine.DebugLogHandler:LogFormat (UnityEngine.LogType,UnityEngine.Object,string,object[]) (at /home/bokken/build/output/unity/unity/Runtime/Export/Logging/DebugLogHandler.cs:9)
06-02 15:57:17.371 32342 32360 I Unity   : UnityEngine.Logger:Log (UnityEngine.LogType,object) (at /home/bokken/build/output/unity/unity/Runtime/Export/Logging/Logger.cs:60)
06-02 15:57:17.371 32342 32360 I Unity   : UnityEngine.Debug:Log (object) (at /home/bokken/build/output/unity/unity/Runtime/Export/Debug/Debug.bindings.cs:123)
06-02 15:57:17.371 32342 32360 I Unity   : LevelManager:SpawnTargets (LevelManager/LevelConfig) (at C:/Games/UnityProject/OrbitDrop3D/Assets/Scripts/Core/LevelManager.cs:254)
06-02 15:57:17.371 32342 32360 I Unity   : LevelManager:LoadLevel (int) (at C:/Games/UnityProject/OrbitDrop3D/Assets/Scripts/Core/LevelManag
06-02 15:57:17.372 32342 32360 I Unity   : [LevelManager] TargetRing[3] spawned at (-2.00, -3.19)
06-02 15:57:17.372 32342 32360 I Unity   : UnityEngine.Debug:ExtractStackTraceNoAlloc (byte*,int,string)
06-02 15:57:17.372 32342 32360 I Unity   : UnityEngine.StackTraceUtility:ExtractStackTrace () (at /home/bokken/build/output/unity/unity/Runtime/Export/Scripting/StackTrace.cs:35)
06-02 15:57:17.372 32342 32360 I Unity   : UnityEngine.DebugLogHandler:Internal_Log (UnityEngine.LogType,UnityEngine.LogOption,string,UnityEngine.Object)
06-02 15:57:17.372 32342 32360 I Unity   : UnityEngine.DebugLogHandler:LogFormat (UnityEngine.LogType,UnityEngine.Object,string,object[]) (at /home/bokken/build/output/unity/unity/Runtime/Export/Logging/DebugLogHandler.cs:9)
06-02 15:57:17.372 32342 32360 I Unity   : UnityEngine.Logger:Log (UnityEngine.LogType,object) (at /home/bokken/build/output/unity/unity/Runtime/Export/Logging/Logger.cs:60)
06-02 15:57:17.372 32342 32360 I Unity   : UnityEngine.Debug:Log (object) (at /home/bokken/build/output/unity/unity/Runtime/Export/Debug/Debug.bindings.cs:123)
06-02 15:57:17.372 32342 32360 I Unity   : LevelManager:SpawnTargets (LevelManager/LevelConfig) (at C:/Games/UnityProject/OrbitDrop3D/Assets/Scripts/Core/LevelManager.cs:254)
06-02 15:57:17.372 32342 32360 I Unity   : LevelManager:LoadLevel (int) (at C:/Games/UnityProject/OrbitDrop3D/Assets/Scripts/Core/LevelManag
06-02 15:57:17.372 32342 32360 I Unity   : [LevelManager] TargetRing[4] spawned at (1.70, 3.83)
06-02 15:57:17.372 32342 32360 I Unity   : UnityEngine.Debug:ExtractStackTraceNoAlloc (byte*,int,string)
06-02 15:57:17.372 32342 32360 I Unity   : UnityEngine.StackTraceUtility:ExtractStackTrace () (at /home/bokken/build/output/unity/unity/Runtime/Export/Scripting/StackTrace.cs:35)
06-02 15:57:17.372 32342 32360 I Unity   : UnityEngine.DebugLogHandler:Internal_Log (UnityEngine.LogType,UnityEngine.LogOption,string,UnityEngine.Object)
06-02 15:57:17.372 32342 32360 I Unity   : UnityEngine.DebugLogHandler:LogFormat (UnityEngine.LogType,UnityEngine.Object,string,object[]) (at /home/bokken/build/output/unity/unity/Runtime/Export/Logging/DebugLogHandler.cs:9)
06-02 15:57:17.372 32342 32360 I Unity   : UnityEngine.Logger:Log (UnityEngine.LogType,object) (at /home/bokken/build/output/unity/unity/Runtime/Export/Logging/Logger.cs:60)
06-02 15:57:17.372 32342 32360 I Unity   : UnityEngine.Debug:Log (object) (at /home/bokken/build/output/unity/unity/Runtime/Export/Debug/Debug.bindings.cs:123)
06-02 15:57:17.372 32342 32360 I Unity   : LevelManager:SpawnTargets (LevelManager/LevelConfig) (at C:/Games/UnityProject/OrbitDrop3D/Assets/Scripts/Core/LevelManager.cs:254)
06-02 15:57:17.372 32342 32360 I Unity   : LevelManager:LoadLevel (int) (at C:/Games/UnityProject/OrbitDrop3D/Assets/Scripts/Core/LevelManager
06-02 15:57:17.373 32342 32360 I Unity   : [LevelManager] TargetRing[5] spawned at (-1.37, -3.04)
06-02 15:57:17.373 32342 32360 I Unity   : UnityEngine.Debug:ExtractStackTraceNoAlloc (byte*,int,string)
06-02 15:57:17.373 32342 32360 I Unity   : UnityEngine.StackTraceUtility:ExtractStackTrace () (at /home/bokken/build/output/unity/unity/Runtime/Export/Scripting/StackTrace.cs:35)
06-02 15:57:17.373 32342 32360 I Unity   : UnityEngine.DebugLogHandler:Internal_Log (UnityEngine.LogType,UnityEngine.LogOption,string,UnityEngine.Object)
06-02 15:57:17.373 32342 32360 I Unity   : UnityEngine.DebugLogHandler:LogFormat (UnityEngine.LogType,UnityEngine.Object,string,object[]) (at /home/bokken/build/output/unity/unity/Runtime/Export/Logging/DebugLogHandler.cs:9)
06-02 15:57:17.373 32342 32360 I Unity   : UnityEngine.Logger:Log (UnityEngine.LogType,object) (at /home/bokken/build/output/unity/unity/Runtime/Export/Logging/Logger.cs:60)
06-02 15:57:17.373 32342 32360 I Unity   : UnityEngine.Debug:Log (object) (at /home/bokken/build/output/unity/unity/Runtime/Export/Debug/Debug.bindings.cs:123)
06-02 15:57:17.373 32342 32360 I Unity   : LevelManager:SpawnTargets (LevelManager/LevelConfig) (at C:/Games/UnityProject/OrbitDrop3D/Assets/Scripts/Core/LevelManager.cs:254)
06-02 15:57:17.373 32342 32360 I Unity   : LevelManager:LoadLevel (int) (at C:/Games/UnityProject/OrbitDrop3D/Assets/Scripts/Core/LevelManag
06-02 15:57:17.373 32342 32360 I Unity   : [LevelManager] TargetRing[6] spawned at (0.64, 3.22)
06-02 15:57:17.373 32342 32360 I Unity   : UnityEngine.Debug:ExtractStackTraceNoAlloc (byte*,int,string)
06-02 15:57:17.373 32342 32360 I Unity   : UnityEngine.StackTraceUtility:ExtractStackTrace () (at /home/bokken/build/output/unity/unity/Runtime/Export/Scripting/StackTrace.cs:35)
06-02 15:57:17.373 32342 32360 I Unity   : UnityEngine.DebugLogHandler:Internal_Log (UnityEngine.LogType,UnityEngine.LogOption,string,UnityEngine.Object)
06-02 15:57:17.373 32342 32360 I Unity   : UnityEngine.DebugLogHandler:LogFormat (UnityEngine.LogType,UnityEngine.Object,string,object[]) (at /home/bokken/build/output/unity/unity/Runtime/Export/Logging/DebugLogHandler.cs:9)
06-02 15:57:17.373 32342 32360 I Unity   : UnityEngine.Logger:Log (UnityEngine.LogType,object) (at /home/bokken/build/output/unity/unity/Runtime/Export/Logging/Logger.cs:60)
06-02 15:57:17.373 32342 32360 I Unity   : UnityEngine.Debug:Log (object) (at /home/bokken/build/output/unity/unity/Runtime/Export/Debug/Debug.bindings.cs:123)
06-02 15:57:17.373 32342 32360 I Unity   : LevelManager:SpawnTargets (LevelManager/LevelConfig) (at C:/Games/UnityProject/OrbitDrop3D/Assets/Scripts/Core/LevelManager.cs:254)
06-02 15:57:17.373 32342 32360 I Unity   : LevelManager:LoadLevel (int) (at C:/Games/UnityProject/OrbitDrop3D/Assets/Scripts/Core/LevelManager
06-02 15:57:17.383 32342 32360 I Unity   : [EnemySpawner] StartSpawning called — level=11 gameObject.active=True enabled=False Instance=SET
06-02 15:57:17.383 32342 32360 I Unity   : UnityEngine.Debug:ExtractStackTraceNoAlloc (byte*,int,string)
06-02 15:57:17.383 32342 32360 I Unity   : UnityEngine.StackTraceUtility:ExtractStackTrace () (at /home/bokken/build/output/unity/unity/Runtime/Export/Scripting/StackTrace.cs:35)
06-02 15:57:17.383 32342 32360 I Unity   : UnityEngine.DebugLogHandler:Internal_Log (UnityEngine.LogType,UnityEngine.LogOption,string,UnityEngine.Object)
06-02 15:57:17.383 32342 32360 I Unity   : UnityEngine.DebugLogHandler:LogFormat (UnityEngine.LogType,UnityEngine.Object,string,object[]) (at /home/bokken/build/output/unity/unity/Runtime/Export/Logging/DebugLogHandler.cs:9)
06-02 15:57:17.383 32342 32360 I Unity   : UnityEngine.Logger:Log (UnityEngine.LogType,object) (at /home/bokken/build/output/unity/unity/Runtime/Export/Logging/Logger.cs:60)
06-02 15:57:17.383 32342 32360 I Unity   : UnityEngine.Debug:Log (object) (at /home/bokken/build/output/unity/unity/Runtime/Export/Debug/Debug.bindings.cs:123)
06-02 15:57:17.383 32342 32360 I Unity   : EnemySpawner:StartSpawning (int) (at C:/Games/UnityProject/OrbitDrop3D/Assets/Scripts/Gameplay/EnemySpawner.cs:34)
06-02 15:57:17.383 32342 32360 I Unity   : GameManager:BeginGame () (at C:/Games/UnityProject/OrbitDrop3D/Assets/
06-02 15:57:17.384 32342 32360 W Unity   : [EnemySpawner] Component was disabled — enabling now. Check the scene: EnemySpawner MonoBehaviour should be ticked.
06-02 15:57:17.384 32342 32360 W Unity   : UnityEngine.Debug:ExtractStackTraceNoAlloc (byte*,int,string)
06-02 15:57:17.384 32342 32360 W Unity   : UnityEngine.StackTraceUtility:ExtractStackTrace () (at /home/bokken/build/output/unity/unity/Runtime/Export/Scripting/StackTrace.cs:35)
06-02 15:57:17.384 32342 32360 W Unity   : UnityEngine.DebugLogHandler:Internal_Log (UnityEngine.LogType,UnityEngine.LogOption,string,UnityEngine.Object)
06-02 15:57:17.384 32342 32360 W Unity   : UnityEngine.DebugLogHandler:LogFormat (UnityEngine.LogType,UnityEngine.Object,string,object[]) (at /home/bokken/build/output/unity/unity/Runtime/Export/Logging/DebugLogHandler.cs:9)
06-02 15:57:17.384 32342 32360 W Unity   : UnityEngine.Logger:Log (UnityEngine.LogType,object) (at /home/bokken/build/output/unity/unity/Runtime/Export/Logging/Logger.cs:60)
06-02 15:57:17.384 32342 32360 W Unity   : UnityEngine.Debug:LogWarning (object) (at /home/bokken/build/output/unity/unity/Runtime/Export/Debug/Debug.bindings.cs:213)
06-02 15:57:17.384 32342 32360 W Unity   : EnemySpawner:StartSpawning (int) (at C:/Games/UnityProject/OrbitDrop3D/Assets/Scripts/Gameplay/EnemySpawner.cs:40)
06-02 15:57:17.384 32342 32360 W Unity   : GameManager:BeginGame () (at C:/Games/UnityP
06-02 15:57:17.387 32342 32360 I Unity   : [EnemySpawner] SpawnLoop ENTERED — level=11
06-02 15:57:17.387 32342 32360 I Unity   : UnityEngine.Debug:ExtractStackTraceNoAlloc (byte*,int,string)
06-02 15:57:17.387 32342 32360 I Unity   : UnityEngine.StackTraceUtility:ExtractStackTrace () (at /home/bokken/build/output/unity/unity/Runtime/Export/Scripting/StackTrace.cs:35)
06-02 15:57:17.387 32342 32360 I Unity   : UnityEngine.DebugLogHandler:Internal_Log (UnityEngine.LogType,UnityEngine.LogOption,string,UnityEngine.Object)
06-02 15:57:17.387 32342 32360 I Unity   : UnityEngine.DebugLogHandler:LogFormat (UnityEngine.LogType,UnityEngine.Object,string,object[]) (at /home/bokken/build/output/unity/unity/Runtime/Export/Logging/DebugLogHandler.cs:9)
06-02 15:57:17.387 32342 32360 I Unity   : UnityEngine.Logger:Log (UnityEngine.LogType,object) (at /home/bokken/build/output/unity/unity/Runtime/Export/Logging/Logger.cs:60)
06-02 15:57:17.387 32342 32360 I Unity   : UnityEngine.Debug:Log (object) (at /home/bokken/build/output/unity/unity/Runtime/Export/Debug/Debug.bindings.cs:123)
06-02 15:57:17.387 32342 32360 I Unity   : EnemySpawner/<SpawnLoop>d__8:MoveNext () (at C:/Games/UnityProject/OrbitDrop3D/Assets/Scripts/Gameplay/EnemySpawner.cs:64)
06-02 15:57:17.387 32342 32360 I Unity   : UnityEngine.SetupCoroutine:InvokeMoveNext (System.Collections.IEnumerator,intptr) (at /home/bokken/build/output/uni
06-02 15:57:17.389 32342 32360 I Unity   : [EnemySpawner] SpawnLoop waiting 8s — live enemies=0
06-02 15:57:17.389 32342 32360 I Unity   : UnityEngine.Debug:ExtractStackTraceNoAlloc (byte*,int,string)
06-02 15:57:17.389 32342 32360 I Unity   : UnityEngine.StackTraceUtility:ExtractStackTrace () (at /home/bokken/build/output/unity/unity/Runtime/Export/Scripting/StackTrace.cs:35)
06-02 15:57:17.389 32342 32360 I Unity   : UnityEngine.DebugLogHandler:Internal_Log (UnityEngine.LogType,UnityEngine.LogOption,string,UnityEngine.Object)
06-02 15:57:17.389 32342 32360 I Unity   : UnityEngine.DebugLogHandler:LogFormat (UnityEngine.LogType,UnityEngine.Object,string,object[]) (at /home/bokken/build/output/unity/unity/Runtime/Export/Logging/DebugLogHandler.cs:9)
06-02 15:57:17.389 32342 32360 I Unity   : UnityEngine.Logger:Log (UnityEngine.LogType,object) (at /home/bokken/build/output/unity/unity/Runtime/Export/Logging/Logger.cs:60)
06-02 15:57:17.389 32342 32360 I Unity   : UnityEngine.Debug:Log (object) (at /home/bokken/build/output/unity/unity/Runtime/Export/Debug/Debug.bindings.cs:123)
06-02 15:57:17.389 32342 32360 I Unity   : EnemySpawner/<SpawnLoop>d__8:MoveNext () (at C:/Games/UnityProject/OrbitDrop3D/Assets/Scripts/Gameplay/EnemySpawner.cs:69)
06-02 15:57:17.389 32342 32360 I Unity   : UnityEngine.SetupCoroutine:InvokeMoveNext (System.Collections.IEnumerator,intptr) (at /home/bokken/build/o
06-02 15:57:17.389 32342 32360 I Unity   : [EnemySpawner] SpawnLoop coroutine started for level=11.
06-02 15:57:17.389 32342 32360 I Unity   : UnityEngine.Debug:ExtractStackTraceNoAlloc (byte*,int,string)
06-02 15:57:17.389 32342 32360 I Unity   : UnityEngine.StackTraceUtility:ExtractStackTrace () (at /home/bokken/build/output/unity/unity/Runtime/Export/Scripting/StackTrace.cs:35)
06-02 15:57:17.389 32342 32360 I Unity   : UnityEngine.DebugLogHandler:Internal_Log (UnityEngine.LogType,UnityEngine.LogOption,string,UnityEngine.Object)
06-02 15:57:17.389 32342 32360 I Unity   : UnityEngine.DebugLogHandler:LogFormat (UnityEngine.LogType,UnityEngine.Object,string,object[]) (at /home/bokken/build/output/unity/unity/Runtime/Export/Logging/DebugLogHandler.cs:9)
06-02 15:57:17.389 32342 32360 I Unity   : UnityEngine.Logger:Log (UnityEngine.LogType,object) (at /home/bokken/build/output/unity/unity/Runtime/Export/Logging/Logger.cs:60)
06-02 15:57:17.389 32342 32360 I Unity   : UnityEngine.Debug:Log (object) (at /home/bokken/build/output/unity/unity/Runtime/Export/Debug/Debug.bindings.cs:123)
06-02 15:57:17.389 32342 32360 I Unity   : EnemySpawner:StartSpawning (int) (at C:/Games/UnityProject/OrbitDrop3D/Assets/Scripts/Gameplay/EnemySpawner.cs:52)
06-02 15:57:17.389 32342 32360 I Unity   : GameManager:BeginGame () (at C:/Games/UnityProject/OrbitDrop3D/Assets/Scripts/Core/GameManager.cs:94)
06-02 15:57:17.389 32342 32360 I Unity   : GameManage
06-02 15:57:17.390 32342 32360 I Unity   : [GameManager] BeginGame — Level=11 Lives=3
06-02 15:57:17.390 32342 32360 I Unity   : UnityEngine.Debug:ExtractStackTraceNoAlloc (byte*,int,string)
06-02 15:57:17.390 32342 32360 I Unity   : UnityEngine.StackTraceUtility:ExtractStackTrace () (at /home/bokken/build/output/unity/unity/Runtime/Export/Scripting/StackTrace.cs:35)
06-02 15:57:17.390 32342 32360 I Unity   : UnityEngine.DebugLogHandler:Internal_Log (UnityEngine.LogType,UnityEngine.LogOption,string,UnityEngine.Object)
06-02 15:57:17.390 32342 32360 I Unity   : UnityEngine.DebugLogHandler:LogFormat (UnityEngine.LogType,UnityEngine.Object,string,object[]) (at /home/bokken/build/output/unity/unity/Runtime/Export/Logging/DebugLogHandler.cs:9)
06-02 15:57:17.390 32342 32360 I Unity   : UnityEngine.Logger:Log (UnityEngine.LogType,object) (at /home/bokken/build/output/unity/unity/Runtime/Export/Logging/Logger.cs:60)
06-02 15:57:17.390 32342 32360 I Unity   : UnityEngine.Debug:Log (object) (at /home/bokken/build/output/unity/unity/Runtime/Export/Debug/Debug.bindings.cs:123)
06-02 15:57:17.390 32342 32360 I Unity   : GameManager:BeginGame () (at C:/Games/UnityProject/OrbitDrop3D/Assets/Scripts/Core/GameManager.cs:96)
06-02 15:57:17.390 32342 32360 I Unity   : GameManager:OnSceneLoaded (UnityEngine.SceneManagement.Scene,UnityEngine.SceneManagement.LoadSceneMode) (at C:/Games/UnityProject/OrbitDr
06-02 15:57:17.390 32342 32360 I Unity   : SetGameState: isLoading: false, mode: UNKNOWN, label: 3, quality: 0
06-02 15:57:17.413 32342 32360 I Unity   : GameHUD Start, lifeIcons count: 3
06-02 15:57:17.413 32342 32360 I Unity   : UnityEngine.Debug:ExtractStackTraceNoAlloc (byte*,int,string)
06-02 15:57:17.413 32342 32360 I Unity   : UnityEngine.StackTraceUtility:ExtractStackTrace () (at /home/bokken/build/output/unity/unity/Runtime/Export/Scripting/StackTrace.cs:35)
06-02 15:57:17.413 32342 32360 I Unity   : UnityEngine.DebugLogHandler:Internal_Log (UnityEngine.LogType,UnityEngine.LogOption,string,UnityEngine.Object)
06-02 15:57:17.413 32342 32360 I Unity   : UnityEngine.DebugLogHandler:LogFormat (UnityEngine.LogType,UnityEngine.Object,string,object[]) (at /home/bokken/build/output/unity/unity/Runtime/Export/Logging/DebugLogHandler.cs:9)
06-02 15:57:17.413 32342 32360 I Unity   : UnityEngine.Logger:Log (UnityEngine.LogType,object) (at /home/bokken/build/output/unity/unity/Runtime/Export/Logging/Logger.cs:60)
06-02 15:57:17.413 32342 32360 I Unity   : UnityEngine.Debug:Log (object) (at /home/bokken/build/output/unity/unity/Runtime/Export/Debug/Debug.bindings.cs:123)
06-02 15:57:17.413 32342 32360 I Unity   : GameHUD:Start () (at C:/Games/UnityProject/OrbitDrop3D/Assets/Scripts/UI/GameHUD.cs:27)
06-02 15:57:17.413 32342 32360 I Unity   : 
06-02 15:57:17.413 32342 32360 I Unity   : (Filename: /home/bokken/build/output/unity/unity/Runtime/Export/Debug/Debug.bindings.cs Line: 123)
06-02 15:57:17.413 32342 32360 I Unity   : 
06-02 15:57:17.413 32342 32360 I Unity   : GameManager Instance: OK
06-02 15:57:17.413 32342 32360 I Unity   : UnityEngine.Debug:ExtractStackTraceNoAlloc (byte*,int,string)
06-02 15:57:17.413 32342 32360 I Unity   : UnityEngine.StackTraceUtility:ExtractStackTrace () (at /home/bokken/build/output/unity/unity/Runtime/Export/Scripting/StackTrace.cs:35)
06-02 15:57:17.413 32342 32360 I Unity   : UnityEngine.DebugLogHandler:Internal_Log (UnityEngine.LogType,UnityEngine.LogOption,string,UnityEngine.Object)
06-02 15:57:17.413 32342 32360 I Unity   : UnityEngine.DebugLogHandler:LogFormat (UnityEngine.LogType,UnityEngine.Object,string,object[]) (at /home/bokken/build/output/unity/unity/Runtime/Export/Logging/DebugLogHandler.cs:9)
06-02 15:57:17.413 32342 32360 I Unity   : UnityEngine.Logger:Log (UnityEngine.LogType,object) (at /home/bokken/build/output/unity/unity/Runtime/Export/Logging/Logger.cs:60)
06-02 15:57:17.413 32342 32360 I Unity   : UnityEngine.Debug:Log (object) (at /home/bokken/build/output/unity/unity/Runtime/Export/Debug/Debug.bindings.cs:123)
06-02 15:57:17.413 32342 32360 I Unity   : GameHUD:Start () (at C:/Games/UnityProject/OrbitDrop3D/Assets/Scripts/UI/GameHUD.cs:28)
06-02 15:57:17.413 32342 32360 I Unity   : 
06-02 15:57:17.413 32342 32360 I Unity   : (Filename: /home/bokken/build/output/unity/unity/Runtime/Export/Debug/Debug.bindings.cs Line: 123)
06-02 15:57:17.413 32342 32360 I Unity   : 
06-02 15:57:17.416 32342 32360 I Unity   : Heart updated instantly — lives: 3
06-02 15:57:17.416 32342 32360 I Unity   : UnityEngine.Debug:ExtractStackTraceNoAlloc (byte*,int,string)
06-02 15:57:17.416 32342 32360 I Unity   : UnityEngine.StackTraceUtility:ExtractStackTrace () (at /home/bokken/build/output/unity/unity/Runtime/Export/Scripting/StackTrace.cs:35)
06-02 15:57:17.416 32342 32360 I Unity   : UnityEngine.DebugLogHandler:Internal_Log (UnityEngine.LogType,UnityEngine.LogOption,string,UnityEngine.Object)
06-02 15:57:17.416 32342 32360 I Unity   : UnityEngine.DebugLogHandler:LogFormat (UnityEngine.LogType,UnityEngine.Object,string,object[]) (at /home/bokken/build/output/unity/unity/Runtime/Export/Logging/DebugLogHandler.cs:9)
06-02 15:57:17.416 32342 32360 I Unity   : UnityEngine.Logger:Log (UnityEngine.LogType,object) (at /home/bokken/build/output/unity/unity/Runtime/Export/Logging/Logger.cs:60)
06-02 15:57:17.416 32342 32360 I Unity   : UnityEngine.Debug:Log (object) (at /home/bokken/build/output/unity/unity/Runtime/Export/Debug/Debug.bindings.cs:123)
06-02 15:57:17.416 32342 32360 I Unity   : GameHUD:OnLivesChanged (int) (at C:/Games/UnityProject/OrbitDrop3D/Assets/Scripts/UI/GameHUD.cs:101)
06-02 15:57:17.416 32342 32360 I Unity   : GameHUD:Refresh () (at C:/Games/UnityProject/OrbitDrop3D/Assets/Scripts/UI/GameHUD.cs:122)
06-02 15:57:17.416 32342 32360 I Unity   : GameHUD:Start () (at C:/Games/UnityProject/OrbitDrop3D/
06-02 15:57:17.489 32342 32360 I Unity   : [TargetRing2D] 'TargetRing2D(Clone)' (path=LevelManager/TargetRing2D(Clone)) spawned | tag=Untagged layer=Default col_enabled=True isTrigger=True radius=1.8
06-02 15:57:17.489 32342 32360 I Unity   : UnityEngine.Debug:ExtractStackTraceNoAlloc (byte*,int,string)
06-02 15:57:17.489 32342 32360 I Unity   : UnityEngine.StackTraceUtility:ExtractStackTrace () (at /home/bokken/build/output/unity/unity/Runtime/Export/Scripting/StackTrace.cs:35)
06-02 15:57:17.489 32342 32360 I Unity   : UnityEngine.DebugLogHandler:Internal_Log (UnityEngine.LogType,UnityEngine.LogOption,string,UnityEngine.Object)
06-02 15:57:17.489 32342 32360 I Unity   : UnityEngine.DebugLogHandler:LogFormat (UnityEngine.LogType,UnityEngine.Object,string,object[]) (at /home/bokken/build/output/unity/unity/Runtime/Export/Logging/DebugLogHandler.cs:9)
06-02 15:57:17.489 32342 32360 I Unity   : UnityEngine.Logger:Log (UnityEngine.LogType,object) (at /home/bokken/build/output/unity/unity/Runtime/Export/Logging/Logger.cs:60)
06-02 15:57:17.489 32342 32360 I Unity   : UnityEngine.Debug:Log (object) (at /home/bokken/build/output/unity/unity/Runtime/Export/Debug/Debug.bindings.cs:123)
06-02 15:57:17.489 32342 32360 I Unity   : TargetRing2D:Start () (at C:/Games/UnityProject/OrbitDrop3D/Assets/Scripts/Gameplay/TargetRing2D.cs:23)
06-02 15:57:17.489 32342 32360 I Unity   : 
06-02 15:57:17.489 32342 32360 I Unity   : (Filename: /home/bokke
06-02 15:57:17.491 32342 32360 I Unity   : [TargetRing2D] 'TargetRing2D(Clone)' (path=LevelManager/TargetRing2D(Clone)) spawned | tag=Untagged layer=Default col_enabled=True isTrigger=True radius=1.8
06-02 15:57:17.491 32342 32360 I Unity   : UnityEngine.Debug:ExtractStackTraceNoAlloc (byte*,int,string)
06-02 15:57:17.491 32342 32360 I Unity   : UnityEngine.StackTraceUtility:ExtractStackTrace () (at /home/bokken/build/output/unity/unity/Runtime/Export/Scripting/StackTrace.cs:35)
06-02 15:57:17.491 32342 32360 I Unity   : UnityEngine.DebugLogHandler:Internal_Log (UnityEngine.LogType,UnityEngine.LogOption,string,UnityEngine.Object)
06-02 15:57:17.491 32342 32360 I Unity   : UnityEngine.DebugLogHandler:LogFormat (UnityEngine.LogType,UnityEngine.Object,string,object[]) (at /home/bokken/build/output/unity/unity/Runtime/Export/Logging/DebugLogHandler.cs:9)
06-02 15:57:17.491 32342 32360 I Unity   : UnityEngine.Logger:Log (UnityEngine.LogType,object) (at /home/bokken/build/output/unity/unity/Runtime/Export/Logging/Logger.cs:60)
06-02 15:57:17.491 32342 32360 I Unity   : UnityEngine.Debug:Log (object) (at /home/bokken/build/output/unity/unity/Runtime/Export/Debug/Debug.bindings.cs:123)
06-02 15:57:17.491 32342 32360 I Unity   : TargetRing2D:Start () (at C:/Games/UnityProject/OrbitDrop3D/Assets/Scripts/Gameplay/TargetRing2D.cs:23)
06-02 15:57:17.491 32342 32360 I Unity   : 
06-02 15:57:17.491 32342 32360 I Unity   : (Filename: /home/bokke
06-02 15:57:17.491 32342 32360 I Unity   : [TargetRing2D] 'TargetRing2D(Clone)' (path=LevelManager/TargetRing2D(Clone)) spawned | tag=Untagged layer=Default col_enabled=True isTrigger=True radius=1.8
06-02 15:57:17.491 32342 32360 I Unity   : UnityEngine.Debug:ExtractStackTraceNoAlloc (byte*,int,string)
06-02 15:57:17.491 32342 32360 I Unity   : UnityEngine.StackTraceUtility:ExtractStackTrace () (at /home/bokken/build/output/unity/unity/Runtime/Export/Scripting/StackTrace.cs:35)
06-02 15:57:17.491 32342 32360 I Unity   : UnityEngine.DebugLogHandler:Internal_Log (UnityEngine.LogType,UnityEngine.LogOption,string,UnityEngine.Object)
06-02 15:57:17.491 32342 32360 I Unity   : UnityEngine.DebugLogHandler:LogFormat (UnityEngine.LogType,UnityEngine.Object,string,object[]) (at /home/bokken/build/output/unity/unity/Runtime/Export/Logging/DebugLogHandler.cs:9)
06-02 15:57:17.491 32342 32360 I Unity   : UnityEngine.Logger:Log (UnityEngine.LogType,object) (at /home/bokken/build/output/unity/unity/Runtime/Export/Logging/Logger.cs:60)
06-02 15:57:17.491 32342 32360 I Unity   : UnityEngine.Debug:Log (object) (at /home/bokken/build/output/unity/unity/Runtime/Export/Debug/Debug.bindings.cs:123)
06-02 15:57:17.491 32342 32360 I Unity   : TargetRing2D:Start () (at C:/Games/UnityProject/OrbitDrop3D/Assets/Scripts/Gameplay/TargetRing2D.cs:23)
06-02 15:57:17.491 32342 32360 I Unity   : 
06-02 15:57:17.491 32342 32360 I Unity   : (Filename: /home/bokke
06-02 15:57:17.492 32342 32360 I Unity   : [TargetRing2D] 'TargetRing2D(Clone)' (path=LevelManager/TargetRing2D(Clone)) spawned | tag=Untagged layer=Default col_enabled=True isTrigger=True radius=1.8
06-02 15:57:17.492 32342 32360 I Unity   : UnityEngine.Debug:ExtractStackTraceNoAlloc (byte*,int,string)
06-02 15:57:17.492 32342 32360 I Unity   : UnityEngine.StackTraceUtility:ExtractStackTrace () (at /home/bokken/build/output/unity/unity/Runtime/Export/Scripting/StackTrace.cs:35)
06-02 15:57:17.492 32342 32360 I Unity   : UnityEngine.DebugLogHandler:Internal_Log (UnityEngine.LogType,UnityEngine.LogOption,string,UnityEngine.Object)
06-02 15:57:17.492 32342 32360 I Unity   : UnityEngine.DebugLogHandler:LogFormat (UnityEngine.LogType,UnityEngine.Object,string,object[]) (at /home/bokken/build/output/unity/unity/Runtime/Export/Logging/DebugLogHandler.cs:9)
06-02 15:57:17.492 32342 32360 I Unity   : UnityEngine.Logger:Log (UnityEngine.LogType,object) (at /home/bokken/build/output/unity/unity/Runtime/Export/Logging/Logger.cs:60)
06-02 15:57:17.492 32342 32360 I Unity   : UnityEngine.Debug:Log (object) (at /home/bokken/build/output/unity/unity/Runtime/Export/Debug/Debug.bindings.cs:123)
06-02 15:57:17.492 32342 32360 I Unity   : TargetRing2D:Start () (at C:/Games/UnityProject/OrbitDrop3D/Assets/Scripts/Gameplay/TargetRing2D.cs:23)
06-02 15:57:17.492 32342 32360 I Unity   : 
06-02 15:57:17.492 32342 32360 I Unity   : (Filename: /home/bokke
06-02 15:57:17.492 32342 32360 I Unity   : [TargetRing2D] 'TargetRing2D(Clone)' (path=LevelManager/TargetRing2D(Clone)) spawned | tag=Untagged layer=Default col_enabled=True isTrigger=True radius=1.8
06-02 15:57:17.492 32342 32360 I Unity   : UnityEngine.Debug:ExtractStackTraceNoAlloc (byte*,int,string)
06-02 15:57:17.492 32342 32360 I Unity   : UnityEngine.StackTraceUtility:ExtractStackTrace () (at /home/bokken/build/output/unity/unity/Runtime/Export/Scripting/StackTrace.cs:35)
06-02 15:57:17.492 32342 32360 I Unity   : UnityEngine.DebugLogHandler:Internal_Log (UnityEngine.LogType,UnityEngine.LogOption,string,UnityEngine.Object)
06-02 15:57:17.492 32342 32360 I Unity   : UnityEngine.DebugLogHandler:LogFormat (UnityEngine.LogType,UnityEngine.Object,string,object[]) (at /home/bokken/build/output/unity/unity/Runtime/Export/Logging/DebugLogHandler.cs:9)
06-02 15:57:17.492 32342 32360 I Unity   : UnityEngine.Logger:Log (UnityEngine.LogType,object) (at /home/bokken/build/output/unity/unity/Runtime/Export/Logging/Logger.cs:60)
06-02 15:57:17.492 32342 32360 I Unity   : UnityEngine.Debug:Log (object) (at /home/bokken/build/output/unity/unity/Runtime/Export/Debug/Debug.bindings.cs:123)
06-02 15:57:17.492 32342 32360 I Unity   : TargetRing2D:Start () (at C:/Games/UnityProject/OrbitDrop3D/Assets/Scripts/Gameplay/TargetRing2D.cs:23)
06-02 15:57:17.492 32342 32360 I Unity   : 
06-02 15:57:17.492 32342 32360 I Unity   : (Filename: /home/bokke
06-02 15:57:17.492 32342 32360 I Unity   : [TargetRing2D] 'TargetRing2D(Clone)' (path=LevelManager/TargetRing2D(Clone)) spawned | tag=Untagged layer=Default col_enabled=True isTrigger=True radius=1.8
06-02 15:57:17.492 32342 32360 I Unity   : UnityEngine.Debug:ExtractStackTraceNoAlloc (byte*,int,string)
06-02 15:57:17.492 32342 32360 I Unity   : UnityEngine.StackTraceUtility:ExtractStackTrace () (at /home/bokken/build/output/unity/unity/Runtime/Export/Scripting/StackTrace.cs:35)
06-02 15:57:17.492 32342 32360 I Unity   : UnityEngine.DebugLogHandler:Internal_Log (UnityEngine.LogType,UnityEngine.LogOption,string,UnityEngine.Object)
06-02 15:57:17.492 32342 32360 I Unity   : UnityEngine.DebugLogHandler:LogFormat (UnityEngine.LogType,UnityEngine.Object,string,object[]) (at /home/bokken/build/output/unity/unity/Runtime/Export/Logging/DebugLogHandler.cs:9)
06-02 15:57:17.492 32342 32360 I Unity   : UnityEngine.Logger:Log (UnityEngine.LogType,object) (at /home/bokken/build/output/unity/unity/Runtime/Export/Logging/Logger.cs:60)
06-02 15:57:17.492 32342 32360 I Unity   : UnityEngine.Debug:Log (object) (at /home/bokken/build/output/unity/unity/Runtime/Export/Debug/Debug.bindings.cs:123)
06-02 15:57:17.492 32342 32360 I Unity   : TargetRing2D:Start () (at C:/Games/UnityProject/OrbitDrop3D/Assets/Scripts/Gameplay/TargetRing2D.cs:23)
06-02 15:57:17.492 32342 32360 I Unity   : 
06-02 15:57:17.492 32342 32360 I Unity   : (Filename: /home/bokke
06-02 15:57:17.492 32342 32360 I Unity   : [TargetRing2D] 'TargetRing2D(Clone)' (path=LevelManager/TargetRing2D(Clone)) spawned | tag=Untagged layer=Default col_enabled=True isTrigger=True radius=1.8
06-02 15:57:17.492 32342 32360 I Unity   : UnityEngine.Debug:ExtractStackTraceNoAlloc (byte*,int,string)
06-02 15:57:17.492 32342 32360 I Unity   : UnityEngine.StackTraceUtility:ExtractStackTrace () (at /home/bokken/build/output/unity/unity/Runtime/Export/Scripting/StackTrace.cs:35)
06-02 15:57:17.492 32342 32360 I Unity   : UnityEngine.DebugLogHandler:Internal_Log (UnityEngine.LogType,UnityEngine.LogOption,string,UnityEngine.Object)
06-02 15:57:17.492 32342 32360 I Unity   : UnityEngine.DebugLogHandler:LogFormat (UnityEngine.LogType,UnityEngine.Object,string,object[]) (at /home/bokken/build/output/unity/unity/Runtime/Export/Logging/DebugLogHandler.cs:9)
06-02 15:57:17.492 32342 32360 I Unity   : UnityEngine.Logger:Log (UnityEngine.LogType,object) (at /home/bokken/build/output/unity/unity/Runtime/Export/Logging/Logger.cs:60)
06-02 15:57:17.492 32342 32360 I Unity   : UnityEngine.Debug:Log (object) (at /home/bokken/build/output/unity/unity/Runtime/Export/Debug/Debug.bindings.cs:123)
06-02 15:57:17.492 32342 32360 I Unity   : TargetRing2D:Start () (at C:/Games/UnityProject/OrbitDrop3D/Assets/Scripts/Gameplay/TargetRing2D.cs:23)
06-02 15:57:17.492 32342 32360 I Unity   : 
06-02 15:57:17.492 32342 32360 I Unity   : (Filename: /home/bokke
06-02 15:57:17.934 32342 32360 I Unity   : [OrbiterBall] Hit: TargetRing2D(Clone)  tag=Untagged  released=True
06-02 15:57:17.934 32342 32360 I Unity   : UnityEngine.Debug:ExtractStackTraceNoAlloc (byte*,int,string)
06-02 15:57:17.934 32342 32360 I Unity   : UnityEngine.StackTraceUtility:ExtractStackTrace () (at /home/bokken/build/output/unity/unity/Runtime/Export/Scripting/StackTrace.cs:35)
06-02 15:57:17.934 32342 32360 I Unity   : UnityEngine.DebugLogHandler:Internal_Log (UnityEngine.LogType,UnityEngine.LogOption,string,UnityEngine.Object)
06-02 15:57:17.934 32342 32360 I Unity   : UnityEngine.DebugLogHandler:LogFormat (UnityEngine.LogType,UnityEngine.Object,string,object[]) (at /home/bokken/build/output/unity/unity/Runtime/Export/Logging/DebugLogHandler.cs:9)
06-02 15:57:17.934 32342 32360 I Unity   : UnityEngine.Logger:Log (UnityEngine.LogType,object) (at /home/bokken/build/output/unity/unity/Runtime/Export/Logging/Logger.cs:60)
06-02 15:57:17.934 32342 32360 I Unity   : UnityEngine.Debug:Log (object) (at /home/bokken/build/output/unity/unity/Runtime/Export/Debug/Debug.bindings.cs:123)
06-02 15:57:17.934 32342 32360 I Unity   : OrbiterBall2D:OnTriggerEnter2D (UnityEngine.Collider2D) (at C:/Games/UnityProject/OrbitDrop3D/Assets/Scripts/Gameplay/OrbiterBall2D.cs:53)
06-02 15:57:17.934 32342 32360 I Unity   : 
06-02 15:57:17.934 32342 32360 I Unity   : (Filename: /home/bokken/build/output/unity/unity/Runtime/Export/Debug/Debug.
06-02 15:57:17.938 32342 32360 I Unity   : [TargetRing2D] OnTriggerEnter2D on 'LevelManager/TargetRing2D(Clone)' | _hit=False other='OrbiterBall2D(Clone)'
06-02 15:57:17.938 32342 32360 I Unity   : UnityEngine.Debug:ExtractStackTraceNoAlloc (byte*,int,string)
06-02 15:57:17.938 32342 32360 I Unity   : UnityEngine.StackTraceUtility:ExtractStackTrace () (at /home/bokken/build/output/unity/unity/Runtime/Export/Scripting/StackTrace.cs:35)
06-02 15:57:17.938 32342 32360 I Unity   : UnityEngine.DebugLogHandler:Internal_Log (UnityEngine.LogType,UnityEngine.LogOption,string,UnityEngine.Object)
06-02 15:57:17.938 32342 32360 I Unity   : UnityEngine.DebugLogHandler:LogFormat (UnityEngine.LogType,UnityEngine.Object,string,object[]) (at /home/bokken/build/output/unity/unity/Runtime/Export/Logging/DebugLogHandler.cs:9)
06-02 15:57:17.938 32342 32360 I Unity   : UnityEngine.Logger:Log (UnityEngine.LogType,object) (at /home/bokken/build/output/unity/unity/Runtime/Export/Logging/Logger.cs:60)
06-02 15:57:17.938 32342 32360 I Unity   : UnityEngine.Debug:Log (object) (at /home/bokken/build/output/unity/unity/Runtime/Export/Debug/Debug.bindings.cs:123)
06-02 15:57:17.938 32342 32360 I Unity   : TargetRing2D:OnTriggerEnter2D (UnityEngine.Collider2D) (at C:/Games/UnityProject/OrbitDrop3D/Assets/Scripts/Gameplay/TargetRing2D.cs:88)
06-02 15:57:17.938 32342 32360 I Unity   : 
06-02 15:57:17.938 32342 32360 I Unity   : (Filename: /home/bokken/build/outp
06-02 15:57:17.939 32342 32360 I Unity   : [TargetRing2D] Ball check | ball_found=True IsReleased=True HasHit=False
06-02 15:57:17.939 32342 32360 I Unity   : UnityEngine.Debug:ExtractStackTraceNoAlloc (byte*,int,string)
06-02 15:57:17.939 32342 32360 I Unity   : UnityEngine.StackTraceUtility:ExtractStackTrace () (at /home/bokken/build/output/unity/unity/Runtime/Export/Scripting/StackTrace.cs:35)
06-02 15:57:17.939 32342 32360 I Unity   : UnityEngine.DebugLogHandler:Internal_Log (UnityEngine.LogType,UnityEngine.LogOption,string,UnityEngine.Object)
06-02 15:57:17.939 32342 32360 I Unity   : UnityEngine.DebugLogHandler:LogFormat (UnityEngine.LogType,UnityEngine.Object,string,object[]) (at /home/bokken/build/output/unity/unity/Runtime/Export/Logging/DebugLogHandler.cs:9)
06-02 15:57:17.939 32342 32360 I Unity   : UnityEngine.Logger:Log (UnityEngine.LogType,object) (at /home/bokken/build/output/unity/unity/Runtime/Export/Logging/Logger.cs:60)
06-02 15:57:17.939 32342 32360 I Unity   : UnityEngine.Debug:Log (object) (at /home/bokken/build/output/unity/unity/Runtime/Export/Debug/Debug.bindings.cs:123)
06-02 15:57:17.939 32342 32360 I Unity   : TargetRing2D:OnTriggerEnter2D (UnityEngine.Collider2D) (at C:/Games/UnityProject/OrbitDrop3D/Assets/Scripts/Gameplay/TargetRing2D.cs:91)
06-02 15:57:17.939 32342 32360 I Unity   : 
06-02 15:57:17.939 32342 32360 I Unity   : (Filename: /home/bokken/build/output/unity/unity/Runtime/Export/Debug/Deb
06-02 15:57:17.939 32342 32360 I Unity   : [TargetRing2D] HIT ACCEPTED on 'LevelManager/TargetRing2D(Clone)' — processing score/destroy
06-02 15:57:17.939 32342 32360 I Unity   : UnityEngine.Debug:ExtractStackTraceNoAlloc (byte*,int,string)
06-02 15:57:17.939 32342 32360 I Unity   : UnityEngine.StackTraceUtility:ExtractStackTrace () (at /home/bokken/build/output/unity/unity/Runtime/Export/Scripting/StackTrace.cs:35)
06-02 15:57:17.939 32342 32360 I Unity   : UnityEngine.DebugLogHandler:Internal_Log (UnityEngine.LogType,UnityEngine.LogOption,string,UnityEngine.Object)
06-02 15:57:17.939 32342 32360 I Unity   : UnityEngine.DebugLogHandler:LogFormat (UnityEngine.LogType,UnityEngine.Object,string,object[]) (at /home/bokken/build/output/unity/unity/Runtime/Export/Logging/DebugLogHandler.cs:9)
06-02 15:57:17.939 32342 32360 I Unity   : UnityEngine.Logger:Log (UnityEngine.LogType,object) (at /home/bokken/build/output/unity/unity/Runtime/Export/Logging/Logger.cs:60)
06-02 15:57:17.939 32342 32360 I Unity   : UnityEngine.Debug:Log (object) (at /home/bokken/build/output/unity/unity/Runtime/Export/Debug/Debug.bindings.cs:123)
06-02 15:57:17.939 32342 32360 I Unity   : TargetRing2D:OnTriggerEnter2D (UnityEngine.Collider2D) (at C:/Games/UnityProject/OrbitDrop3D/Assets/Scripts/Gameplay/TargetRing2D.cs:94)
06-02 15:57:17.939 32342 32360 I Unity   : 
06-02 15:57:17.939 32342 32360 I Unity   : (Filename: /home/bokken/build/output/unity/unity/Ru
06-02 15:57:17.948 32342 32360 I Unity   : [ScoreManager] Hit! Combo=1  +100pts  Total=100
06-02 15:57:17.948 32342 32360 I Unity   : UnityEngine.Debug:ExtractStackTraceNoAlloc (byte*,int,string)
06-02 15:57:17.948 32342 32360 I Unity   : UnityEngine.StackTraceUtility:ExtractStackTrace () (at /home/bokken/build/output/unity/unity/Runtime/Export/Scripting/StackTrace.cs:35)
06-02 15:57:17.948 32342 32360 I Unity   : UnityEngine.DebugLogHandler:Internal_Log (UnityEngine.LogType,UnityEngine.LogOption,string,UnityEngine.Object)
06-02 15:57:17.948 32342 32360 I Unity   : UnityEngine.DebugLogHandler:LogFormat (UnityEngine.LogType,UnityEngine.Object,string,object[]) (at /home/bokken/build/output/unity/unity/Runtime/Export/Logging/DebugLogHandler.cs:9)
06-02 15:57:17.948 32342 32360 I Unity   : UnityEngine.Logger:Log (UnityEngine.LogType,object) (at /home/bokken/build/output/unity/unity/Runtime/Export/Logging/Logger.cs:60)
06-02 15:57:17.948 32342 32360 I Unity   : UnityEngine.Debug:Log (object) (at /home/bokken/build/output/unity/unity/Runtime/Export/Debug/Debug.bindings.cs:123)
06-02 15:57:17.948 32342 32360 I Unity   : ScoreManager:RegisterHit () (at C:/Games/UnityProject/OrbitDrop3D/Assets/Scripts/Core/ScoreManager.cs:65)
06-02 15:57:17.948 32342 32360 I Unity   : TargetRing2D:OnTriggerEnter2D (UnityEngine.Collider2D) (at C:/Games/UnityProject/OrbitDrop3D/Assets/Scripts/Gameplay/TargetRing2D.
06-02 15:57:17.957 32342 32360 I Unity   : Explosion spawned at: (1.07, 3.33, 0.00)
06-02 15:57:17.957 32342 32360 I Unity   : UnityEngine.Debug:ExtractStackTraceNoAlloc (byte*,int,string)
06-02 15:57:17.957 32342 32360 I Unity   : UnityEngine.StackTraceUtility:ExtractStackTrace () (at /home/bokken/build/output/unity/unity/Runtime/Export/Scripting/StackTrace.cs:35)
06-02 15:57:17.957 32342 32360 I Unity   : UnityEngine.DebugLogHandler:Internal_Log (UnityEngine.LogType,UnityEngine.LogOption,string,UnityEngine.Object)
06-02 15:57:17.957 32342 32360 I Unity   : UnityEngine.DebugLogHandler:LogFormat (UnityEngine.LogType,UnityEngine.Object,string,object[]) (at /home/bokken/build/output/unity/unity/Runtime/Export/Logging/DebugLogHandler.cs:9)
06-02 15:57:17.957 32342 32360 I Unity   : UnityEngine.Logger:Log (UnityEngine.LogType,object) (at /home/bokken/build/output/unity/unity/Runtime/Export/Logging/Logger.cs:60)
06-02 15:57:17.957 32342 32360 I Unity   : UnityEngine.Debug:Log (object) (at /home/bokken/build/output/unity/unity/Runtime/Export/Debug/Debug.bindings.cs:123)
06-02 15:57:17.957 32342 32360 I Unity   : CFXRExplosionManager:SpawnExplosion (UnityEngine.Vector3) (at C:/Games/UnityProject/OrbitDrop3D/Assets/Scripts/Utils/CFXRExplosionManager.cs:45)
06-02 15:57:17.957 32342 32360 I Unity   : ParticleManager:SpawnHitBurst (UnityEngine.Vector3) (at C:/Games/UnityProject/OrbitDrop3D/Assets/S
06-02 15:57:17.980 32342 32360 I Unity   : [OrbiterBall] Hit: TargetRing2D(Clone)  tag=Untagged  released=True
06-02 15:57:17.980 32342 32360 I Unity   : UnityEngine.Debug:ExtractStackTraceNoAlloc (byte*,int,string)
06-02 15:57:17.980 32342 32360 I Unity   : UnityEngine.StackTraceUtility:ExtractStackTrace () (at /home/bokken/build/output/unity/unity/Runtime/Export/Scripting/StackTrace.cs:35)
06-02 15:57:17.980 32342 32360 I Unity   : UnityEngine.DebugLogHandler:Internal_Log (UnityEngine.LogType,UnityEngine.LogOption,string,UnityEngine.Object)
06-02 15:57:17.980 32342 32360 I Unity   : UnityEngine.DebugLogHandler:LogFormat (UnityEngine.LogType,UnityEngine.Object,string,object[]) (at /home/bokken/build/output/unity/unity/Runtime/Export/Logging/DebugLogHandler.cs:9)
06-02 15:57:17.980 32342 32360 I Unity   : UnityEngine.Logger:Log (UnityEngine.LogType,object) (at /home/bokken/build/output/unity/unity/Runtime/Export/Logging/Logger.cs:60)
06-02 15:57:17.980 32342 32360 I Unity   : UnityEngine.Debug:Log (object) (at /home/bokken/build/output/unity/unity/Runtime/Export/Debug/Debug.bindings.cs:123)
06-02 15:57:17.980 32342 32360 I Unity   : OrbiterBall2D:OnTriggerEnter2D (UnityEngine.Collider2D) (at C:/Games/UnityProject/OrbitDrop3D/Assets/Scripts/Gameplay/OrbiterBall2D.cs:53)
06-02 15:57:17.980 32342 32360 I Unity   : 
06-02 15:57:17.980 32342 32360 I Unity   : (Filename: /home/bokken/build/output/unity/unity/Runtime/Export/Debug/Debug.
06-02 15:57:17.980 32342 32360 I Unity   : [TargetRing2D] OnTriggerEnter2D on 'LevelManager/TargetRing2D(Clone)' | _hit=False other='OrbiterBall2D(Clone)'
06-02 15:57:17.980 32342 32360 I Unity   : UnityEngine.Debug:ExtractStackTraceNoAlloc (byte*,int,string)
06-02 15:57:17.980 32342 32360 I Unity   : UnityEngine.StackTraceUtility:ExtractStackTrace () (at /home/bokken/build/output/unity/unity/Runtime/Export/Scripting/StackTrace.cs:35)
06-02 15:57:17.980 32342 32360 I Unity   : UnityEngine.DebugLogHandler:Internal_Log (UnityEngine.LogType,UnityEngine.LogOption,string,UnityEngine.Object)
06-02 15:57:17.980 32342 32360 I Unity   : UnityEngine.DebugLogHandler:LogFormat (UnityEngine.LogType,UnityEngine.Object,string,object[]) (at /home/bokken/build/output/unity/unity/Runtime/Export/Logging/DebugLogHandler.cs:9)
06-02 15:57:17.980 32342 32360 I Unity   : UnityEngine.Logger:Log (UnityEngine.LogType,object) (at /home/bokken/build/output/unity/unity/Runtime/Export/Logging/Logger.cs:60)
06-02 15:57:17.980 32342 32360 I Unity   : UnityEngine.Debug:Log (object) (at /home/bokken/build/output/unity/unity/Runtime/Export/Debug/Debug.bindings.cs:123)
06-02 15:57:17.980 32342 32360 I Unity   : TargetRing2D:OnTriggerEnter2D (UnityEngine.Collider2D) (at C:/Games/UnityProject/OrbitDrop3D/Assets/Scripts/Gameplay/TargetRing2D.cs:88)
06-02 15:57:17.980 32342 32360 I Unity   : 
06-02 15:57:17.980 32342 32360 I Unity   : (Filename: /home/bokken/build/outp
06-02 15:57:17.980 32342 32360 I Unity   : [TargetRing2D] Ball check | ball_found=True IsReleased=True HasHit=True
06-02 15:57:17.980 32342 32360 I Unity   : UnityEngine.Debug:ExtractStackTraceNoAlloc (byte*,int,string)
06-02 15:57:17.980 32342 32360 I Unity   : UnityEngine.StackTraceUtility:ExtractStackTrace () (at /home/bokken/build/output/unity/unity/Runtime/Export/Scripting/StackTrace.cs:35)
06-02 15:57:17.980 32342 32360 I Unity   : UnityEngine.DebugLogHandler:Internal_Log (UnityEngine.LogType,UnityEngine.LogOption,string,UnityEngine.Object)
06-02 15:57:17.980 32342 32360 I Unity   : UnityEngine.DebugLogHandler:LogFormat (UnityEngine.LogType,UnityEngine.Object,string,object[]) (at /home/bokken/build/output/unity/unity/Runtime/Export/Logging/DebugLogHandler.cs:9)
06-02 15:57:17.980 32342 32360 I Unity   : UnityEngine.Logger:Log (UnityEngine.LogType,object) (at /home/bokken/build/output/unity/unity/Runtime/Export/Logging/Logger.cs:60)
06-02 15:57:17.980 32342 32360 I Unity   : UnityEngine.Debug:Log (object) (at /home/bokken/build/output/unity/unity/Runtime/Export/Debug/Debug.bindings.cs:123)
06-02 15:57:17.980 32342 32360 I Unity   : TargetRing2D:OnTriggerEnter2D (UnityEngine.Collider2D) (at C:/Games/UnityProject/OrbitDrop3D/Assets/Scripts/Gameplay/TargetRing2D.cs:91)
06-02 15:57:17.980 32342 32360 I Unity   : 
06-02 15:57:17.980 32342 32360 I Unity   : (Filename: /home/bokken/build/output/unity/unity/Runtime/Export/Debug/Debu
06-02 15:57:17.981 32342 32360 I Unity   : [TargetRing2D] HIT ACCEPTED on 'LevelManager/TargetRing2D(Clone)' — processing score/destroy
06-02 15:57:17.981 32342 32360 I Unity   : UnityEngine.Debug:ExtractStackTraceNoAlloc (byte*,int,string)
06-02 15:57:17.981 32342 32360 I Unity   : UnityEngine.StackTraceUtility:ExtractStackTrace () (at /home/bokken/build/output/unity/unity/Runtime/Export/Scripting/StackTrace.cs:35)
06-02 15:57:17.981 32342 32360 I Unity   : UnityEngine.DebugLogHandler:Internal_Log (UnityEngine.LogType,UnityEngine.LogOption,string,UnityEngine.Object)
06-02 15:57:17.981 32342 32360 I Unity   : UnityEngine.DebugLogHandler:LogFormat (UnityEngine.LogType,UnityEngine.Object,string,object[]) (at /home/bokken/build/output/unity/unity/Runtime/Export/Logging/DebugLogHandler.cs:9)
06-02 15:57:17.981 32342 32360 I Unity   : UnityEngine.Logger:Log (UnityEngine.LogType,object) (at /home/bokken/build/output/unity/unity/Runtime/Export/Logging/Logger.cs:60)
06-02 15:57:17.981 32342 32360 I Unity   : UnityEngine.Debug:Log (object) (at /home/bokken/build/output/unity/unity/Runtime/Export/Debug/Debug.bindings.cs:123)
06-02 15:57:17.981 32342 32360 I Unity   : TargetRing2D:OnTriggerEnter2D (UnityEngine.Collider2D) (at C:/Games/UnityProject/OrbitDrop3D/Assets/Scripts/Gameplay/TargetRing2D.cs:94)
06-02 15:57:17.981 32342 32360 I Unity   : 
06-02 15:57:17.981 32342 32360 I Unity   : (Filename: /home/bokken/build/output/unity/unity/Ru
06-02 15:57:17.981 32342 32360 I Unity   : [ScoreManager] Hit! Combo=2  +200pts  Total=300
06-02 15:57:17.981 32342 32360 I Unity   : UnityEngine.Debug:ExtractStackTraceNoAlloc (byte*,int,string)
06-02 15:57:17.981 32342 32360 I Unity   : UnityEngine.StackTraceUtility:ExtractStackTrace () (at /home/bokken/build/output/unity/unity/Runtime/Export/Scripting/StackTrace.cs:35)
06-02 15:57:17.981 32342 32360 I Unity   : UnityEngine.DebugLogHandler:Internal_Log (UnityEngine.LogType,UnityEngine.LogOption,string,UnityEngine.Object)
06-02 15:57:17.981 32342 32360 I Unity   : UnityEngine.DebugLogHandler:LogFormat (UnityEngine.LogType,UnityEngine.Object,string,object[]) (at /home/bokken/build/output/unity/unity/Runtime/Export/Logging/DebugLogHandler.cs:9)
06-02 15:57:17.981 32342 32360 I Unity   : UnityEngine.Logger:Log (UnityEngine.LogType,object) (at /home/bokken/build/output/unity/unity/Runtime/Export/Logging/Logger.cs:60)
06-02 15:57:17.981 32342 32360 I Unity   : UnityEngine.Debug:Log (object) (at /home/bokken/build/output/unity/unity/Runtime/Export/Debug/Debug.bindings.cs:123)
06-02 15:57:17.981 32342 32360 I Unity   : ScoreManager:RegisterHit () (at C:/Games/UnityProject/OrbitDrop3D/Assets/Scripts/Core/ScoreManager.cs:65)
06-02 15:57:17.981 32342 32360 I Unity   : TargetRing2D:OnTriggerEnter2D (UnityEngine.Collider2D) (at C:/Games/UnityProject/OrbitDrop3D/Assets/Scripts/Gameplay/TargetRing2D.
06-02 15:57:17.982 32342 32360 I Unity   : Explosion spawned at: (0.64, 3.22, 0.00)
06-02 15:57:17.982 32342 32360 I Unity   : UnityEngine.Debug:ExtractStackTraceNoAlloc (byte*,int,string)
06-02 15:57:17.982 32342 32360 I Unity   : UnityEngine.StackTraceUtility:ExtractStackTrace () (at /home/bokken/build/output/unity/unity/Runtime/Export/Scripting/StackTrace.cs:35)
06-02 15:57:17.982 32342 32360 I Unity   : UnityEngine.DebugLogHandler:Internal_Log (UnityEngine.LogType,UnityEngine.LogOption,string,UnityEngine.Object)
06-02 15:57:17.982 32342 32360 I Unity   : UnityEngine.DebugLogHandler:LogFormat (UnityEngine.LogType,UnityEngine.Object,string,object[]) (at /home/bokken/build/output/unity/unity/Runtime/Export/Logging/DebugLogHandler.cs:9)
06-02 15:57:17.982 32342 32360 I Unity   : UnityEngine.Logger:Log (UnityEngine.LogType,object) (at /home/bokken/build/output/unity/unity/Runtime/Export/Logging/Logger.cs:60)
06-02 15:57:17.982 32342 32360 I Unity   : UnityEngine.Debug:Log (object) (at /home/bokken/build/output/unity/unity/Runtime/Export/Debug/Debug.bindings.cs:123)
06-02 15:57:17.982 32342 32360 I Unity   : CFXRExplosionManager:SpawnExplosion (UnityEngine.Vector3) (at C:/Games/UnityProject/OrbitDrop3D/Assets/Scripts/Utils/CFXRExplosionManager.cs:45)
06-02 15:57:17.982 32342 32360 I Unity   : ParticleManager:SpawnHitBurst (UnityEngine.Vector3) (at C:/Games/UnityProject/OrbitDrop3D/Assets/S
06-02 15:57:17.999 32342 32360 I Unity   : [OrbiterBall] Hit: TargetRing2D  tag=Untagged  released=True
06-02 15:57:17.999 32342 32360 I Unity   : UnityEngine.Debug:ExtractStackTraceNoAlloc (byte*,int,string)
06-02 15:57:17.999 32342 32360 I Unity   : UnityEngine.StackTraceUtility:ExtractStackTrace () (at /home/bokken/build/output/unity/unity/Runtime/Export/Scripting/StackTrace.cs:35)
06-02 15:57:17.999 32342 32360 I Unity   : UnityEngine.DebugLogHandler:Internal_Log (UnityEngine.LogType,UnityEngine.LogOption,string,UnityEngine.Object)
06-02 15:57:17.999 32342 32360 I Unity   : UnityEngine.DebugLogHandler:LogFormat (UnityEngine.LogType,UnityEngine.Object,string,object[]) (at /home/bokken/build/output/unity/unity/Runtime/Export/Logging/DebugLogHandler.cs:9)
06-02 15:57:17.999 32342 32360 I Unity   : UnityEngine.Logger:Log (UnityEngine.LogType,object) (at /home/bokken/build/output/unity/unity/Runtime/Export/Logging/Logger.cs:60)
06-02 15:57:17.999 32342 32360 I Unity   : UnityEngine.Debug:Log (object) (at /home/bokken/build/output/unity/unity/Runtime/Export/Debug/Debug.bindings.cs:123)
06-02 15:57:17.999 32342 32360 I Unity   : OrbiterBall2D:OnTriggerEnter2D (UnityEngine.Collider2D) (at C:/Games/UnityProject/OrbitDrop3D/Assets/Scripts/Gameplay/OrbiterBall2D.cs:53)
06-02 15:57:17.999 32342 32360 I Unity   : 
06-02 15:57:17.999 32342 32360 I Unity   : (Filename: /home/bokken/build/output/unity/unity/Runtime/Export/Debug/Debug.binding
06-02 15:57:19.709 32342 32360 I Unity   : [OrbiterBall] Hit: TargetRing2D(Clone)  tag=Untagged  released=True
06-02 15:57:19.709 32342 32360 I Unity   : UnityEngine.Debug:ExtractStackTraceNoAlloc (byte*,int,string)
06-02 15:57:19.709 32342 32360 I Unity   : UnityEngine.StackTraceUtility:ExtractStackTrace () (at /home/bokken/build/output/unity/unity/Runtime/Export/Scripting/StackTrace.cs:35)
06-02 15:57:19.709 32342 32360 I Unity   : UnityEngine.DebugLogHandler:Internal_Log (UnityEngine.LogType,UnityEngine.LogOption,string,UnityEngine.Object)
06-02 15:57:19.709 32342 32360 I Unity   : UnityEngine.DebugLogHandler:LogFormat (UnityEngine.LogType,UnityEngine.Object,string,object[]) (at /home/bokken/build/output/unity/unity/Runtime/Export/Logging/DebugLogHandler.cs:9)
06-02 15:57:19.709 32342 32360 I Unity   : UnityEngine.Logger:Log (UnityEngine.LogType,object) (at /home/bokken/build/output/unity/unity/Runtime/Export/Logging/Logger.cs:60)
06-02 15:57:19.709 32342 32360 I Unity   : UnityEngine.Debug:Log (object) (at /home/bokken/build/output/unity/unity/Runtime/Export/Debug/Debug.bindings.cs:123)
06-02 15:57:19.709 32342 32360 I Unity   : OrbiterBall2D:OnTriggerEnter2D (UnityEngine.Collider2D) (at C:/Games/UnityProject/OrbitDrop3D/Assets/Scripts/Gameplay/OrbiterBall2D.cs:53)
06-02 15:57:19.709 32342 32360 I Unity   : 
06-02 15:57:19.709 32342 32360 I Unity   : (Filename: /home/bokken/build/output/unity/unity/Runtime/Export/Debug/Debug.
06-02 15:57:19.710 32342 32360 I Unity   : [TargetRing2D] OnTriggerEnter2D on 'LevelManager/TargetRing2D(Clone)' | _hit=False other='OrbiterBall2D(Clone)'
06-02 15:57:19.710 32342 32360 I Unity   : UnityEngine.Debug:ExtractStackTraceNoAlloc (byte*,int,string)
06-02 15:57:19.710 32342 32360 I Unity   : UnityEngine.StackTraceUtility:ExtractStackTrace () (at /home/bokken/build/output/unity/unity/Runtime/Export/Scripting/StackTrace.cs:35)
06-02 15:57:19.710 32342 32360 I Unity   : UnityEngine.DebugLogHandler:Internal_Log (UnityEngine.LogType,UnityEngine.LogOption,string,UnityEngine.Object)
06-02 15:57:19.710 32342 32360 I Unity   : UnityEngine.DebugLogHandler:LogFormat (UnityEngine.LogType,UnityEngine.Object,string,object[]) (at /home/bokken/build/output/unity/unity/Runtime/Export/Logging/DebugLogHandler.cs:9)
06-02 15:57:19.710 32342 32360 I Unity   : UnityEngine.Logger:Log (UnityEngine.LogType,object) (at /home/bokken/build/output/unity/unity/Runtime/Export/Logging/Logger.cs:60)
06-02 15:57:19.710 32342 32360 I Unity   : UnityEngine.Debug:Log (object) (at /home/bokken/build/output/unity/unity/Runtime/Export/Debug/Debug.bindings.cs:123)
06-02 15:57:19.710 32342 32360 I Unity   : TargetRing2D:OnTriggerEnter2D (UnityEngine.Collider2D) (at C:/Games/UnityProject/OrbitDrop3D/Assets/Scripts/Gameplay/TargetRing2D.cs:88)
06-02 15:57:19.710 32342 32360 I Unity   : 
06-02 15:57:19.710 32342 32360 I Unity   : (Filename: /home/bokken/build/outp
06-02 15:57:19.710 32342 32360 I Unity   : [TargetRing2D] Ball check | ball_found=True IsReleased=True HasHit=False
06-02 15:57:19.710 32342 32360 I Unity   : UnityEngine.Debug:ExtractStackTraceNoAlloc (byte*,int,string)
06-02 15:57:19.710 32342 32360 I Unity   : UnityEngine.StackTraceUtility:ExtractStackTrace () (at /home/bokken/build/output/unity/unity/Runtime/Export/Scripting/StackTrace.cs:35)
06-02 15:57:19.710 32342 32360 I Unity   : UnityEngine.DebugLogHandler:Internal_Log (UnityEngine.LogType,UnityEngine.LogOption,string,UnityEngine.Object)
06-02 15:57:19.710 32342 32360 I Unity   : UnityEngine.DebugLogHandler:LogFormat (UnityEngine.LogType,UnityEngine.Object,string,object[]) (at /home/bokken/build/output/unity/unity/Runtime/Export/Logging/DebugLogHandler.cs:9)
06-02 15:57:19.710 32342 32360 I Unity   : UnityEngine.Logger:Log (UnityEngine.LogType,object) (at /home/bokken/build/output/unity/unity/Runtime/Export/Logging/Logger.cs:60)
06-02 15:57:19.710 32342 32360 I Unity   : UnityEngine.Debug:Log (object) (at /home/bokken/build/output/unity/unity/Runtime/Export/Debug/Debug.bindings.cs:123)
06-02 15:57:19.710 32342 32360 I Unity   : TargetRing2D:OnTriggerEnter2D (UnityEngine.Collider2D) (at C:/Games/UnityProject/OrbitDrop3D/Assets/Scripts/Gameplay/TargetRing2D.cs:91)
06-02 15:57:19.710 32342 32360 I Unity   : 
06-02 15:57:19.710 32342 32360 I Unity   : (Filename: /home/bokken/build/output/unity/unity/Runtime/Export/Debug/Deb
06-02 15:57:19.711 32342 32360 I Unity   : [TargetRing2D] HIT ACCEPTED on 'LevelManager/TargetRing2D(Clone)' — processing score/destroy
06-02 15:57:19.711 32342 32360 I Unity   : UnityEngine.Debug:ExtractStackTraceNoAlloc (byte*,int,string)
06-02 15:57:19.711 32342 32360 I Unity   : UnityEngine.StackTraceUtility:ExtractStackTrace () (at /home/bokken/build/output/unity/unity/Runtime/Export/Scripting/StackTrace.cs:35)
06-02 15:57:19.711 32342 32360 I Unity   : UnityEngine.DebugLogHandler:Internal_Log (UnityEngine.LogType,UnityEngine.LogOption,string,UnityEngine.Object)
06-02 15:57:19.711 32342 32360 I Unity   : UnityEngine.DebugLogHandler:LogFormat (UnityEngine.LogType,UnityEngine.Object,string,object[]) (at /home/bokken/build/output/unity/unity/Runtime/Export/Logging/DebugLogHandler.cs:9)
06-02 15:57:19.711 32342 32360 I Unity   : UnityEngine.Logger:Log (UnityEngine.LogType,object) (at /home/bokken/build/output/unity/unity/Runtime/Export/Logging/Logger.cs:60)
06-02 15:57:19.711 32342 32360 I Unity   : UnityEngine.Debug:Log (object) (at /home/bokken/build/output/unity/unity/Runtime/Export/Debug/Debug.bindings.cs:123)
06-02 15:57:19.711 32342 32360 I Unity   : TargetRing2D:OnTriggerEnter2D (UnityEngine.Collider2D) (at C:/Games/UnityProject/OrbitDrop3D/Assets/Scripts/Gameplay/TargetRing2D.cs:94)
06-02 15:57:19.711 32342 32360 I Unity   : 
06-02 15:57:19.711 32342 32360 I Unity   : (Filename: /home/bokken/build/output/unity/unity/Ru
06-02 15:57:19.711 32342 32360 I Unity   : [ScoreManager] Hit! Combo=3  +300pts  Total=600
06-02 15:57:19.711 32342 32360 I Unity   : UnityEngine.Debug:ExtractStackTraceNoAlloc (byte*,int,string)
06-02 15:57:19.711 32342 32360 I Unity   : UnityEngine.StackTraceUtility:ExtractStackTrace () (at /home/bokken/build/output/unity/unity/Runtime/Export/Scripting/StackTrace.cs:35)
06-02 15:57:19.711 32342 32360 I Unity   : UnityEngine.DebugLogHandler:Internal_Log (UnityEngine.LogType,UnityEngine.LogOption,string,UnityEngine.Object)
06-02 15:57:19.711 32342 32360 I Unity   : UnityEngine.DebugLogHandler:LogFormat (UnityEngine.LogType,UnityEngine.Object,string,object[]) (at /home/bokken/build/output/unity/unity/Runtime/Export/Logging/DebugLogHandler.cs:9)
06-02 15:57:19.711 32342 32360 I Unity   : UnityEngine.Logger:Log (UnityEngine.LogType,object) (at /home/bokken/build/output/unity/unity/Runtime/Export/Logging/Logger.cs:60)
06-02 15:57:19.711 32342 32360 I Unity   : UnityEngine.Debug:Log (object) (at /home/bokken/build/output/unity/unity/Runtime/Export/Debug/Debug.bindings.cs:123)
06-02 15:57:19.711 32342 32360 I Unity   : ScoreManager:RegisterHit () (at C:/Games/UnityProject/OrbitDrop3D/Assets/Scripts/Core/ScoreManager.cs:65)
06-02 15:57:19.711 32342 32360 I Unity   : TargetRing2D:OnTriggerEnter2D (UnityEngine.Collider2D) (at C:/Games/UnityProject/OrbitDrop3D/Assets/Scripts/Gameplay/TargetRing2D.
06-02 15:57:19.712 32342 32360 I Unity   : Explosion spawned at: (-1.44, -4.29, 0.00)
06-02 15:57:19.712 32342 32360 I Unity   : UnityEngine.Debug:ExtractStackTraceNoAlloc (byte*,int,string)
06-02 15:57:19.712 32342 32360 I Unity   : UnityEngine.StackTraceUtility:ExtractStackTrace () (at /home/bokken/build/output/unity/unity/Runtime/Export/Scripting/StackTrace.cs:35)
06-02 15:57:19.712 32342 32360 I Unity   : UnityEngine.DebugLogHandler:Internal_Log (UnityEngine.LogType,UnityEngine.LogOption,string,UnityEngine.Object)
06-02 15:57:19.712 32342 32360 I Unity   : UnityEngine.DebugLogHandler:LogFormat (UnityEngine.LogType,UnityEngine.Object,string,object[]) (at /home/bokken/build/output/unity/unity/Runtime/Export/Logging/DebugLogHandler.cs:9)
06-02 15:57:19.712 32342 32360 I Unity   : UnityEngine.Logger:Log (UnityEngine.LogType,object) (at /home/bokken/build/output/unity/unity/Runtime/Export/Logging/Logger.cs:60)
06-02 15:57:19.712 32342 32360 I Unity   : UnityEngine.Debug:Log (object) (at /home/bokken/build/output/unity/unity/Runtime/Export/Debug/Debug.bindings.cs:123)
06-02 15:57:19.712 32342 32360 I Unity   : CFXRExplosionManager:SpawnExplosion (UnityEngine.Vector3) (at C:/Games/UnityProject/OrbitDrop3D/Assets/Scripts/Utils/CFXRExplosionManager.cs:45)
06-02 15:57:19.712 32342 32360 I Unity   : ParticleManager:SpawnHitBurst (UnityEngine.Vector3) (at C:/Games/UnityProject/OrbitDrop3D/Assets
06-02 15:57:21.244 32342 32360 I Unity   : Life lost! Remaining: 2
06-02 15:57:21.244 32342 32360 I Unity   : UnityEngine.Debug:ExtractStackTraceNoAlloc (byte*,int,string)
06-02 15:57:21.244 32342 32360 I Unity   : UnityEngine.StackTraceUtility:ExtractStackTrace () (at /home/bokken/build/output/unity/unity/Runtime/Export/Scripting/StackTrace.cs:35)
06-02 15:57:21.244 32342 32360 I Unity   : UnityEngine.DebugLogHandler:Internal_Log (UnityEngine.LogType,UnityEngine.LogOption,string,UnityEngine.Object)
06-02 15:57:21.244 32342 32360 I Unity   : UnityEngine.DebugLogHandler:LogFormat (UnityEngine.LogType,UnityEngine.Object,string,object[]) (at /home/bokken/build/output/unity/unity/Runtime/Export/Logging/DebugLogHandler.cs:9)
06-02 15:57:21.244 32342 32360 I Unity   : UnityEngine.Logger:Log (UnityEngine.LogType,object) (at /home/bokken/build/output/unity/unity/Runtime/Export/Logging/Logger.cs:60)
06-02 15:57:21.244 32342 32360 I Unity   : UnityEngine.Debug:Log (object) (at /home/bokken/build/output/unity/unity/Runtime/Export/Debug/Debug.bindings.cs:123)
06-02 15:57:21.244 32342 32360 I Unity   : GameManager:LoseLife () (at C:/Games/UnityProject/OrbitDrop3D/Assets/Scripts/Core/GameManager.cs:125)
06-02 15:57:21.244 32342 32360 I Unity   : OrbiterBall2D:Update () (at C:/Games/UnityProject/OrbitDrop3D/Assets/Scripts/Gameplay/OrbiterBall2D.cs:75)
06-02 15:57:21.244 32342 32360 I Unity   : 
06-02 15:57:21.244 32342 32360 I Unity   : (Filename: /home/bokken/build/output/unity/unity/R
06-02 15:57:21.245 32342 32360 I Unity   : Heart updated instantly — lives: 2
06-02 15:57:21.245 32342 32360 I Unity   : UnityEngine.Debug:ExtractStackTraceNoAlloc (byte*,int,string)
06-02 15:57:21.245 32342 32360 I Unity   : UnityEngine.StackTraceUtility:ExtractStackTrace () (at /home/bokken/build/output/unity/unity/Runtime/Export/Scripting/StackTrace.cs:35)
06-02 15:57:21.245 32342 32360 I Unity   : UnityEngine.DebugLogHandler:Internal_Log (UnityEngine.LogType,UnityEngine.LogOption,string,UnityEngine.Object)
06-02 15:57:21.245 32342 32360 I Unity   : UnityEngine.DebugLogHandler:LogFormat (UnityEngine.LogType,UnityEngine.Object,string,object[]) (at /home/bokken/build/output/unity/unity/Runtime/Export/Logging/DebugLogHandler.cs:9)
06-02 15:57:21.245 32342 32360 I Unity   : UnityEngine.Logger:Log (UnityEngine.LogType,object) (at /home/bokken/build/output/unity/unity/Runtime/Export/Logging/Logger.cs:60)
06-02 15:57:21.245 32342 32360 I Unity   : UnityEngine.Debug:Log (object) (at /home/bokken/build/output/unity/unity/Runtime/Export/Debug/Debug.bindings.cs:123)
06-02 15:57:21.245 32342 32360 I Unity   : GameHUD:OnLivesChanged (int) (at C:/Games/UnityProject/OrbitDrop3D/Assets/Scripts/UI/GameHUD.cs:101)
06-02 15:57:21.245 32342 32360 I Unity   : GameManager:LoseLife () (at C:/Games/UnityProject/OrbitDrop3D/Assets/Scripts/Core/GameManager.cs:126)
06-02 15:57:21.245 32342 32360 I Unity   : OrbiterBall2D:Update () (at C:/Games/UnityPr
06-02 15:57:21.953 32342 32360 I Unity   : [OrbiterBall] Hit: TargetRing2D(Clone)  tag=Untagged  released=True
06-02 15:57:21.953 32342 32360 I Unity   : UnityEngine.Debug:ExtractStackTraceNoAlloc (byte*,int,string)
06-02 15:57:21.953 32342 32360 I Unity   : UnityEngine.StackTraceUtility:ExtractStackTrace () (at /home/bokken/build/output/unity/unity/Runtime/Export/Scripting/StackTrace.cs:35)
06-02 15:57:21.953 32342 32360 I Unity   : UnityEngine.DebugLogHandler:Internal_Log (UnityEngine.LogType,UnityEngine.LogOption,string,UnityEngine.Object)
06-02 15:57:21.953 32342 32360 I Unity   : UnityEngine.DebugLogHandler:LogFormat (UnityEngine.LogType,UnityEngine.Object,string,object[]) (at /home/bokken/build/output/unity/unity/Runtime/Export/Logging/DebugLogHandler.cs:9)
06-02 15:57:21.953 32342 32360 I Unity   : UnityEngine.Logger:Log (UnityEngine.LogType,object) (at /home/bokken/build/output/unity/unity/Runtime/Export/Logging/Logger.cs:60)
06-02 15:57:21.953 32342 32360 I Unity   : UnityEngine.Debug:Log (object) (at /home/bokken/build/output/unity/unity/Runtime/Export/Debug/Debug.bindings.cs:123)
06-02 15:57:21.953 32342 32360 I Unity   : OrbiterBall2D:OnTriggerEnter2D (UnityEngine.Collider2D) (at C:/Games/UnityProject/OrbitDrop3D/Assets/Scripts/Gameplay/OrbiterBall2D.cs:53)
06-02 15:57:21.953 32342 32360 I Unity   : 
06-02 15:57:21.953 32342 32360 I Unity   : (Filename: /home/bokken/build/output/unity/unity/Runtime/Export/Debug/Debug.
06-02 15:57:21.953 32342 32360 I Unity   : [TargetRing2D] OnTriggerEnter2D on 'LevelManager/TargetRing2D(Clone)' | _hit=False other='OrbiterBall2D(Clone)'
06-02 15:57:21.953 32342 32360 I Unity   : UnityEngine.Debug:ExtractStackTraceNoAlloc (byte*,int,string)
06-02 15:57:21.953 32342 32360 I Unity   : UnityEngine.StackTraceUtility:ExtractStackTrace () (at /home/bokken/build/output/unity/unity/Runtime/Export/Scripting/StackTrace.cs:35)
06-02 15:57:21.953 32342 32360 I Unity   : UnityEngine.DebugLogHandler:Internal_Log (UnityEngine.LogType,UnityEngine.LogOption,string,UnityEngine.Object)
06-02 15:57:21.953 32342 32360 I Unity   : UnityEngine.DebugLogHandler:LogFormat (UnityEngine.LogType,UnityEngine.Object,string,object[]) (at /home/bokken/build/output/unity/unity/Runtime/Export/Logging/DebugLogHandler.cs:9)
06-02 15:57:21.953 32342 32360 I Unity   : UnityEngine.Logger:Log (UnityEngine.LogType,object) (at /home/bokken/build/output/unity/unity/Runtime/Export/Logging/Logger.cs:60)
06-02 15:57:21.953 32342 32360 I Unity   : UnityEngine.Debug:Log (object) (at /home/bokken/build/output/unity/unity/Runtime/Export/Debug/Debug.bindings.cs:123)
06-02 15:57:21.953 32342 32360 I Unity   : TargetRing2D:OnTriggerEnter2D (UnityEngine.Collider2D) (at C:/Games/UnityProject/OrbitDrop3D/Assets/Scripts/Gameplay/TargetRing2D.cs:88)
06-02 15:57:21.953 32342 32360 I Unity   : 
06-02 15:57:21.953 32342 32360 I Unity   : (Filename: /home/bokken/build/outp
06-02 15:57:21.954 32342 32360 I Unity   : [TargetRing2D] Ball check | ball_found=True IsReleased=True HasHit=False
06-02 15:57:21.954 32342 32360 I Unity   : UnityEngine.Debug:ExtractStackTraceNoAlloc (byte*,int,string)
06-02 15:57:21.954 32342 32360 I Unity   : UnityEngine.StackTraceUtility:ExtractStackTrace () (at /home/bokken/build/output/unity/unity/Runtime/Export/Scripting/StackTrace.cs:35)
06-02 15:57:21.954 32342 32360 I Unity   : UnityEngine.DebugLogHandler:Internal_Log (UnityEngine.LogType,UnityEngine.LogOption,string,UnityEngine.Object)
06-02 15:57:21.954 32342 32360 I Unity   : UnityEngine.DebugLogHandler:LogFormat (UnityEngine.LogType,UnityEngine.Object,string,object[]) (at /home/bokken/build/output/unity/unity/Runtime/Export/Logging/DebugLogHandler.cs:9)
06-02 15:57:21.954 32342 32360 I Unity   : UnityEngine.Logger:Log (UnityEngine.LogType,object) (at /home/bokken/build/output/unity/unity/Runtime/Export/Logging/Logger.cs:60)
06-02 15:57:21.954 32342 32360 I Unity   : UnityEngine.Debug:Log (object) (at /home/bokken/build/output/unity/unity/Runtime/Export/Debug/Debug.bindings.cs:123)
06-02 15:57:21.954 32342 32360 I Unity   : TargetRing2D:OnTriggerEnter2D (UnityEngine.Collider2D) (at C:/Games/UnityProject/OrbitDrop3D/Assets/Scripts/Gameplay/TargetRing2D.cs:91)
06-02 15:57:21.954 32342 32360 I Unity   : 
06-02 15:57:21.954 32342 32360 I Unity   : (Filename: /home/bokken/build/output/unity/unity/Runtime/Export/Debug/Deb
06-02 15:57:21.954 32342 32360 I Unity   : [TargetRing2D] HIT ACCEPTED on 'LevelManager/TargetRing2D(Clone)' — processing score/destroy
06-02 15:57:21.954 32342 32360 I Unity   : UnityEngine.Debug:ExtractStackTraceNoAlloc (byte*,int,string)
06-02 15:57:21.954 32342 32360 I Unity   : UnityEngine.StackTraceUtility:ExtractStackTrace () (at /home/bokken/build/output/unity/unity/Runtime/Export/Scripting/StackTrace.cs:35)
06-02 15:57:21.954 32342 32360 I Unity   : UnityEngine.DebugLogHandler:Internal_Log (UnityEngine.LogType,UnityEngine.LogOption,string,UnityEngine.Object)
06-02 15:57:21.954 32342 32360 I Unity   : UnityEngine.DebugLogHandler:LogFormat (UnityEngine.LogType,UnityEngine.Object,string,object[]) (at /home/bokken/build/output/unity/unity/Runtime/Export/Logging/DebugLogHandler.cs:9)
06-02 15:57:21.954 32342 32360 I Unity   : UnityEngine.Logger:Log (UnityEngine.LogType,object) (at /home/bokken/build/output/unity/unity/Runtime/Export/Logging/Logger.cs:60)
06-02 15:57:21.954 32342 32360 I Unity   : UnityEngine.Debug:Log (object) (at /home/bokken/build/output/unity/unity/Runtime/Export/Debug/Debug.bindings.cs:123)
06-02 15:57:21.954 32342 32360 I Unity   : TargetRing2D:OnTriggerEnter2D (UnityEngine.Collider2D) (at C:/Games/UnityProject/OrbitDrop3D/Assets/Scripts/Gameplay/TargetRing2D.cs:94)
06-02 15:57:21.954 32342 32360 I Unity   : 
06-02 15:57:21.954 32342 32360 I Unity   : (Filename: /home/bokken/build/output/unity/unity/Ru
06-02 15:57:21.955 32342 32360 I Unity   : [ScoreManager] Hit! Combo=4  +400pts  Total=1000
06-02 15:57:21.955 32342 32360 I Unity   : UnityEngine.Debug:ExtractStackTraceNoAlloc (byte*,int,string)
06-02 15:57:21.955 32342 32360 I Unity   : UnityEngine.StackTraceUtility:ExtractStackTrace () (at /home/bokken/build/output/unity/unity/Runtime/Export/Scripting/StackTrace.cs:35)
06-02 15:57:21.955 32342 32360 I Unity   : UnityEngine.DebugLogHandler:Internal_Log (UnityEngine.LogType,UnityEngine.LogOption,string,UnityEngine.Object)
06-02 15:57:21.955 32342 32360 I Unity   : UnityEngine.DebugLogHandler:LogFormat (UnityEngine.LogType,UnityEngine.Object,string,object[]) (at /home/bokken/build/output/unity/unity/Runtime/Export/Logging/DebugLogHandler.cs:9)
06-02 15:57:21.955 32342 32360 I Unity   : UnityEngine.Logger:Log (UnityEngine.LogType,object) (at /home/bokken/build/output/unity/unity/Runtime/Export/Logging/Logger.cs:60)
06-02 15:57:21.955 32342 32360 I Unity   : UnityEngine.Debug:Log (object) (at /home/bokken/build/output/unity/unity/Runtime/Export/Debug/Debug.bindings.cs:123)
06-02 15:57:21.955 32342 32360 I Unity   : ScoreManager:RegisterHit () (at C:/Games/UnityProject/OrbitDrop3D/Assets/Scripts/Core/ScoreManager.cs:65)
06-02 15:57:21.955 32342 32360 I Unity   : TargetRing2D:OnTriggerEnter2D (UnityEngine.Collider2D) (at C:/Games/UnityProject/OrbitDrop3D/Assets/Scripts/Gameplay/TargetRing2D
06-02 15:57:21.956 32342 32360 I Unity   : Explosion spawned at: (1.70, 3.83, 0.00)
06-02 15:57:21.956 32342 32360 I Unity   : UnityEngine.Debug:ExtractStackTraceNoAlloc (byte*,int,string)
06-02 15:57:21.956 32342 32360 I Unity   : UnityEngine.StackTraceUtility:ExtractStackTrace () (at /home/bokken/build/output/unity/unity/Runtime/Export/Scripting/StackTrace.cs:35)
06-02 15:57:21.956 32342 32360 I Unity   : UnityEngine.DebugLogHandler:Internal_Log (UnityEngine.LogType,UnityEngine.LogOption,string,UnityEngine.Object)
06-02 15:57:21.956 32342 32360 I Unity   : UnityEngine.DebugLogHandler:LogFormat (UnityEngine.LogType,UnityEngine.Object,string,object[]) (at /home/bokken/build/output/unity/unity/Runtime/Export/Logging/DebugLogHandler.cs:9)
06-02 15:57:21.956 32342 32360 I Unity   : UnityEngine.Logger:Log (UnityEngine.LogType,object) (at /home/bokken/build/output/unity/unity/Runtime/Export/Logging/Logger.cs:60)
06-02 15:57:21.956 32342 32360 I Unity   : UnityEngine.Debug:Log (object) (at /home/bokken/build/output/unity/unity/Runtime/Export/Debug/Debug.bindings.cs:123)
06-02 15:57:21.956 32342 32360 I Unity   : CFXRExplosionManager:SpawnExplosion (UnityEngine.Vector3) (at C:/Games/UnityProject/OrbitDrop3D/Assets/Scripts/Utils/CFXRExplosionManager.cs:45)
06-02 15:57:21.956 32342 32360 I Unity   : ParticleManager:SpawnHitBurst (UnityEngine.Vector3) (at C:/Games/UnityProject/OrbitDrop3D/Assets/S
06-02 15:57:21.958 32342 32360 I Unity   : Life lost! Remaining: 1
06-02 15:57:21.958 32342 32360 I Unity   : UnityEngine.Debug:ExtractStackTraceNoAlloc (byte*,int,string)
06-02 15:57:21.958 32342 32360 I Unity   : UnityEngine.StackTraceUtility:ExtractStackTrace () (at /home/bokken/build/output/unity/unity/Runtime/Export/Scripting/StackTrace.cs:35)
06-02 15:57:21.958 32342 32360 I Unity   : UnityEngine.DebugLogHandler:Internal_Log (UnityEngine.LogType,UnityEngine.LogOption,string,UnityEngine.Object)
06-02 15:57:21.958 32342 32360 I Unity   : UnityEngine.DebugLogHandler:LogFormat (UnityEngine.LogType,UnityEngine.Object,string,object[]) (at /home/bokken/build/output/unity/unity/Runtime/Export/Logging/DebugLogHandler.cs:9)
06-02 15:57:21.958 32342 32360 I Unity   : UnityEngine.Logger:Log (UnityEngine.LogType,object) (at /home/bokken/build/output/unity/unity/Runtime/Export/Logging/Logger.cs:60)
06-02 15:57:21.958 32342 32360 I Unity   : UnityEngine.Debug:Log (object) (at /home/bokken/build/output/unity/unity/Runtime/Export/Debug/Debug.bindings.cs:123)
06-02 15:57:21.958 32342 32360 I Unity   : GameManager:LoseLife () (at C:/Games/UnityProject/OrbitDrop3D/Assets/Scripts/Core/GameManager.cs:125)
06-02 15:57:21.958 32342 32360 I Unity   : OrbiterBall2D:Update () (at C:/Games/UnityProject/OrbitDrop3D/Assets/Scripts/Gameplay/OrbiterBall2D.cs:75)
06-02 15:57:21.958 32342 32360 I Unity   : 
06-02 15:57:21.958 32342 32360 I Unity   : (Filename: /home/bokken/build/output/unity/unity/R
06-02 15:57:21.958 32342 32360 I Unity   : Heart updated instantly — lives: 1
06-02 15:57:21.958 32342 32360 I Unity   : UnityEngine.Debug:ExtractStackTraceNoAlloc (byte*,int,string)
06-02 15:57:21.958 32342 32360 I Unity   : UnityEngine.StackTraceUtility:ExtractStackTrace () (at /home/bokken/build/output/unity/unity/Runtime/Export/Scripting/StackTrace.cs:35)
06-02 15:57:21.958 32342 32360 I Unity   : UnityEngine.DebugLogHandler:Internal_Log (UnityEngine.LogType,UnityEngine.LogOption,string,UnityEngine.Object)
06-02 15:57:21.958 32342 32360 I Unity   : UnityEngine.DebugLogHandler:LogFormat (UnityEngine.LogType,UnityEngine.Object,string,object[]) (at /home/bokken/build/output/unity/unity/Runtime/Export/Logging/DebugLogHandler.cs:9)
06-02 15:57:21.958 32342 32360 I Unity   : UnityEngine.Logger:Log (UnityEngine.LogType,object) (at /home/bokken/build/output/unity/unity/Runtime/Export/Logging/Logger.cs:60)
06-02 15:57:21.958 32342 32360 I Unity   : UnityEngine.Debug:Log (object) (at /home/bokken/build/output/unity/unity/Runtime/Export/Debug/Debug.bindings.cs:123)
06-02 15:57:21.958 32342 32360 I Unity   : GameHUD:OnLivesChanged (int) (at C:/Games/UnityProject/OrbitDrop3D/Assets/Scripts/UI/GameHUD.cs:101)
06-02 15:57:21.958 32342 32360 I Unity   : GameManager:LoseLife () (at C:/Games/UnityProject/OrbitDrop3D/Assets/Scripts/Core/GameManager.cs:126)
06-02 15:57:21.958 32342 32360 I Unity   : OrbiterBall2D:Update () (at C:/Games/UnityPr
06-02 15:57:21.997 32342 32360 I Unity   : [OrbiterBall] Hit: TargetRing2D  tag=Untagged  released=True
06-02 15:57:21.997 32342 32360 I Unity   : UnityEngine.Debug:ExtractStackTraceNoAlloc (byte*,int,string)
06-02 15:57:21.997 32342 32360 I Unity   : UnityEngine.StackTraceUtility:ExtractStackTrace () (at /home/bokken/build/output/unity/unity/Runtime/Export/Scripting/StackTrace.cs:35)
06-02 15:57:21.997 32342 32360 I Unity   : UnityEngine.DebugLogHandler:Internal_Log (UnityEngine.LogType,UnityEngine.LogOption,string,UnityEngine.Object)
06-02 15:57:21.997 32342 32360 I Unity   : UnityEngine.DebugLogHandler:LogFormat (UnityEngine.LogType,UnityEngine.Object,string,object[]) (at /home/bokken/build/output/unity/unity/Runtime/Export/Logging/DebugLogHandler.cs:9)
06-02 15:57:21.997 32342 32360 I Unity   : UnityEngine.Logger:Log (UnityEngine.LogType,object) (at /home/bokken/build/output/unity/unity/Runtime/Export/Logging/Logger.cs:60)
06-02 15:57:21.997 32342 32360 I Unity   : UnityEngine.Debug:Log (object) (at /home/bokken/build/output/unity/unity/Runtime/Export/Debug/Debug.bindings.cs:123)
06-02 15:57:21.997 32342 32360 I Unity   : OrbiterBall2D:OnTriggerEnter2D (UnityEngine.Collider2D) (at C:/Games/UnityProject/OrbitDrop3D/Assets/Scripts/Gameplay/OrbiterBall2D.cs:53)
06-02 15:57:21.997 32342 32360 I Unity   : 
06-02 15:57:21.997 32342 32360 I Unity   : (Filename: /home/bokken/build/output/unity/unity/Runtime/Export/Debug/Debug.binding
06-02 15:57:22.309 32342 32360 I Unity   : Life lost! Remaining: 0
06-02 15:57:22.309 32342 32360 I Unity   : UnityEngine.Debug:ExtractStackTraceNoAlloc (byte*,int,string)
06-02 15:57:22.309 32342 32360 I Unity   : UnityEngine.StackTraceUtility:ExtractStackTrace () (at /home/bokken/build/output/unity/unity/Runtime/Export/Scripting/StackTrace.cs:35)
06-02 15:57:22.309 32342 32360 I Unity   : UnityEngine.DebugLogHandler:Internal_Log (UnityEngine.LogType,UnityEngine.LogOption,string,UnityEngine.Object)
06-02 15:57:22.309 32342 32360 I Unity   : UnityEngine.DebugLogHandler:LogFormat (UnityEngine.LogType,UnityEngine.Object,string,object[]) (at /home/bokken/build/output/unity/unity/Runtime/Export/Logging/DebugLogHandler.cs:9)
06-02 15:57:22.309 32342 32360 I Unity   : UnityEngine.Logger:Log (UnityEngine.LogType,object) (at /home/bokken/build/output/unity/unity/Runtime/Export/Logging/Logger.cs:60)
06-02 15:57:22.309 32342 32360 I Unity   : UnityEngine.Debug:Log (object) (at /home/bokken/build/output/unity/unity/Runtime/Export/Debug/Debug.bindings.cs:123)
06-02 15:57:22.309 32342 32360 I Unity   : GameManager:LoseLife () (at C:/Games/UnityProject/OrbitDrop3D/Assets/Scripts/Core/GameManager.cs:125)
06-02 15:57:22.309 32342 32360 I Unity   : OrbiterBall2D:Update () (at C:/Games/UnityProject/OrbitDrop3D/Assets/Scripts/Gameplay/OrbiterBall2D.cs:75)
06-02 15:57:22.309 32342 32360 I Unity   : 
06-02 15:57:22.309 32342 32360 I Unity   : (Filename: /home/bokken/build/output/unity/unity/R
06-02 15:57:22.309 32342 32360 I Unity   : Heart updated instantly — lives: 0
06-02 15:57:22.309 32342 32360 I Unity   : UnityEngine.Debug:ExtractStackTraceNoAlloc (byte*,int,string)
06-02 15:57:22.309 32342 32360 I Unity   : UnityEngine.StackTraceUtility:ExtractStackTrace () (at /home/bokken/build/output/unity/unity/Runtime/Export/Scripting/StackTrace.cs:35)
06-02 15:57:22.309 32342 32360 I Unity   : UnityEngine.DebugLogHandler:Internal_Log (UnityEngine.LogType,UnityEngine.LogOption,string,UnityEngine.Object)
06-02 15:57:22.309 32342 32360 I Unity   : UnityEngine.DebugLogHandler:LogFormat (UnityEngine.LogType,UnityEngine.Object,string,object[]) (at /home/bokken/build/output/unity/unity/Runtime/Export/Logging/DebugLogHandler.cs:9)
06-02 15:57:22.309 32342 32360 I Unity   : UnityEngine.Logger:Log (UnityEngine.LogType,object) (at /home/bokken/build/output/unity/unity/Runtime/Export/Logging/Logger.cs:60)
06-02 15:57:22.309 32342 32360 I Unity   : UnityEngine.Debug:Log (object) (at /home/bokken/build/output/unity/unity/Runtime/Export/Debug/Debug.bindings.cs:123)
06-02 15:57:22.309 32342 32360 I Unity   : GameHUD:OnLivesChanged (int) (at C:/Games/UnityProject/OrbitDrop3D/Assets/Scripts/UI/GameHUD.cs:101)
06-02 15:57:22.309 32342 32360 I Unity   : GameManager:LoseLife () (at C:/Games/UnityProject/OrbitDrop3D/Assets/Scripts/Core/GameManager.cs:126)
06-02 15:57:22.309 32342 32360 I Unity   : OrbiterBall2D:Update () (at C:/Games/UnityPr
06-02 15:57:22.310 32342 32360 I Unity   : GAME OVER - instant!
06-02 15:57:22.310 32342 32360 I Unity   : UnityEngine.Debug:ExtractStackTraceNoAlloc (byte*,int,string)
06-02 15:57:22.310 32342 32360 I Unity   : UnityEngine.StackTraceUtility:ExtractStackTrace () (at /home/bokken/build/output/unity/unity/Runtime/Export/Scripting/StackTrace.cs:35)
06-02 15:57:22.310 32342 32360 I Unity   : UnityEngine.DebugLogHandler:Internal_Log (UnityEngine.LogType,UnityEngine.LogOption,string,UnityEngine.Object)
06-02 15:57:22.310 32342 32360 I Unity   : UnityEngine.DebugLogHandler:LogFormat (UnityEngine.LogType,UnityEngine.Object,string,object[]) (at /home/bokken/build/output/unity/unity/Runtime/Export/Logging/DebugLogHandler.cs:9)
06-02 15:57:22.310 32342 32360 I Unity   : UnityEngine.Logger:Log (UnityEngine.LogType,object) (at /home/bokken/build/output/unity/unity/Runtime/Export/Logging/Logger.cs:60)
06-02 15:57:22.310 32342 32360 I Unity   : UnityEngine.Debug:Log (object) (at /home/bokken/build/output/unity/unity/Runtime/Export/Debug/Debug.bindings.cs:123)
06-02 15:57:22.310 32342 32360 I Unity   : GameManager:LoseLife () (at C:/Games/UnityProject/OrbitDrop3D/Assets/Scripts/Core/GameManager.cs:130)
06-02 15:57:22.310 32342 32360 I Unity   : OrbiterBall2D:Update () (at C:/Games/UnityProject/OrbitDrop3D/Assets/Scripts/Gameplay/OrbiterBall2D.cs:75)
06-02 15:57:22.310 32342 32360 I Unity   : 
06-02 15:57:22.310 32342 32360 I Unity   : (Filename: /home/bokken/build/output/unity/unity/Runt
06-02 15:57:22.310 32342 32360 I Unity   : [GameManager] State -> GameOver  Level=11  Lives=0
06-02 15:57:22.310 32342 32360 I Unity   : UnityEngine.Debug:ExtractStackTraceNoAlloc (byte*,int,string)
06-02 15:57:22.310 32342 32360 I Unity   : UnityEngine.StackTraceUtility:ExtractStackTrace () (at /home/bokken/build/output/unity/unity/Runtime/Export/Scripting/StackTrace.cs:35)
06-02 15:57:22.310 32342 32360 I Unity   : UnityEngine.DebugLogHandler:Internal_Log (UnityEngine.LogType,UnityEngine.LogOption,string,UnityEngine.Object)
06-02 15:57:22.310 32342 32360 I Unity   : UnityEngine.DebugLogHandler:LogFormat (UnityEngine.LogType,UnityEngine.Object,string,object[]) (at /home/bokken/build/output/unity/unity/Runtime/Export/Logging/DebugLogHandler.cs:9)
06-02 15:57:22.310 32342 32360 I Unity   : UnityEngine.Logger:Log (UnityEngine.LogType,object) (at /home/bokken/build/output/unity/unity/Runtime/Export/Logging/Logger.cs:60)
06-02 15:57:22.310 32342 32360 I Unity   : UnityEngine.Debug:Log (object) (at /home/bokken/build/output/unity/unity/Runtime/Export/Debug/Debug.bindings.cs:123)
06-02 15:57:22.310 32342 32360 I Unity   : GameManager:SetState (GameManager/GameState) (at C:/Games/UnityProject/OrbitDrop3D/Assets/Scripts/Core/GameManager.cs:174)
06-02 15:57:22.310 32342 32360 I Unity   : GameManager:LoseLife () (at C:/Games/UnityProject/OrbitDrop3D/Assets/Scripts/Core/GameManager.cs:131)
06-02 15:57:22.310 32342 32360 I Unity   : OrbiterB
06-02 15:57:22.313 32342 32360 I Unity   : [LevelManager] State -> GameOver
06-02 15:57:22.313 32342 32360 I Unity   : UnityEngine.Debug:ExtractStackTraceNoAlloc (byte*,int,string)
06-02 15:57:22.313 32342 32360 I Unity   : UnityEngine.StackTraceUtility:ExtractStackTrace () (at /home/bokken/build/output/unity/unity/Runtime/Export/Scripting/StackTrace.cs:35)
06-02 15:57:22.313 32342 32360 I Unity   : UnityEngine.DebugLogHandler:Internal_Log (UnityEngine.LogType,UnityEngine.LogOption,string,UnityEngine.Object)
06-02 15:57:22.313 32342 32360 I Unity   : UnityEngine.DebugLogHandler:LogFormat (UnityEngine.LogType,UnityEngine.Object,string,object[]) (at /home/bokken/build/output/unity/unity/Runtime/Export/Logging/DebugLogHandler.cs:9)
06-02 15:57:22.313 32342 32360 I Unity   : UnityEngine.Logger:Log (UnityEngine.LogType,object) (at /home/bokken/build/output/unity/unity/Runtime/Export/Logging/Logger.cs:60)
06-02 15:57:22.313 32342 32360 I Unity   : UnityEngine.Debug:Log (object) (at /home/bokken/build/output/unity/unity/Runtime/Export/Debug/Debug.bindings.cs:123)
06-02 15:57:22.313 32342 32360 I Unity   : LevelManager:HandleStateChanged (GameManager/GameState) (at C:/Games/UnityProject/OrbitDrop3D/Assets/Scripts/Core/LevelManager.cs:53)
06-02 15:57:22.313 32342 32360 I Unity   : GameManager:SetState (GameManager/GameState) (at C:/Games/UnityProject/OrbitDrop3D/Assets/Scripts/Core/GameManager.cs
06-02 15:57:22.353 32342 32360 W Unity   : The character with Unicode value \U0001F3C6 was not found in the [LiberationSans SDF] font asset or any potential fallbacks. It was replaced by Unicode character \u25A1 in text object [BestScoreText].
06-02 15:57:22.353 32342 32360 W Unity   : UnityEngine.Debug:ExtractStackTraceNoAlloc (byte*,int,string)
06-02 15:57:22.353 32342 32360 W Unity   : UnityEngine.StackTraceUtility:ExtractStackTrace () (at /home/bokken/build/output/unity/unity/Runtime/Export/Scripting/StackTrace.cs:35)
06-02 15:57:22.353 32342 32360 W Unity   : UnityEngine.DebugLogHandler:Internal_Log (UnityEngine.LogType,UnityEngine.LogOption,string,UnityEngine.Object)
06-02 15:57:22.353 32342 32360 W Unity   : UnityEngine.DebugLogHandler:LogFormat (UnityEngine.LogType,UnityEngine.Object,string,object[]) (at /home/bokken/build/output/unity/unity/Runtime/Export/Logging/DebugLogHandler.cs:9)
06-02 15:57:22.353 32342 32360 W Unity   : UnityEngine.Logger:Log (UnityEngine.LogType,object,UnityEngine.Object) (at /home/bokken/build/output/unity/unity/Runtime/Export/Logging/Logger.cs:66)
06-02 15:57:22.353 32342 32360 W Unity   : UnityEngine.Debug:LogWarning (object,UnityEngine.Object) (at /home/bokken/build/output/unity/unity/Runtime/Export/Debug/Debug.bindings.cs:216)
06-02 15:57:22.353 32342 32360 W Unity   : TMPro.TextMeshProUGUI:SetArraySizes (T
06-02 15:57:24.821 32342 32360 I Unity   : Heart updated instantly — lives: 3
06-02 15:57:24.821 32342 32360 I Unity   : UnityEngine.Debug:ExtractStackTraceNoAlloc (byte*,int,string)
06-02 15:57:24.821 32342 32360 I Unity   : UnityEngine.StackTraceUtility:ExtractStackTrace () (at /home/bokken/build/output/unity/unity/Runtime/Export/Scripting/StackTrace.cs:35)
06-02 15:57:24.821 32342 32360 I Unity   : UnityEngine.DebugLogHandler:Internal_Log (UnityEngine.LogType,UnityEngine.LogOption,string,UnityEngine.Object)
06-02 15:57:24.821 32342 32360 I Unity   : UnityEngine.DebugLogHandler:LogFormat (UnityEngine.LogType,UnityEngine.Object,string,object[]) (at /home/bokken/build/output/unity/unity/Runtime/Export/Logging/DebugLogHandler.cs:9)
06-02 15:57:24.821 32342 32360 I Unity   : UnityEngine.Logger:Log (UnityEngine.LogType,object) (at /home/bokken/build/output/unity/unity/Runtime/Export/Logging/Logger.cs:60)
06-02 15:57:24.821 32342 32360 I Unity   : UnityEngine.Debug:Log (object) (at /home/bokken/build/output/unity/unity/Runtime/Export/Debug/Debug.bindings.cs:123)
06-02 15:57:24.821 32342 32360 I Unity   : GameHUD:OnLivesChanged (int) (at C:/Games/UnityProject/OrbitDrop3D/Assets/Scripts/UI/GameHUD.cs:101)
06-02 15:57:24.821 32342 32360 I Unity   : GameManager:RestartCurrentLevel () (at C:/Games/UnityProject/OrbitDrop3D/Assets/Scripts/Core/GameManager.cs:114)
06-02 15:57:24.821 32342 32360 I Unity   : GameOverUI:OnRetry () (at C:/Game
06-02 15:57:24.823 32342 32360 I Unity   : [GameManager] State -> Playing  Level=11  Lives=3
06-02 15:57:24.823 32342 32360 I Unity   : UnityEngine.Debug:ExtractStackTraceNoAlloc (byte*,int,string)
06-02 15:57:24.823 32342 32360 I Unity   : UnityEngine.StackTraceUtility:ExtractStackTrace () (at /home/bokken/build/output/unity/unity/Runtime/Export/Scripting/StackTrace.cs:35)
06-02 15:57:24.823 32342 32360 I Unity   : UnityEngine.DebugLogHandler:Internal_Log (UnityEngine.LogType,UnityEngine.LogOption,string,UnityEngine.Object)
06-02 15:57:24.823 32342 32360 I Unity   : UnityEngine.DebugLogHandler:LogFormat (UnityEngine.LogType,UnityEngine.Object,string,object[]) (at /home/bokken/build/output/unity/unity/Runtime/Export/Logging/DebugLogHandler.cs:9)
06-02 15:57:24.823 32342 32360 I Unity   : UnityEngine.Logger:Log (UnityEngine.LogType,object) (at /home/bokken/build/output/unity/unity/Runtime/Export/Logging/Logger.cs:60)
06-02 15:57:24.823 32342 32360 I Unity   : UnityEngine.Debug:Log (object) (at /home/bokken/build/output/unity/unity/Runtime/Export/Debug/Debug.bindings.cs:123)
06-02 15:57:24.823 32342 32360 I Unity   : GameManager:SetState (GameManager/GameState) (at C:/Games/UnityProject/OrbitDrop3D/Assets/Scripts/Core/GameManager.cs:174)
06-02 15:57:24.823 32342 32360 I Unity   : GameManager:RestartCurrentLevel () (at C:/Games/UnityProject/OrbitDrop3D/Assets/Scripts/Core/GameManager.cs:115
06-02 15:57:24.824 32342 32360 I Unity   : Heart updated instantly — lives: 3
06-02 15:57:24.824 32342 32360 I Unity   : UnityEngine.Debug:ExtractStackTraceNoAlloc (byte*,int,string)
06-02 15:57:24.824 32342 32360 I Unity   : UnityEngine.StackTraceUtility:ExtractStackTrace () (at /home/bokken/build/output/unity/unity/Runtime/Export/Scripting/StackTrace.cs:35)
06-02 15:57:24.824 32342 32360 I Unity   : UnityEngine.DebugLogHandler:Internal_Log (UnityEngine.LogType,UnityEngine.LogOption,string,UnityEngine.Object)
06-02 15:57:24.824 32342 32360 I Unity   : UnityEngine.DebugLogHandler:LogFormat (UnityEngine.LogType,UnityEngine.Object,string,object[]) (at /home/bokken/build/output/unity/unity/Runtime/Export/Logging/DebugLogHandler.cs:9)
06-02 15:57:24.824 32342 32360 I Unity   : UnityEngine.Logger:Log (UnityEngine.LogType,object) (at /home/bokken/build/output/unity/unity/Runtime/Export/Logging/Logger.cs:60)
06-02 15:57:24.824 32342 32360 I Unity   : UnityEngine.Debug:Log (object) (at /home/bokken/build/output/unity/unity/Runtime/Export/Debug/Debug.bindings.cs:123)
06-02 15:57:24.824 32342 32360 I Unity   : GameHUD:OnLivesChanged (int) (at C:/Games/UnityProject/OrbitDrop3D/Assets/Scripts/UI/GameHUD.cs:101)
06-02 15:57:24.824 32342 32360 I Unity   : GameHUD:Refresh () (at C:/Games/UnityProject/OrbitDrop3D/Assets/Scripts/UI/GameHUD.cs:122)
06-02 15:57:24.824 32342 32360 I Unity   : GameHUD:OnStateChanged (GameManager/GameState) (at C:/G
06-02 15:57:24.825 32342 32360 I Unity   : [LevelManager] State -> Playing
06-02 15:57:24.825 32342 32360 I Unity   : UnityEngine.Debug:ExtractStackTraceNoAlloc (byte*,int,string)
06-02 15:57:24.825 32342 32360 I Unity   : UnityEngine.StackTraceUtility:ExtractStackTrace () (at /home/bokken/build/output/unity/unity/Runtime/Export/Scripting/StackTrace.cs:35)
06-02 15:57:24.825 32342 32360 I Unity   : UnityEngine.DebugLogHandler:Internal_Log (UnityEngine.LogType,UnityEngine.LogOption,string,UnityEngine.Object)
06-02 15:57:24.825 32342 32360 I Unity   : UnityEngine.DebugLogHandler:LogFormat (UnityEngine.LogType,UnityEngine.Object,string,object[]) (at /home/bokken/build/output/unity/unity/Runtime/Export/Logging/DebugLogHandler.cs:9)
06-02 15:57:24.825 32342 32360 I Unity   : UnityEngine.Logger:Log (UnityEngine.LogType,object) (at /home/bokken/build/output/unity/unity/Runtime/Export/Logging/Logger.cs:60)
06-02 15:57:24.825 32342 32360 I Unity   : UnityEngine.Debug:Log (object) (at /home/bokken/build/output/unity/unity/Runtime/Export/Debug/Debug.bindings.cs:123)
06-02 15:57:24.825 32342 32360 I Unity   : LevelManager:HandleStateChanged (GameManager/GameState) (at C:/Games/UnityProject/OrbitDrop3D/Assets/Scripts/Core/LevelManager.cs:53)
06-02 15:57:24.825 32342 32360 I Unity   : GameManager:SetState (GameManager/GameState) (at C:/Games/UnityProject/OrbitDrop3D/Assets/Scripts/Core/GameManager.cs:
06-02 15:57:24.828 32342 32360 I Unity   : [LevelManager] LoadLevel(11)
06-02 15:57:24.828 32342 32360 I Unity   : UnityEngine.Debug:ExtractStackTraceNoAlloc (byte*,int,string)
06-02 15:57:24.828 32342 32360 I Unity   : UnityEngine.StackTraceUtility:ExtractStackTrace () (at /home/bokken/build/output/unity/unity/Runtime/Export/Scripting/StackTrace.cs:35)
06-02 15:57:24.828 32342 32360 I Unity   : UnityEngine.DebugLogHandler:Internal_Log (UnityEngine.LogType,UnityEngine.LogOption,string,UnityEngine.Object)
06-02 15:57:24.828 32342 32360 I Unity   : UnityEngine.DebugLogHandler:LogFormat (UnityEngine.LogType,UnityEngine.Object,string,object[]) (at /home/bokken/build/output/unity/unity/Runtime/Export/Logging/DebugLogHandler.cs:9)
06-02 15:57:24.828 32342 32360 I Unity   : UnityEngine.Logger:Log (UnityEngine.LogType,object) (at /home/bokken/build/output/unity/unity/Runtime/Export/Logging/Logger.cs:60)
06-02 15:57:24.828 32342 32360 I Unity   : UnityEngine.Debug:Log (object) (at /home/bokken/build/output/unity/unity/Runtime/Export/Debug/Debug.bindings.cs:123)
06-02 15:57:24.828 32342 32360 I Unity   : LevelManager:LoadLevel (int) (at C:/Games/UnityProject/OrbitDrop3D/Assets/Scripts/Core/LevelManager.cs:135)
06-02 15:57:24.828 32342 32360 I Unity   : GameManager:RestartCurrentLevel () (at C:/Games/UnityProject/OrbitDrop3D/Assets/Scripts/Core/GameManager.cs:116)
06-02 15:57:24.828 32342 32360 I Unity   : GameOverUI:OnRetry () (at C:/Games
06-02 15:57:24.829 32342 32360 I Unity   : [LevelManager] Camera  pos=(0.00,0.00)  orthoSize=6.09  aspect=0.46  |  bounds  top=6.09  bottom=-6.09  left=-2.81  right=2.81
06-02 15:57:24.829 32342 32360 I Unity   : UnityEngine.Debug:ExtractStackTraceNoAlloc (byte*,int,string)
06-02 15:57:24.829 32342 32360 I Unity   : UnityEngine.StackTraceUtility:ExtractStackTrace () (at /home/bokken/build/output/unity/unity/Runtime/Export/Scripting/StackTrace.cs:35)
06-02 15:57:24.829 32342 32360 I Unity   : UnityEngine.DebugLogHandler:Internal_Log (UnityEngine.LogType,UnityEngine.LogOption,string,UnityEngine.Object)
06-02 15:57:24.829 32342 32360 I Unity   : UnityEngine.DebugLogHandler:LogFormat (UnityEngine.LogType,UnityEngine.Object,string,object[]) (at /home/bokken/build/output/unity/unity/Runtime/Export/Logging/DebugLogHandler.cs:9)
06-02 15:57:24.829 32342 32360 I Unity   : UnityEngine.Logger:Log (UnityEngine.LogType,object) (at /home/bokken/build/output/unity/unity/Runtime/Export/Logging/Logger.cs:60)
06-02 15:57:24.829 32342 32360 I Unity   : UnityEngine.Debug:Log (object) (at /home/bokken/build/output/unity/unity/Runtime/Export/Debug/Debug.bindings.cs:123)
06-02 15:57:24.829 32342 32360 I Unity   : LevelManager:LogCameraBounds (UnityEngine.Camera) (at C:/Games/UnityProject/OrbitDrop3D/Assets/Scripts/Core/LevelManager.cs:265)
06-02 15:57:24.829 32342 32360 I Unity   : LevelManager:SpawnTargets (L
06-02 15:57:24.830 32342 32360 I Unity   : [LevelManager] TargetRing[0] spawned at (-1.51, 4.48)
06-02 15:57:24.830 32342 32360 I Unity   : UnityEngine.Debug:ExtractStackTraceNoAlloc (byte*,int,string)
06-02 15:57:24.830 32342 32360 I Unity   : UnityEngine.StackTraceUtility:ExtractStackTrace () (at /home/bokken/build/output/unity/unity/Runtime/Export/Scripting/StackTrace.cs:35)
06-02 15:57:24.830 32342 32360 I Unity   : UnityEngine.DebugLogHandler:Internal_Log (UnityEngine.LogType,UnityEngine.LogOption,string,UnityEngine.Object)
06-02 15:57:24.830 32342 32360 I Unity   : UnityEngine.DebugLogHandler:LogFormat (UnityEngine.LogType,UnityEngine.Object,string,object[]) (at /home/bokken/build/output/unity/unity/Runtime/Export/Logging/DebugLogHandler.cs:9)
06-02 15:57:24.830 32342 32360 I Unity   : UnityEngine.Logger:Log (UnityEngine.LogType,object) (at /home/bokken/build/output/unity/unity/Runtime/Export/Logging/Logger.cs:60)
06-02 15:57:24.830 32342 32360 I Unity   : UnityEngine.Debug:Log (object) (at /home/bokken/build/output/unity/unity/Runtime/Export/Debug/Debug.bindings.cs:123)
06-02 15:57:24.830 32342 32360 I Unity   : LevelManager:SpawnTargets (LevelManager/LevelConfig) (at C:/Games/UnityProject/OrbitDrop3D/Assets/Scripts/Core/LevelManager.cs:254)
06-02 15:57:24.830 32342 32360 I Unity   : LevelManager:LoadLevel (int) (at C:/Games/UnityProject/OrbitDrop3D/Assets/Scripts/Core/LevelManage
06-02 15:57:24.832 32342 32360 I Unity   : [LevelManager] TargetRing[1] spawned at (-1.76, 3.60)
06-02 15:57:24.832 32342 32360 I Unity   : UnityEngine.Debug:ExtractStackTraceNoAlloc (byte*,int,string)
06-02 15:57:24.832 32342 32360 I Unity   : UnityEngine.StackTraceUtility:ExtractStackTrace () (at /home/bokken/build/output/unity/unity/Runtime/Export/Scripting/StackTrace.cs:35)
06-02 15:57:24.832 32342 32360 I Unity   : UnityEngine.DebugLogHandler:Internal_Log (UnityEngine.LogType,UnityEngine.LogOption,string,UnityEngine.Object)
06-02 15:57:24.832 32342 32360 I Unity   : UnityEngine.DebugLogHandler:LogFormat (UnityEngine.LogType,UnityEngine.Object,string,object[]) (at /home/bokken/build/output/unity/unity/Runtime/Export/Logging/DebugLogHandler.cs:9)
06-02 15:57:24.832 32342 32360 I Unity   : UnityEngine.Logger:Log (UnityEngine.LogType,object) (at /home/bokken/build/output/unity/unity/Runtime/Export/Logging/Logger.cs:60)
06-02 15:57:24.832 32342 32360 I Unity   : UnityEngine.Debug:Log (object) (at /home/bokken/build/output/unity/unity/Runtime/Export/Debug/Debug.bindings.cs:123)
06-02 15:57:24.832 32342 32360 I Unity   : LevelManager:SpawnTargets (LevelManager/LevelConfig) (at C:/Games/UnityProject/OrbitDrop3D/Assets/Scripts/Core/LevelManager.cs:254)
06-02 15:57:24.832 32342 32360 I Unity   : LevelManager:LoadLevel (int) (at C:/Games/UnityProject/OrbitDrop3D/Assets/Scripts/Core/LevelManage
06-02 15:57:24.833 32342 32360 I Unity   : [LevelManager] TargetRing[2] spawned at (-0.91, 2.98)
06-02 15:57:24.833 32342 32360 I Unity   : UnityEngine.Debug:ExtractStackTraceNoAlloc (byte*,int,string)
06-02 15:57:24.833 32342 32360 I Unity   : UnityEngine.StackTraceUtility:ExtractStackTrace () (at /home/bokken/build/output/unity/unity/Runtime/Export/Scripting/StackTrace.cs:35)
06-02 15:57:24.833 32342 32360 I Unity   : UnityEngine.DebugLogHandler:Internal_Log (UnityEngine.LogType,UnityEngine.LogOption,string,UnityEngine.Object)
06-02 15:57:24.833 32342 32360 I Unity   : UnityEngine.DebugLogHandler:LogFormat (UnityEngine.LogType,UnityEngine.Object,string,object[]) (at /home/bokken/build/output/unity/unity/Runtime/Export/Logging/DebugLogHandler.cs:9)
06-02 15:57:24.833 32342 32360 I Unity   : UnityEngine.Logger:Log (UnityEngine.LogType,object) (at /home/bokken/build/output/unity/unity/Runtime/Export/Logging/Logger.cs:60)
06-02 15:57:24.833 32342 32360 I Unity   : UnityEngine.Debug:Log (object) (at /home/bokken/build/output/unity/unity/Runtime/Export/Debug/Debug.bindings.cs:123)
06-02 15:57:24.833 32342 32360 I Unity   : LevelManager:SpawnTargets (LevelManager/LevelConfig) (at C:/Games/UnityProject/OrbitDrop3D/Assets/Scripts/Core/LevelManager.cs:254)
06-02 15:57:24.833 32342 32360 I Unity   : LevelManager:LoadLevel (int) (at C:/Games/UnityProject/OrbitDrop3D/Assets/Scripts/Core/LevelManage
06-02 15:57:24.834 32342 32360 I Unity   : [LevelManager] TargetRing[3] spawned at (-2.08, 4.20)
06-02 15:57:24.834 32342 32360 I Unity   : UnityEngine.Debug:ExtractStackTraceNoAlloc (byte*,int,string)
06-02 15:57:24.834 32342 32360 I Unity   : UnityEngine.StackTraceUtility:ExtractStackTrace () (at /home/bokken/build/output/unity/unity/Runtime/Export/Scripting/StackTrace.cs:35)
06-02 15:57:24.834 32342 32360 I Unity   : UnityEngine.DebugLogHandler:Internal_Log (UnityEngine.LogType,UnityEngine.LogOption,string,UnityEngine.Object)
06-02 15:57:24.834 32342 32360 I Unity   : UnityEngine.DebugLogHandler:LogFormat (UnityEngine.LogType,UnityEngine.Object,string,object[]) (at /home/bokken/build/output/unity/unity/Runtime/Export/Logging/DebugLogHandler.cs:9)
06-02 15:57:24.834 32342 32360 I Unity   : UnityEngine.Logger:Log (UnityEngine.LogType,object) (at /home/bokken/build/output/unity/unity/Runtime/Export/Logging/Logger.cs:60)
06-02 15:57:24.834 32342 32360 I Unity   : UnityEngine.Debug:Log (object) (at /home/bokken/build/output/unity/unity/Runtime/Export/Debug/Debug.bindings.cs:123)
06-02 15:57:24.834 32342 32360 I Unity   : LevelManager:SpawnTargets (LevelManager/LevelConfig) (at C:/Games/UnityProject/OrbitDrop3D/Assets/Scripts/Core/LevelManager.cs:254)
06-02 15:57:24.834 32342 32360 I Unity   : LevelManager:LoadLevel (int) (at C:/Games/UnityProject/OrbitDrop3D/Assets/Scripts/Core/LevelManage
06-02 15:57:24.837 32342 32360 I Unity   : [LevelManager] TargetRing[4] spawned at (0.08, -3.27)
06-02 15:57:24.837 32342 32360 I Unity   : UnityEngine.Debug:ExtractStackTraceNoAlloc (byte*,int,string)
06-02 15:57:24.837 32342 32360 I Unity   : UnityEngine.StackTraceUtility:ExtractStackTrace () (at /home/bokken/build/output/unity/unity/Runtime/Export/Scripting/StackTrace.cs:35)
06-02 15:57:24.837 32342 32360 I Unity   : UnityEngine.DebugLogHandler:Internal_Log (UnityEngine.LogType,UnityEngine.LogOption,string,UnityEngine.Object)
06-02 15:57:24.837 32342 32360 I Unity   : UnityEngine.DebugLogHandler:LogFormat (UnityEngine.LogType,UnityEngine.Object,string,object[]) (at /home/bokken/build/output/unity/unity/Runtime/Export/Logging/DebugLogHandler.cs:9)
06-02 15:57:24.837 32342 32360 I Unity   : UnityEngine.Logger:Log (UnityEngine.LogType,object) (at /home/bokken/build/output/unity/unity/Runtime/Export/Logging/Logger.cs:60)
06-02 15:57:24.837 32342 32360 I Unity   : UnityEngine.Debug:Log (object) (at /home/bokken/build/output/unity/unity/Runtime/Export/Debug/Debug.bindings.cs:123)
06-02 15:57:24.837 32342 32360 I Unity   : LevelManager:SpawnTargets (LevelManager/LevelConfig) (at C:/Games/UnityProject/OrbitDrop3D/Assets/Scripts/Core/LevelManager.cs:254)
06-02 15:57:24.837 32342 32360 I Unity   : LevelManager:LoadLevel (int) (at C:/Games/UnityProject/OrbitDrop3D/Assets/Scripts/Core/LevelManage
06-02 15:57:24.838 32342 32360 I Unity   : [LevelManager] TargetRing[5] spawned at (-0.87, 3.67)
06-02 15:57:24.838 32342 32360 I Unity   : UnityEngine.Debug:ExtractStackTraceNoAlloc (byte*,int,string)
06-02 15:57:24.838 32342 32360 I Unity   : UnityEngine.StackTraceUtility:ExtractStackTrace () (at /home/bokken/build/output/unity/unity/Runtime/Export/Scripting/StackTrace.cs:35)
06-02 15:57:24.838 32342 32360 I Unity   : UnityEngine.DebugLogHandler:Internal_Log (UnityEngine.LogType,UnityEngine.LogOption,string,UnityEngine.Object)
06-02 15:57:24.838 32342 32360 I Unity   : UnityEngine.DebugLogHandler:LogFormat (UnityEngine.LogType,UnityEngine.Object,string,object[]) (at /home/bokken/build/output/unity/unity/Runtime/Export/Logging/DebugLogHandler.cs:9)
06-02 15:57:24.838 32342 32360 I Unity   : UnityEngine.Logger:Log (UnityEngine.LogType,object) (at /home/bokken/build/output/unity/unity/Runtime/Export/Logging/Logger.cs:60)
06-02 15:57:24.838 32342 32360 I Unity   : UnityEngine.Debug:Log (object) (at /home/bokken/build/output/unity/unity/Runtime/Export/Debug/Debug.bindings.cs:123)
06-02 15:57:24.838 32342 32360 I Unity   : LevelManager:SpawnTargets (LevelManager/LevelConfig) (at C:/Games/UnityProject/OrbitDrop3D/Assets/Scripts/Core/LevelManager.cs:254)
06-02 15:57:24.838 32342 32360 I Unity   : LevelManager:LoadLevel (int) (at C:/Games/UnityProject/OrbitDrop3D/Assets/Scripts/Core/LevelManage
06-02 15:57:24.839 32342 32360 I Unity   : [LevelManager] TargetRing[6] spawned at (1.35, -3.43)
06-02 15:57:24.839 32342 32360 I Unity   : UnityEngine.Debug:ExtractStackTraceNoAlloc (byte*,int,string)
06-02 15:57:24.839 32342 32360 I Unity   : UnityEngine.StackTraceUtility:ExtractStackTrace () (at /home/bokken/build/output/unity/unity/Runtime/Export/Scripting/StackTrace.cs:35)
06-02 15:57:24.839 32342 32360 I Unity   : UnityEngine.DebugLogHandler:Internal_Log (UnityEngine.LogType,UnityEngine.LogOption,string,UnityEngine.Object)
06-02 15:57:24.839 32342 32360 I Unity   : UnityEngine.DebugLogHandler:LogFormat (UnityEngine.LogType,UnityEngine.Object,string,object[]) (at /home/bokken/build/output/unity/unity/Runtime/Export/Logging/DebugLogHandler.cs:9)
06-02 15:57:24.839 32342 32360 I Unity   : UnityEngine.Logger:Log (UnityEngine.LogType,object) (at /home/bokken/build/output/unity/unity/Runtime/Export/Logging/Logger.cs:60)
06-02 15:57:24.839 32342 32360 I Unity   : UnityEngine.Debug:Log (object) (at /home/bokken/build/output/unity/unity/Runtime/Export/Debug/Debug.bindings.cs:123)
06-02 15:57:24.839 32342 32360 I Unity   : LevelManager:SpawnTargets (LevelManager/LevelConfig) (at C:/Games/UnityProject/OrbitDrop3D/Assets/Scripts/Core/LevelManager.cs:254)
06-02 15:57:24.839 32342 32360 I Unity   : LevelManager:LoadLevel (int) (at C:/Games/UnityProject/OrbitDrop3D/Assets/Scripts/Core/LevelManage
06-02 15:57:24.840 32342 32360 I Unity   : [TargetRing2D] 'TargetRing2D(Clone)' (path=LevelManager/TargetRing2D(Clone)) spawned | tag=Untagged layer=Default col_enabled=True isTrigger=True radius=1.8
06-02 15:57:24.840 32342 32360 I Unity   : UnityEngine.Debug:ExtractStackTraceNoAlloc (byte*,int,string)
06-02 15:57:24.840 32342 32360 I Unity   : UnityEngine.StackTraceUtility:ExtractStackTrace () (at /home/bokken/build/output/unity/unity/Runtime/Export/Scripting/StackTrace.cs:35)
06-02 15:57:24.840 32342 32360 I Unity   : UnityEngine.DebugLogHandler:Internal_Log (UnityEngine.LogType,UnityEngine.LogOption,string,UnityEngine.Object)
06-02 15:57:24.840 32342 32360 I Unity   : UnityEngine.DebugLogHandler:LogFormat (UnityEngine.LogType,UnityEngine.Object,string,object[]) (at /home/bokken/build/output/unity/unity/Runtime/Export/Logging/DebugLogHandler.cs:9)
06-02 15:57:24.840 32342 32360 I Unity   : UnityEngine.Logger:Log (UnityEngine.LogType,object) (at /home/bokken/build/output/unity/unity/Runtime/Export/Logging/Logger.cs:60)
06-02 15:57:24.840 32342 32360 I Unity   : UnityEngine.Debug:Log (object) (at /home/bokken/build/output/unity/unity/Runtime/Export/Debug/Debug.bindings.cs:123)
06-02 15:57:24.840 32342 32360 I Unity   : TargetRing2D:Start () (at C:/Games/UnityProject/OrbitDrop3D/Assets/Scripts/Gameplay/TargetRing2D.cs:23)
06-02 15:57:24.840 32342 32360 I Unity   : 
06-02 15:57:24.840 32342 32360 I Unity   : (Filename: /home/bokke
06-02 15:57:24.840 32342 32360 I Unity   : [TargetRing2D] 'TargetRing2D(Clone)' (path=LevelManager/TargetRing2D(Clone)) spawned | tag=Untagged layer=Default col_enabled=True isTrigger=True radius=1.8
06-02 15:57:24.840 32342 32360 I Unity   : UnityEngine.Debug:ExtractStackTraceNoAlloc (byte*,int,string)
06-02 15:57:24.840 32342 32360 I Unity   : UnityEngine.StackTraceUtility:ExtractStackTrace () (at /home/bokken/build/output/unity/unity/Runtime/Export/Scripting/StackTrace.cs:35)
06-02 15:57:24.840 32342 32360 I Unity   : UnityEngine.DebugLogHandler:Internal_Log (UnityEngine.LogType,UnityEngine.LogOption,string,UnityEngine.Object)
06-02 15:57:24.840 32342 32360 I Unity   : UnityEngine.DebugLogHandler:LogFormat (UnityEngine.LogType,UnityEngine.Object,string,object[]) (at /home/bokken/build/output/unity/unity/Runtime/Export/Logging/DebugLogHandler.cs:9)
06-02 15:57:24.840 32342 32360 I Unity   : UnityEngine.Logger:Log (UnityEngine.LogType,object) (at /home/bokken/build/output/unity/unity/Runtime/Export/Logging/Logger.cs:60)
06-02 15:57:24.840 32342 32360 I Unity   : UnityEngine.Debug:Log (object) (at /home/bokken/build/output/unity/unity/Runtime/Export/Debug/Debug.bindings.cs:123)
06-02 15:57:24.840 32342 32360 I Unity   : TargetRing2D:Start () (at C:/Games/UnityProject/OrbitDrop3D/Assets/Scripts/Gameplay/TargetRing2D.cs:23)
06-02 15:57:24.840 32342 32360 I Unity   : 
06-02 15:57:24.840 32342 32360 I Unity   : (Filename: /home/bokke
06-02 15:57:24.840 32342 32360 I Unity   : [TargetRing2D] 'TargetRing2D(Clone)' (path=LevelManager/TargetRing2D(Clone)) spawned | tag=Untagged layer=Default col_enabled=True isTrigger=True radius=1.8
06-02 15:57:24.840 32342 32360 I Unity   : UnityEngine.Debug:ExtractStackTraceNoAlloc (byte*,int,string)
06-02 15:57:24.840 32342 32360 I Unity   : UnityEngine.StackTraceUtility:ExtractStackTrace () (at /home/bokken/build/output/unity/unity/Runtime/Export/Scripting/StackTrace.cs:35)
06-02 15:57:24.840 32342 32360 I Unity   : UnityEngine.DebugLogHandler:Internal_Log (UnityEngine.LogType,UnityEngine.LogOption,string,UnityEngine.Object)
06-02 15:57:24.840 32342 32360 I Unity   : UnityEngine.DebugLogHandler:LogFormat (UnityEngine.LogType,UnityEngine.Object,string,object[]) (at /home/bokken/build/output/unity/unity/Runtime/Export/Logging/DebugLogHandler.cs:9)
06-02 15:57:24.840 32342 32360 I Unity   : UnityEngine.Logger:Log (UnityEngine.LogType,object) (at /home/bokken/build/output/unity/unity/Runtime/Export/Logging/Logger.cs:60)
06-02 15:57:24.840 32342 32360 I Unity   : UnityEngine.Debug:Log (object) (at /home/bokken/build/output/unity/unity/Runtime/Export/Debug/Debug.bindings.cs:123)
06-02 15:57:24.840 32342 32360 I Unity   : TargetRing2D:Start () (at C:/Games/UnityProject/OrbitDrop3D/Assets/Scripts/Gameplay/TargetRing2D.cs:23)
06-02 15:57:24.840 32342 32360 I Unity   : 
06-02 15:57:24.840 32342 32360 I Unity   : (Filename: /home/bokke
06-02 15:57:24.841 32342 32360 I Unity   : [TargetRing2D] 'TargetRing2D(Clone)' (path=LevelManager/TargetRing2D(Clone)) spawned | tag=Untagged layer=Default col_enabled=True isTrigger=True radius=1.8
06-02 15:57:24.841 32342 32360 I Unity   : UnityEngine.Debug:ExtractStackTraceNoAlloc (byte*,int,string)
06-02 15:57:24.841 32342 32360 I Unity   : UnityEngine.StackTraceUtility:ExtractStackTrace () (at /home/bokken/build/output/unity/unity/Runtime/Export/Scripting/StackTrace.cs:35)
06-02 15:57:24.841 32342 32360 I Unity   : UnityEngine.DebugLogHandler:Internal_Log (UnityEngine.LogType,UnityEngine.LogOption,string,UnityEngine.Object)
06-02 15:57:24.841 32342 32360 I Unity   : UnityEngine.DebugLogHandler:LogFormat (UnityEngine.LogType,UnityEngine.Object,string,object[]) (at /home/bokken/build/output/unity/unity/Runtime/Export/Logging/DebugLogHandler.cs:9)
06-02 15:57:24.841 32342 32360 I Unity   : UnityEngine.Logger:Log (UnityEngine.LogType,object) (at /home/bokken/build/output/unity/unity/Runtime/Export/Logging/Logger.cs:60)
06-02 15:57:24.841 32342 32360 I Unity   : UnityEngine.Debug:Log (object) (at /home/bokken/build/output/unity/unity/Runtime/Export/Debug/Debug.bindings.cs:123)
06-02 15:57:24.841 32342 32360 I Unity   : TargetRing2D:Start () (at C:/Games/UnityProject/OrbitDrop3D/Assets/Scripts/Gameplay/TargetRing2D.cs:23)
06-02 15:57:24.841 32342 32360 I Unity   : 
06-02 15:57:24.841 32342 32360 I Unity   : (Filename: /home/bokke
06-02 15:57:24.841 32342 32360 I Unity   : [TargetRing2D] 'TargetRing2D(Clone)' (path=LevelManager/TargetRing2D(Clone)) spawned | tag=Untagged layer=Default col_enabled=True isTrigger=True radius=1.8
06-02 15:57:24.841 32342 32360 I Unity   : UnityEngine.Debug:ExtractStackTraceNoAlloc (byte*,int,string)
06-02 15:57:24.841 32342 32360 I Unity   : UnityEngine.StackTraceUtility:ExtractStackTrace () (at /home/bokken/build/output/unity/unity/Runtime/Export/Scripting/StackTrace.cs:35)
06-02 15:57:24.841 32342 32360 I Unity   : UnityEngine.DebugLogHandler:Internal_Log (UnityEngine.LogType,UnityEngine.LogOption,string,UnityEngine.Object)
06-02 15:57:24.841 32342 32360 I Unity   : UnityEngine.DebugLogHandler:LogFormat (UnityEngine.LogType,UnityEngine.Object,string,object[]) (at /home/bokken/build/output/unity/unity/Runtime/Export/Logging/DebugLogHandler.cs:9)
06-02 15:57:24.841 32342 32360 I Unity   : UnityEngine.Logger:Log (UnityEngine.LogType,object) (at /home/bokken/build/output/unity/unity/Runtime/Export/Logging/Logger.cs:60)
06-02 15:57:24.841 32342 32360 I Unity   : UnityEngine.Debug:Log (object) (at /home/bokken/build/output/unity/unity/Runtime/Export/Debug/Debug.bindings.cs:123)
06-02 15:57:24.841 32342 32360 I Unity   : TargetRing2D:Start () (at C:/Games/UnityProject/OrbitDrop3D/Assets/Scripts/Gameplay/TargetRing2D.cs:23)
06-02 15:57:24.841 32342 32360 I Unity   : 
06-02 15:57:24.841 32342 32360 I Unity   : (Filename: /home/bokke
06-02 15:57:24.841 32342 32360 I Unity   : [TargetRing2D] 'TargetRing2D(Clone)' (path=LevelManager/TargetRing2D(Clone)) spawned | tag=Untagged layer=Default col_enabled=True isTrigger=True radius=1.8
06-02 15:57:24.841 32342 32360 I Unity   : UnityEngine.Debug:ExtractStackTraceNoAlloc (byte*,int,string)
06-02 15:57:24.841 32342 32360 I Unity   : UnityEngine.StackTraceUtility:ExtractStackTrace () (at /home/bokken/build/output/unity/unity/Runtime/Export/Scripting/StackTrace.cs:35)
06-02 15:57:24.841 32342 32360 I Unity   : UnityEngine.DebugLogHandler:Internal_Log (UnityEngine.LogType,UnityEngine.LogOption,string,UnityEngine.Object)
06-02 15:57:24.841 32342 32360 I Unity   : UnityEngine.DebugLogHandler:LogFormat (UnityEngine.LogType,UnityEngine.Object,string,object[]) (at /home/bokken/build/output/unity/unity/Runtime/Export/Logging/DebugLogHandler.cs:9)
06-02 15:57:24.841 32342 32360 I Unity   : UnityEngine.Logger:Log (UnityEngine.LogType,object) (at /home/bokken/build/output/unity/unity/Runtime/Export/Logging/Logger.cs:60)
06-02 15:57:24.841 32342 32360 I Unity   : UnityEngine.Debug:Log (object) (at /home/bokken/build/output/unity/unity/Runtime/Export/Debug/Debug.bindings.cs:123)
06-02 15:57:24.841 32342 32360 I Unity   : TargetRing2D:Start () (at C:/Games/UnityProject/OrbitDrop3D/Assets/Scripts/Gameplay/TargetRing2D.cs:23)
06-02 15:57:24.841 32342 32360 I Unity   : 
06-02 15:57:24.841 32342 32360 I Unity   : (Filename: /home/bokke
06-02 15:57:24.842 32342 32360 I Unity   : [TargetRing2D] 'TargetRing2D(Clone)' (path=LevelManager/TargetRing2D(Clone)) spawned | tag=Untagged layer=Default col_enabled=True isTrigger=True radius=1.8
06-02 15:57:24.842 32342 32360 I Unity   : UnityEngine.Debug:ExtractStackTraceNoAlloc (byte*,int,string)
06-02 15:57:24.842 32342 32360 I Unity   : UnityEngine.StackTraceUtility:ExtractStackTrace () (at /home/bokken/build/output/unity/unity/Runtime/Export/Scripting/StackTrace.cs:35)
06-02 15:57:24.842 32342 32360 I Unity   : UnityEngine.DebugLogHandler:Internal_Log (UnityEngine.LogType,UnityEngine.LogOption,string,UnityEngine.Object)
06-02 15:57:24.842 32342 32360 I Unity   : UnityEngine.DebugLogHandler:LogFormat (UnityEngine.LogType,UnityEngine.Object,string,object[]) (at /home/bokken/build/output/unity/unity/Runtime/Export/Logging/DebugLogHandler.cs:9)
06-02 15:57:24.842 32342 32360 I Unity   : UnityEngine.Logger:Log (UnityEngine.LogType,object) (at /home/bokken/build/output/unity/unity/Runtime/Export/Logging/Logger.cs:60)
06-02 15:57:24.842 32342 32360 I Unity   : UnityEngine.Debug:Log (object) (at /home/bokken/build/output/unity/unity/Runtime/Export/Debug/Debug.bindings.cs:123)
06-02 15:57:24.842 32342 32360 I Unity   : TargetRing2D:Start () (at C:/Games/UnityProject/OrbitDrop3D/Assets/Scripts/Gameplay/TargetRing2D.cs:23)
06-02 15:57:24.842 32342 32360 I Unity   : 
06-02 15:57:24.842 32342 32360 I Unity   : (Filename: /home/bokke
06-02 15:57:27.284 32342 32360 I Unity   : Life lost! Remaining: 2
06-02 15:57:27.284 32342 32360 I Unity   : UnityEngine.Debug:ExtractStackTraceNoAlloc (byte*,int,string)
06-02 15:57:27.284 32342 32360 I Unity   : UnityEngine.StackTraceUtility:ExtractStackTrace () (at /home/bokken/build/output/unity/unity/Runtime/Export/Scripting/StackTrace.cs:35)
06-02 15:57:27.284 32342 32360 I Unity   : UnityEngine.DebugLogHandler:Internal_Log (UnityEngine.LogType,UnityEngine.LogOption,string,UnityEngine.Object)
06-02 15:57:27.284 32342 32360 I Unity   : UnityEngine.DebugLogHandler:LogFormat (UnityEngine.LogType,UnityEngine.Object,string,object[]) (at /home/bokken/build/output/unity/unity/Runtime/Export/Logging/DebugLogHandler.cs:9)
06-02 15:57:27.284 32342 32360 I Unity   : UnityEngine.Logger:Log (UnityEngine.LogType,object) (at /home/bokken/build/output/unity/unity/Runtime/Export/Logging/Logger.cs:60)
06-02 15:57:27.284 32342 32360 I Unity   : UnityEngine.Debug:Log (object) (at /home/bokken/build/output/unity/unity/Runtime/Export/Debug/Debug.bindings.cs:123)
06-02 15:57:27.284 32342 32360 I Unity   : GameManager:LoseLife () (at C:/Games/UnityProject/OrbitDrop3D/Assets/Scripts/Core/GameManager.cs:125)
06-02 15:57:27.284 32342 32360 I Unity   : OrbiterBall2D:Update () (at C:/Games/UnityProject/OrbitDrop3D/Assets/Scripts/Gameplay/OrbiterBall2D.cs:75)
06-02 15:57:27.284 32342 32360 I Unity   : 
06-02 15:57:27.284 32342 32360 I Unity   : (Filename: /home/bokken/build/output/unity/unity/R
06-02 15:57:27.285 32342 32360 I Unity   : Heart updated instantly — lives: 2
06-02 15:57:27.285 32342 32360 I Unity   : UnityEngine.Debug:ExtractStackTraceNoAlloc (byte*,int,string)
06-02 15:57:27.285 32342 32360 I Unity   : UnityEngine.StackTraceUtility:ExtractStackTrace () (at /home/bokken/build/output/unity/unity/Runtime/Export/Scripting/StackTrace.cs:35)
06-02 15:57:27.285 32342 32360 I Unity   : UnityEngine.DebugLogHandler:Internal_Log (UnityEngine.LogType,UnityEngine.LogOption,string,UnityEngine.Object)
06-02 15:57:27.285 32342 32360 I Unity   : UnityEngine.DebugLogHandler:LogFormat (UnityEngine.LogType,UnityEngine.Object,string,object[]) (at /home/bokken/build/output/unity/unity/Runtime/Export/Logging/DebugLogHandler.cs:9)
06-02 15:57:27.285 32342 32360 I Unity   : UnityEngine.Logger:Log (UnityEngine.LogType,object) (at /home/bokken/build/output/unity/unity/Runtime/Export/Logging/Logger.cs:60)
06-02 15:57:27.285 32342 32360 I Unity   : UnityEngine.Debug:Log (object) (at /home/bokken/build/output/unity/unity/Runtime/Export/Debug/Debug.bindings.cs:123)
06-02 15:57:27.285 32342 32360 I Unity   : GameHUD:OnLivesChanged (int) (at C:/Games/UnityProject/OrbitDrop3D/Assets/Scripts/UI/GameHUD.cs:101)
06-02 15:57:27.285 32342 32360 I Unity   : GameManager:LoseLife () (at C:/Games/UnityProject/OrbitDrop3D/Assets/Scripts/Core/GameManager.cs:126)
06-02 15:57:27.285 32342 32360 I Unity   : OrbiterBall2D:Update () (at C:/Games/UnityPr
06-02 15:57:30.772 32342 32360 I Unity   : [OrbiterBall] Hit: TargetRing2D(Clone)  tag=Untagged  released=True
06-02 15:57:30.772 32342 32360 I Unity   : UnityEngine.Debug:ExtractStackTraceNoAlloc (byte*,int,string)
06-02 15:57:30.772 32342 32360 I Unity   : UnityEngine.StackTraceUtility:ExtractStackTrace () (at /home/bokken/build/output/unity/unity/Runtime/Export/Scripting/StackTrace.cs:35)
06-02 15:57:30.772 32342 32360 I Unity   : UnityEngine.DebugLogHandler:Internal_Log (UnityEngine.LogType,UnityEngine.LogOption,string,UnityEngine.Object)
06-02 15:57:30.772 32342 32360 I Unity   : UnityEngine.DebugLogHandler:LogFormat (UnityEngine.LogType,UnityEngine.Object,string,object[]) (at /home/bokken/build/output/unity/unity/Runtime/Export/Logging/DebugLogHandler.cs:9)
06-02 15:57:30.772 32342 32360 I Unity   : UnityEngine.Logger:Log (UnityEngine.LogType,object) (at /home/bokken/build/output/unity/unity/Runtime/Export/Logging/Logger.cs:60)
06-02 15:57:30.772 32342 32360 I Unity   : UnityEngine.Debug:Log (object) (at /home/bokken/build/output/unity/unity/Runtime/Export/Debug/Debug.bindings.cs:123)
06-02 15:57:30.772 32342 32360 I Unity   : OrbiterBall2D:OnTriggerEnter2D (UnityEngine.Collider2D) (at C:/Games/UnityProject/OrbitDrop3D/Assets/Scripts/Gameplay/OrbiterBall2D.cs:53)
06-02 15:57:30.772 32342 32360 I Unity   : 
06-02 15:57:30.772 32342 32360 I Unity   : (Filename: /home/bokken/build/output/unity/unity/Runtime/Export/Debug/Debug.
06-02 15:57:30.772 32342 32360 I Unity   : [TargetRing2D] OnTriggerEnter2D on 'LevelManager/TargetRing2D(Clone)' | _hit=False other='OrbiterBall2D(Clone)'
06-02 15:57:30.772 32342 32360 I Unity   : UnityEngine.Debug:ExtractStackTraceNoAlloc (byte*,int,string)
06-02 15:57:30.772 32342 32360 I Unity   : UnityEngine.StackTraceUtility:ExtractStackTrace () (at /home/bokken/build/output/unity/unity/Runtime/Export/Scripting/StackTrace.cs:35)
06-02 15:57:30.772 32342 32360 I Unity   : UnityEngine.DebugLogHandler:Internal_Log (UnityEngine.LogType,UnityEngine.LogOption,string,UnityEngine.Object)
06-02 15:57:30.772 32342 32360 I Unity   : UnityEngine.DebugLogHandler:LogFormat (UnityEngine.LogType,UnityEngine.Object,string,object[]) (at /home/bokken/build/output/unity/unity/Runtime/Export/Logging/DebugLogHandler.cs:9)
06-02 15:57:30.772 32342 32360 I Unity   : UnityEngine.Logger:Log (UnityEngine.LogType,object) (at /home/bokken/build/output/unity/unity/Runtime/Export/Logging/Logger.cs:60)
06-02 15:57:30.772 32342 32360 I Unity   : UnityEngine.Debug:Log (object) (at /home/bokken/build/output/unity/unity/Runtime/Export/Debug/Debug.bindings.cs:123)
06-02 15:57:30.772 32342 32360 I Unity   : TargetRing2D:OnTriggerEnter2D (UnityEngine.Collider2D) (at C:/Games/UnityProject/OrbitDrop3D/Assets/Scripts/Gameplay/TargetRing2D.cs:88)
06-02 15:57:30.772 32342 32360 I Unity   : 
06-02 15:57:30.772 32342 32360 I Unity   : (Filename: /home/bokken/build/outp
06-02 15:57:30.773 32342 32360 I Unity   : [TargetRing2D] Ball check | ball_found=True IsReleased=True HasHit=False
06-02 15:57:30.773 32342 32360 I Unity   : UnityEngine.Debug:ExtractStackTraceNoAlloc (byte*,int,string)
06-02 15:57:30.773 32342 32360 I Unity   : UnityEngine.StackTraceUtility:ExtractStackTrace () (at /home/bokken/build/output/unity/unity/Runtime/Export/Scripting/StackTrace.cs:35)
06-02 15:57:30.773 32342 32360 I Unity   : UnityEngine.DebugLogHandler:Internal_Log (UnityEngine.LogType,UnityEngine.LogOption,string,UnityEngine.Object)
06-02 15:57:30.773 32342 32360 I Unity   : UnityEngine.DebugLogHandler:LogFormat (UnityEngine.LogType,UnityEngine.Object,string,object[]) (at /home/bokken/build/output/unity/unity/Runtime/Export/Logging/DebugLogHandler.cs:9)
06-02 15:57:30.773 32342 32360 I Unity   : UnityEngine.Logger:Log (UnityEngine.LogType,object) (at /home/bokken/build/output/unity/unity/Runtime/Export/Logging/Logger.cs:60)
06-02 15:57:30.773 32342 32360 I Unity   : UnityEngine.Debug:Log (object) (at /home/bokken/build/output/unity/unity/Runtime/Export/Debug/Debug.bindings.cs:123)
06-02 15:57:30.773 32342 32360 I Unity   : TargetRing2D:OnTriggerEnter2D (UnityEngine.Collider2D) (at C:/Games/UnityProject/OrbitDrop3D/Assets/Scripts/Gameplay/TargetRing2D.cs:91)
06-02 15:57:30.773 32342 32360 I Unity   : 
06-02 15:57:30.773 32342 32360 I Unity   : (Filename: /home/bokken/build/output/unity/unity/Runtime/Export/Debug/Deb
06-02 15:57:30.773 32342 32360 I Unity   : [TargetRing2D] HIT ACCEPTED on 'LevelManager/TargetRing2D(Clone)' — processing score/destroy
06-02 15:57:30.773 32342 32360 I Unity   : UnityEngine.Debug:ExtractStackTraceNoAlloc (byte*,int,string)
06-02 15:57:30.773 32342 32360 I Unity   : UnityEngine.StackTraceUtility:ExtractStackTrace () (at /home/bokken/build/output/unity/unity/Runtime/Export/Scripting/StackTrace.cs:35)
06-02 15:57:30.773 32342 32360 I Unity   : UnityEngine.DebugLogHandler:Internal_Log (UnityEngine.LogType,UnityEngine.LogOption,string,UnityEngine.Object)
06-02 15:57:30.773 32342 32360 I Unity   : UnityEngine.DebugLogHandler:LogFormat (UnityEngine.LogType,UnityEngine.Object,string,object[]) (at /home/bokken/build/output/unity/unity/Runtime/Export/Logging/DebugLogHandler.cs:9)
06-02 15:57:30.773 32342 32360 I Unity   : UnityEngine.Logger:Log (UnityEngine.LogType,object) (at /home/bokken/build/output/unity/unity/Runtime/Export/Logging/Logger.cs:60)
06-02 15:57:30.773 32342 32360 I Unity   : UnityEngine.Debug:Log (object) (at /home/bokken/build/output/unity/unity/Runtime/Export/Debug/Debug.bindings.cs:123)
06-02 15:57:30.773 32342 32360 I Unity   : TargetRing2D:OnTriggerEnter2D (UnityEngine.Collider2D) (at C:/Games/UnityProject/OrbitDrop3D/Assets/Scripts/Gameplay/TargetRing2D.cs:94)
06-02 15:57:30.773 32342 32360 I Unity   : 
06-02 15:57:30.773 32342 32360 I Unity   : (Filename: /home/bokken/build/output/unity/unity/Ru
06-02 15:57:30.774 32342 32360 I Unity   : [ScoreManager] Hit! Combo=5  +500pts  Total=1500
06-02 15:57:30.774 32342 32360 I Unity   : UnityEngine.Debug:ExtractStackTraceNoAlloc (byte*,int,string)
06-02 15:57:30.774 32342 32360 I Unity   : UnityEngine.StackTraceUtility:ExtractStackTrace () (at /home/bokken/build/output/unity/unity/Runtime/Export/Scripting/StackTrace.cs:35)
06-02 15:57:30.774 32342 32360 I Unity   : UnityEngine.DebugLogHandler:Internal_Log (UnityEngine.LogType,UnityEngine.LogOption,string,UnityEngine.Object)
06-02 15:57:30.774 32342 32360 I Unity   : UnityEngine.DebugLogHandler:LogFormat (UnityEngine.LogType,UnityEngine.Object,string,object[]) (at /home/bokken/build/output/unity/unity/Runtime/Export/Logging/DebugLogHandler.cs:9)
06-02 15:57:30.774 32342 32360 I Unity   : UnityEngine.Logger:Log (UnityEngine.LogType,object) (at /home/bokken/build/output/unity/unity/Runtime/Export/Logging/Logger.cs:60)
06-02 15:57:30.774 32342 32360 I Unity   : UnityEngine.Debug:Log (object) (at /home/bokken/build/output/unity/unity/Runtime/Export/Debug/Debug.bindings.cs:123)
06-02 15:57:30.774 32342 32360 I Unity   : ScoreManager:RegisterHit () (at C:/Games/UnityProject/OrbitDrop3D/Assets/Scripts/Core/ScoreManager.cs:65)
06-02 15:57:30.774 32342 32360 I Unity   : TargetRing2D:OnTriggerEnter2D (UnityEngine.Collider2D) (at C:/Games/UnityProject/OrbitDrop3D/Assets/Scripts/Gameplay/TargetRing2D
06-02 15:57:30.775 32342 32360 I Unity   : Explosion spawned at: (-1.76, 3.60, 0.00)
06-02 15:57:30.775 32342 32360 I Unity   : UnityEngine.Debug:ExtractStackTraceNoAlloc (byte*,int,string)
06-02 15:57:30.775 32342 32360 I Unity   : UnityEngine.StackTraceUtility:ExtractStackTrace () (at /home/bokken/build/output/unity/unity/Runtime/Export/Scripting/StackTrace.cs:35)
06-02 15:57:30.775 32342 32360 I Unity   : UnityEngine.DebugLogHandler:Internal_Log (UnityEngine.LogType,UnityEngine.LogOption,string,UnityEngine.Object)
06-02 15:57:30.775 32342 32360 I Unity   : UnityEngine.DebugLogHandler:LogFormat (UnityEngine.LogType,UnityEngine.Object,string,object[]) (at /home/bokken/build/output/unity/unity/Runtime/Export/Logging/DebugLogHandler.cs:9)
06-02 15:57:30.775 32342 32360 I Unity   : UnityEngine.Logger:Log (UnityEngine.LogType,object) (at /home/bokken/build/output/unity/unity/Runtime/Export/Logging/Logger.cs:60)
06-02 15:57:30.775 32342 32360 I Unity   : UnityEngine.Debug:Log (object) (at /home/bokken/build/output/unity/unity/Runtime/Export/Debug/Debug.bindings.cs:123)
06-02 15:57:30.775 32342 32360 I Unity   : CFXRExplosionManager:SpawnExplosion (UnityEngine.Vector3) (at C:/Games/UnityProject/OrbitDrop3D/Assets/Scripts/Utils/CFXRExplosionManager.cs:45)
06-02 15:57:30.775 32342 32360 I Unity   : ParticleManager:SpawnHitBurst (UnityEngine.Vector3) (at C:/Games/UnityProject/OrbitDrop3D/Assets/
06-02 15:57:30.794 32342 32360 I Unity   : [OrbiterBall] Hit: TargetRing2D  tag=Untagged  released=True
06-02 15:57:30.794 32342 32360 I Unity   : UnityEngine.Debug:ExtractStackTraceNoAlloc (byte*,int,string)
06-02 15:57:30.794 32342 32360 I Unity   : UnityEngine.StackTraceUtility:ExtractStackTrace () (at /home/bokken/build/output/unity/unity/Runtime/Export/Scripting/StackTrace.cs:35)
06-02 15:57:30.794 32342 32360 I Unity   : UnityEngine.DebugLogHandler:Internal_Log (UnityEngine.LogType,UnityEngine.LogOption,string,UnityEngine.Object)
06-02 15:57:30.794 32342 32360 I Unity   : UnityEngine.DebugLogHandler:LogFormat (UnityEngine.LogType,UnityEngine.Object,string,object[]) (at /home/bokken/build/output/unity/unity/Runtime/Export/Logging/DebugLogHandler.cs:9)
06-02 15:57:30.794 32342 32360 I Unity   : UnityEngine.Logger:Log (UnityEngine.LogType,object) (at /home/bokken/build/output/unity/unity/Runtime/Export/Logging/Logger.cs:60)
06-02 15:57:30.794 32342 32360 I Unity   : UnityEngine.Debug:Log (object) (at /home/bokken/build/output/unity/unity/Runtime/Export/Debug/Debug.bindings.cs:123)
06-02 15:57:30.794 32342 32360 I Unity   : OrbiterBall2D:OnTriggerEnter2D (UnityEngine.Collider2D) (at C:/Games/UnityProject/OrbitDrop3D/Assets/Scripts/Gameplay/OrbiterBall2D.cs:53)
06-02 15:57:30.794 32342 32360 I Unity   : 
06-02 15:57:30.794 32342 32360 I Unity   : (Filename: /home/bokken/build/output/unity/unity/Runtime/Export/Debug/Debug.binding
06-02 15:57:30.860 32342 32360 I Unity   : [OrbiterBall] Hit: TargetRing2D(Clone)  tag=Untagged  released=True
06-02 15:57:30.860 32342 32360 I Unity   : UnityEngine.Debug:ExtractStackTraceNoAlloc (byte*,int,string)
06-02 15:57:30.860 32342 32360 I Unity   : UnityEngine.StackTraceUtility:ExtractStackTrace () (at /home/bokken/build/output/unity/unity/Runtime/Export/Scripting/StackTrace.cs:35)
06-02 15:57:30.860 32342 32360 I Unity   : UnityEngine.DebugLogHandler:Internal_Log (UnityEngine.LogType,UnityEngine.LogOption,string,UnityEngine.Object)
06-02 15:57:30.860 32342 32360 I Unity   : UnityEngine.DebugLogHandler:LogFormat (UnityEngine.LogType,UnityEngine.Object,string,object[]) (at /home/bokken/build/output/unity/unity/Runtime/Export/Logging/DebugLogHandler.cs:9)
06-02 15:57:30.860 32342 32360 I Unity   : UnityEngine.Logger:Log (UnityEngine.LogType,object) (at /home/bokken/build/output/unity/unity/Runtime/Export/Logging/Logger.cs:60)
06-02 15:57:30.860 32342 32360 I Unity   : UnityEngine.Debug:Log (object) (at /home/bokken/build/output/unity/unity/Runtime/Export/Debug/Debug.bindings.cs:123)
06-02 15:57:30.860 32342 32360 I Unity   : OrbiterBall2D:OnTriggerEnter2D (UnityEngine.Collider2D) (at C:/Games/UnityProject/OrbitDrop3D/Assets/Scripts/Gameplay/OrbiterBall2D.cs:53)
06-02 15:57:30.860 32342 32360 I Unity   : 
06-02 15:57:30.860 32342 32360 I Unity   : (Filename: /home/bokken/build/output/unity/unity/Runtime/Export/Debug/Debug.
06-02 15:57:30.861 32342 32360 I Unity   : [TargetRing2D] OnTriggerEnter2D on 'LevelManager/TargetRing2D(Clone)' | _hit=False other='OrbiterBall2D(Clone)'
06-02 15:57:30.861 32342 32360 I Unity   : UnityEngine.Debug:ExtractStackTraceNoAlloc (byte*,int,string)
06-02 15:57:30.861 32342 32360 I Unity   : UnityEngine.StackTraceUtility:ExtractStackTrace () (at /home/bokken/build/output/unity/unity/Runtime/Export/Scripting/StackTrace.cs:35)
06-02 15:57:30.861 32342 32360 I Unity   : UnityEngine.DebugLogHandler:Internal_Log (UnityEngine.LogType,UnityEngine.LogOption,string,UnityEngine.Object)
06-02 15:57:30.861 32342 32360 I Unity   : UnityEngine.DebugLogHandler:LogFormat (UnityEngine.LogType,UnityEngine.Object,string,object[]) (at /home/bokken/build/output/unity/unity/Runtime/Export/Logging/DebugLogHandler.cs:9)
06-02 15:57:30.861 32342 32360 I Unity   : UnityEngine.Logger:Log (UnityEngine.LogType,object) (at /home/bokken/build/output/unity/unity/Runtime/Export/Logging/Logger.cs:60)
06-02 15:57:30.861 32342 32360 I Unity   : UnityEngine.Debug:Log (object) (at /home/bokken/build/output/unity/unity/Runtime/Export/Debug/Debug.bindings.cs:123)
06-02 15:57:30.861 32342 32360 I Unity   : TargetRing2D:OnTriggerEnter2D (UnityEngine.Collider2D) (at C:/Games/UnityProject/OrbitDrop3D/Assets/Scripts/Gameplay/TargetRing2D.cs:88)
06-02 15:57:30.861 32342 32360 I Unity   : 
06-02 15:57:30.861 32342 32360 I Unity   : (Filename: /home/bokken/build/outp
06-02 15:57:30.861 32342 32360 I Unity   : [TargetRing2D] Ball check | ball_found=True IsReleased=True HasHit=True
06-02 15:57:30.861 32342 32360 I Unity   : UnityEngine.Debug:ExtractStackTraceNoAlloc (byte*,int,string)
06-02 15:57:30.861 32342 32360 I Unity   : UnityEngine.StackTraceUtility:ExtractStackTrace () (at /home/bokken/build/output/unity/unity/Runtime/Export/Scripting/StackTrace.cs:35)
06-02 15:57:30.861 32342 32360 I Unity   : UnityEngine.DebugLogHandler:Internal_Log (UnityEngine.LogType,UnityEngine.LogOption,string,UnityEngine.Object)
06-02 15:57:30.861 32342 32360 I Unity   : UnityEngine.DebugLogHandler:LogFormat (UnityEngine.LogType,UnityEngine.Object,string,object[]) (at /home/bokken/build/output/unity/unity/Runtime/Export/Logging/DebugLogHandler.cs:9)
06-02 15:57:30.861 32342 32360 I Unity   : UnityEngine.Logger:Log (UnityEngine.LogType,object) (at /home/bokken/build/output/unity/unity/Runtime/Export/Logging/Logger.cs:60)
06-02 15:57:30.861 32342 32360 I Unity   : UnityEngine.Debug:Log (object) (at /home/bokken/build/output/unity/unity/Runtime/Export/Debug/Debug.bindings.cs:123)
06-02 15:57:30.861 32342 32360 I Unity   : TargetRing2D:OnTriggerEnter2D (UnityEngine.Collider2D) (at C:/Games/UnityProject/OrbitDrop3D/Assets/Scripts/Gameplay/TargetRing2D.cs:91)
06-02 15:57:30.861 32342 32360 I Unity   : 
06-02 15:57:30.861 32342 32360 I Unity   : (Filename: /home/bokken/build/output/unity/unity/Runtime/Export/Debug/Debu
06-02 15:57:30.862 32342 32360 I Unity   : [TargetRing2D] HIT ACCEPTED on 'LevelManager/TargetRing2D(Clone)' — processing score/destroy
06-02 15:57:30.862 32342 32360 I Unity   : UnityEngine.Debug:ExtractStackTraceNoAlloc (byte*,int,string)
06-02 15:57:30.862 32342 32360 I Unity   : UnityEngine.StackTraceUtility:ExtractStackTrace () (at /home/bokken/build/output/unity/unity/Runtime/Export/Scripting/StackTrace.cs:35)
06-02 15:57:30.862 32342 32360 I Unity   : UnityEngine.DebugLogHandler:Internal_Log (UnityEngine.LogType,UnityEngine.LogOption,string,UnityEngine.Object)
06-02 15:57:30.862 32342 32360 I Unity   : UnityEngine.DebugLogHandler:LogFormat (UnityEngine.LogType,UnityEngine.Object,string,object[]) (at /home/bokken/build/output/unity/unity/Runtime/Export/Logging/DebugLogHandler.cs:9)
06-02 15:57:30.862 32342 32360 I Unity   : UnityEngine.Logger:Log (UnityEngine.LogType,object) (at /home/bokken/build/output/unity/unity/Runtime/Export/Logging/Logger.cs:60)
06-02 15:57:30.862 32342 32360 I Unity   : UnityEngine.Debug:Log (object) (at /home/bokken/build/output/unity/unity/Runtime/Export/Debug/Debug.bindings.cs:123)
06-02 15:57:30.862 32342 32360 I Unity   : TargetRing2D:OnTriggerEnter2D (UnityEngine.Collider2D) (at C:/Games/UnityProject/OrbitDrop3D/Assets/Scripts/Gameplay/TargetRing2D.cs:94)
06-02 15:57:30.862 32342 32360 I Unity   : 
06-02 15:57:30.862 32342 32360 I Unity   : (Filename: /home/bokken/build/output/unity/unity/Ru
06-02 15:57:30.863 32342 32360 I Unity   : [ScoreManager] Hit! Combo=6  +600pts  Total=2100
06-02 15:57:30.863 32342 32360 I Unity   : UnityEngine.Debug:ExtractStackTraceNoAlloc (byte*,int,string)
06-02 15:57:30.863 32342 32360 I Unity   : UnityEngine.StackTraceUtility:ExtractStackTrace () (at /home/bokken/build/output/unity/unity/Runtime/Export/Scripting/StackTrace.cs:35)
06-02 15:57:30.863 32342 32360 I Unity   : UnityEngine.DebugLogHandler:Internal_Log (UnityEngine.LogType,UnityEngine.LogOption,string,UnityEngine.Object)
06-02 15:57:30.863 32342 32360 I Unity   : UnityEngine.DebugLogHandler:LogFormat (UnityEngine.LogType,UnityEngine.Object,string,object[]) (at /home/bokken/build/output/unity/unity/Runtime/Export/Logging/DebugLogHandler.cs:9)
06-02 15:57:30.863 32342 32360 I Unity   : UnityEngine.Logger:Log (UnityEngine.LogType,object) (at /home/bokken/build/output/unity/unity/Runtime/Export/Logging/Logger.cs:60)
06-02 15:57:30.863 32342 32360 I Unity   : UnityEngine.Debug:Log (object) (at /home/bokken/build/output/unity/unity/Runtime/Export/Debug/Debug.bindings.cs:123)
06-02 15:57:30.863 32342 32360 I Unity   : ScoreManager:RegisterHit () (at C:/Games/UnityProject/OrbitDrop3D/Assets/Scripts/Core/ScoreManager.cs:65)
06-02 15:57:30.863 32342 32360 I Unity   : TargetRing2D:OnTriggerEnter2D (UnityEngine.Collider2D) (at C:/Games/UnityProject/OrbitDrop3D/Assets/Scripts/Gameplay/TargetRing2D
06-02 15:57:30.864 32342 32360 I Unity   : Explosion spawned at: (-1.51, 4.48, 0.00)
06-02 15:57:30.864 32342 32360 I Unity   : UnityEngine.Debug:ExtractStackTraceNoAlloc (byte*,int,string)
06-02 15:57:30.864 32342 32360 I Unity   : UnityEngine.StackTraceUtility:ExtractStackTrace () (at /home/bokken/build/output/unity/unity/Runtime/Export/Scripting/StackTrace.cs:35)
06-02 15:57:30.864 32342 32360 I Unity   : UnityEngine.DebugLogHandler:Internal_Log (UnityEngine.LogType,UnityEngine.LogOption,string,UnityEngine.Object)
06-02 15:57:30.864 32342 32360 I Unity   : UnityEngine.DebugLogHandler:LogFormat (UnityEngine.LogType,UnityEngine.Object,string,object[]) (at /home/bokken/build/output/unity/unity/Runtime/Export/Logging/DebugLogHandler.cs:9)
06-02 15:57:30.864 32342 32360 I Unity   : UnityEngine.Logger:Log (UnityEngine.LogType,object) (at /home/bokken/build/output/unity/unity/Runtime/Export/Logging/Logger.cs:60)
06-02 15:57:30.864 32342 32360 I Unity   : UnityEngine.Debug:Log (object) (at /home/bokken/build/output/unity/unity/Runtime/Export/Debug/Debug.bindings.cs:123)
06-02 15:57:30.864 32342 32360 I Unity   : CFXRExplosionManager:SpawnExplosion (UnityEngine.Vector3) (at C:/Games/UnityProject/OrbitDrop3D/Assets/Scripts/Utils/CFXRExplosionManager.cs:45)
06-02 15:57:30.864 32342 32360 I Unity   : ParticleManager:SpawnHitBurst (UnityEngine.Vector3) (at C:/Games/UnityProject/OrbitDrop3D/Assets/
06-02 15:57:30.865 32342 32360 I Unity   : [OrbiterBall] Hit: TargetRing2D(Clone)  tag=Untagged  released=True
06-02 15:57:30.865 32342 32360 I Unity   : UnityEngine.Debug:ExtractStackTraceNoAlloc (byte*,int,string)
06-02 15:57:30.865 32342 32360 I Unity   : UnityEngine.StackTraceUtility:ExtractStackTrace () (at /home/bokken/build/output/unity/unity/Runtime/Export/Scripting/StackTrace.cs:35)
06-02 15:57:30.865 32342 32360 I Unity   : UnityEngine.DebugLogHandler:Internal_Log (UnityEngine.LogType,UnityEngine.LogOption,string,UnityEngine.Object)
06-02 15:57:30.865 32342 32360 I Unity   : UnityEngine.DebugLogHandler:LogFormat (UnityEngine.LogType,UnityEngine.Object,string,object[]) (at /home/bokken/build/output/unity/unity/Runtime/Export/Logging/DebugLogHandler.cs:9)
06-02 15:57:30.865 32342 32360 I Unity   : UnityEngine.Logger:Log (UnityEngine.LogType,object) (at /home/bokken/build/output/unity/unity/Runtime/Export/Logging/Logger.cs:60)
06-02 15:57:30.865 32342 32360 I Unity   : UnityEngine.Debug:Log (object) (at /home/bokken/build/output/unity/unity/Runtime/Export/Debug/Debug.bindings.cs:123)
06-02 15:57:30.865 32342 32360 I Unity   : OrbiterBall2D:OnTriggerEnter2D (UnityEngine.Collider2D) (at C:/Games/UnityProject/OrbitDrop3D/Assets/Scripts/Gameplay/OrbiterBall2D.cs:53)
06-02 15:57:30.865 32342 32360 I Unity   : 
06-02 15:57:30.865 32342 32360 I Unity   : (Filename: /home/bokken/build/output/unity/unity/Runtime/Export/Debug/Debug.
06-02 15:57:30.866 32342 32360 I Unity   : [TargetRing2D] OnTriggerEnter2D on 'LevelManager/TargetRing2D(Clone)' | _hit=False other='OrbiterBall2D(Clone)'
06-02 15:57:30.866 32342 32360 I Unity   : UnityEngine.Debug:ExtractStackTraceNoAlloc (byte*,int,string)
06-02 15:57:30.866 32342 32360 I Unity   : UnityEngine.StackTraceUtility:ExtractStackTrace () (at /home/bokken/build/output/unity/unity/Runtime/Export/Scripting/StackTrace.cs:35)
06-02 15:57:30.866 32342 32360 I Unity   : UnityEngine.DebugLogHandler:Internal_Log (UnityEngine.LogType,UnityEngine.LogOption,string,UnityEngine.Object)
06-02 15:57:30.866 32342 32360 I Unity   : UnityEngine.DebugLogHandler:LogFormat (UnityEngine.LogType,UnityEngine.Object,string,object[]) (at /home/bokken/build/output/unity/unity/Runtime/Export/Logging/DebugLogHandler.cs:9)
06-02 15:57:30.866 32342 32360 I Unity   : UnityEngine.Logger:Log (UnityEngine.LogType,object) (at /home/bokken/build/output/unity/unity/Runtime/Export/Logging/Logger.cs:60)
06-02 15:57:30.866 32342 32360 I Unity   : UnityEngine.Debug:Log (object) (at /home/bokken/build/output/unity/unity/Runtime/Export/Debug/Debug.bindings.cs:123)
06-02 15:57:30.866 32342 32360 I Unity   : TargetRing2D:OnTriggerEnter2D (UnityEngine.Collider2D) (at C:/Games/UnityProject/OrbitDrop3D/Assets/Scripts/Gameplay/TargetRing2D.cs:88)
06-02 15:57:30.866 32342 32360 I Unity   : 
06-02 15:57:30.866 32342 32360 I Unity   : (Filename: /home/bokken/build/outp
06-02 15:57:30.866 32342 32360 I Unity   : [TargetRing2D] Ball check | ball_found=True IsReleased=True HasHit=True
06-02 15:57:30.866 32342 32360 I Unity   : UnityEngine.Debug:ExtractStackTraceNoAlloc (byte*,int,string)
06-02 15:57:30.866 32342 32360 I Unity   : UnityEngine.StackTraceUtility:ExtractStackTrace () (at /home/bokken/build/output/unity/unity/Runtime/Export/Scripting/StackTrace.cs:35)
06-02 15:57:30.866 32342 32360 I Unity   : UnityEngine.DebugLogHandler:Internal_Log (UnityEngine.LogType,UnityEngine.LogOption,string,UnityEngine.Object)
06-02 15:57:30.866 32342 32360 I Unity   : UnityEngine.DebugLogHandler:LogFormat (UnityEngine.LogType,UnityEngine.Object,string,object[]) (at /home/bokken/build/output/unity/unity/Runtime/Export/Logging/DebugLogHandler.cs:9)
06-02 15:57:30.866 32342 32360 I Unity   : UnityEngine.Logger:Log (UnityEngine.LogType,object) (at /home/bokken/build/output/unity/unity/Runtime/Export/Logging/Logger.cs:60)
06-02 15:57:30.866 32342 32360 I Unity   : UnityEngine.Debug:Log (object) (at /home/bokken/build/output/unity/unity/Runtime/Export/Debug/Debug.bindings.cs:123)
06-02 15:57:30.866 32342 32360 I Unity   : TargetRing2D:OnTriggerEnter2D (UnityEngine.Collider2D) (at C:/Games/UnityProject/OrbitDrop3D/Assets/Scripts/Gameplay/TargetRing2D.cs:91)
06-02 15:57:30.866 32342 32360 I Unity   : 
06-02 15:57:30.866 32342 32360 I Unity   : (Filename: /home/bokken/build/output/unity/unity/Runtime/Export/Debug/Debu
06-02 15:57:30.867 32342 32360 I Unity   : [TargetRing2D] HIT ACCEPTED on 'LevelManager/TargetRing2D(Clone)' — processing score/destroy
06-02 15:57:30.867 32342 32360 I Unity   : UnityEngine.Debug:ExtractStackTraceNoAlloc (byte*,int,string)
06-02 15:57:30.867 32342 32360 I Unity   : UnityEngine.StackTraceUtility:ExtractStackTrace () (at /home/bokken/build/output/unity/unity/Runtime/Export/Scripting/StackTrace.cs:35)
06-02 15:57:30.867 32342 32360 I Unity   : UnityEngine.DebugLogHandler:Internal_Log (UnityEngine.LogType,UnityEngine.LogOption,string,UnityEngine.Object)
06-02 15:57:30.867 32342 32360 I Unity   : UnityEngine.DebugLogHandler:LogFormat (UnityEngine.LogType,UnityEngine.Object,string,object[]) (at /home/bokken/build/output/unity/unity/Runtime/Export/Logging/DebugLogHandler.cs:9)
06-02 15:57:30.867 32342 32360 I Unity   : UnityEngine.Logger:Log (UnityEngine.LogType,object) (at /home/bokken/build/output/unity/unity/Runtime/Export/Logging/Logger.cs:60)
06-02 15:57:30.867 32342 32360 I Unity   : UnityEngine.Debug:Log (object) (at /home/bokken/build/output/unity/unity/Runtime/Export/Debug/Debug.bindings.cs:123)
06-02 15:57:30.867 32342 32360 I Unity   : TargetRing2D:OnTriggerEnter2D (UnityEngine.Collider2D) (at C:/Games/UnityProject/OrbitDrop3D/Assets/Scripts/Gameplay/TargetRing2D.cs:94)
06-02 15:57:30.867 32342 32360 I Unity   : 
06-02 15:57:30.867 32342 32360 I Unity   : (Filename: /home/bokken/build/output/unity/unity/Ru
06-02 15:57:30.868 32342 32360 I Unity   : [ScoreManager] Hit! Combo=7  +700pts  Total=2800
06-02 15:57:30.868 32342 32360 I Unity   : UnityEngine.Debug:ExtractStackTraceNoAlloc (byte*,int,string)
06-02 15:57:30.868 32342 32360 I Unity   : UnityEngine.StackTraceUtility:ExtractStackTrace () (at /home/bokken/build/output/unity/unity/Runtime/Export/Scripting/StackTrace.cs:35)
06-02 15:57:30.868 32342 32360 I Unity   : UnityEngine.DebugLogHandler:Internal_Log (UnityEngine.LogType,UnityEngine.LogOption,string,UnityEngine.Object)
06-02 15:57:30.868 32342 32360 I Unity   : UnityEngine.DebugLogHandler:LogFormat (UnityEngine.LogType,UnityEngine.Object,string,object[]) (at /home/bokken/build/output/unity/unity/Runtime/Export/Logging/DebugLogHandler.cs:9)
06-02 15:57:30.868 32342 32360 I Unity   : UnityEngine.Logger:Log (UnityEngine.LogType,object) (at /home/bokken/build/output/unity/unity/Runtime/Export/Logging/Logger.cs:60)
06-02 15:57:30.868 32342 32360 I Unity   : UnityEngine.Debug:Log (object) (at /home/bokken/build/output/unity/unity/Runtime/Export/Debug/Debug.bindings.cs:123)
06-02 15:57:30.868 32342 32360 I Unity   : ScoreManager:RegisterHit () (at C:/Games/UnityProject/OrbitDrop3D/Assets/Scripts/Core/ScoreManager.cs:65)
06-02 15:57:30.868 32342 32360 I Unity   : TargetRing2D:OnTriggerEnter2D (UnityEngine.Collider2D) (at C:/Games/UnityProject/OrbitDrop3D/Assets/Scripts/Gameplay/TargetRing2D
06-02 15:57:30.869 32342 32360 I Unity   : Explosion spawned at: (-2.08, 4.20, 0.00)
06-02 15:57:30.869 32342 32360 I Unity   : UnityEngine.Debug:ExtractStackTraceNoAlloc (byte*,int,string)
06-02 15:57:30.869 32342 32360 I Unity   : UnityEngine.StackTraceUtility:ExtractStackTrace () (at /home/bokken/build/output/unity/unity/Runtime/Export/Scripting/StackTrace.cs:35)
06-02 15:57:30.869 32342 32360 I Unity   : UnityEngine.DebugLogHandler:Internal_Log (UnityEngine.LogType,UnityEngine.LogOption,string,UnityEngine.Object)
06-02 15:57:30.869 32342 32360 I Unity   : UnityEngine.DebugLogHandler:LogFormat (UnityEngine.LogType,UnityEngine.Object,string,object[]) (at /home/bokken/build/output/unity/unity/Runtime/Export/Logging/DebugLogHandler.cs:9)
06-02 15:57:30.869 32342 32360 I Unity   : UnityEngine.Logger:Log (UnityEngine.LogType,object) (at /home/bokken/build/output/unity/unity/Runtime/Export/Logging/Logger.cs:60)
06-02 15:57:30.869 32342 32360 I Unity   : UnityEngine.Debug:Log (object) (at /home/bokken/build/output/unity/unity/Runtime/Export/Debug/Debug.bindings.cs:123)
06-02 15:57:30.869 32342 32360 I Unity   : CFXRExplosionManager:SpawnExplosion (UnityEngine.Vector3) (at C:/Games/UnityProject/OrbitDrop3D/Assets/Scripts/Utils/CFXRExplosionManager.cs:45)
06-02 15:57:30.869 32342 32360 I Unity   : ParticleManager:SpawnHitBurst (UnityEngine.Vector3) (at C:/Games/UnityProject/OrbitDrop3D/Assets/
06-02 15:59:21.750 32342 32360 I Unity   : Life lost! Remaining: 1
06-02 15:59:21.750 32342 32360 I Unity   : UnityEngine.Debug:ExtractStackTraceNoAlloc (byte*,int,string)
06-02 15:59:21.750 32342 32360 I Unity   : UnityEngine.StackTraceUtility:ExtractStackTrace () (at /home/bokken/build/output/unity/unity/Runtime/Export/Scripting/StackTrace.cs:35)
06-02 15:59:21.750 32342 32360 I Unity   : UnityEngine.DebugLogHandler:Internal_Log (UnityEngine.LogType,UnityEngine.LogOption,string,UnityEngine.Object)
06-02 15:59:21.750 32342 32360 I Unity   : UnityEngine.DebugLogHandler:LogFormat (UnityEngine.LogType,UnityEngine.Object,string,object[]) (at /home/bokken/build/output/unity/unity/Runtime/Export/Logging/DebugLogHandler.cs:9)
06-02 15:59:21.750 32342 32360 I Unity   : UnityEngine.Logger:Log (UnityEngine.LogType,object) (at /home/bokken/build/output/unity/unity/Runtime/Export/Logging/Logger.cs:60)
06-02 15:59:21.750 32342 32360 I Unity   : UnityEngine.Debug:Log (object) (at /home/bokken/build/output/unity/unity/Runtime/Export/Debug/Debug.bindings.cs:123)
06-02 15:59:21.750 32342 32360 I Unity   : GameManager:LoseLife () (at C:/Games/UnityProject/OrbitDrop3D/Assets/Scripts/Core/GameManager.cs:125)
06-02 15:59:21.750 32342 32360 I Unity   : OrbiterBall2D:Update () (at C:/Games/UnityProject/OrbitDrop3D/Assets/Scripts/Gameplay/OrbiterBall2D.cs:75)
06-02 15:59:21.750 32342 32360 I Unity   : 
06-02 15:59:21.750 32342 32360 I Unity   : (Filename: /home/bokken/build/output/unity/unity/R
06-02 15:59:21.750 32342 32360 I Unity   : Heart updated instantly — lives: 1
06-02 15:59:21.750 32342 32360 I Unity   : UnityEngine.Debug:ExtractStackTraceNoAlloc (byte*,int,string)
06-02 15:59:21.750 32342 32360 I Unity   : UnityEngine.StackTraceUtility:ExtractStackTrace () (at /home/bokken/build/output/unity/unity/Runtime/Export/Scripting/StackTrace.cs:35)
06-02 15:59:21.750 32342 32360 I Unity   : UnityEngine.DebugLogHandler:Internal_Log (UnityEngine.LogType,UnityEngine.LogOption,string,UnityEngine.Object)
06-02 15:59:21.750 32342 32360 I Unity   : UnityEngine.DebugLogHandler:LogFormat (UnityEngine.LogType,UnityEngine.Object,string,object[]) (at /home/bokken/build/output/unity/unity/Runtime/Export/Logging/DebugLogHandler.cs:9)
06-02 15:59:21.750 32342 32360 I Unity   : UnityEngine.Logger:Log (UnityEngine.LogType,object) (at /home/bokken/build/output/unity/unity/Runtime/Export/Logging/Logger.cs:60)
06-02 15:59:21.750 32342 32360 I Unity   : UnityEngine.Debug:Log (object) (at /home/bokken/build/output/unity/unity/Runtime/Export/Debug/Debug.bindings.cs:123)
06-02 15:59:21.750 32342 32360 I Unity   : GameHUD:OnLivesChanged (int) (at C:/Games/UnityProject/OrbitDrop3D/Assets/Scripts/UI/GameHUD.cs:101)
06-02 15:59:21.750 32342 32360 I Unity   : GameManager:LoseLife () (at C:/Games/UnityProject/OrbitDrop3D/Assets/Scripts/Core/GameManager.cs:126)
06-02 15:59:21.750 32342 32360 I Unity   : OrbiterBall2D:Update () (at C:/Games/UnityPr
06-02 15:59:21.967 32342 32342 I Unity   : windowFocusChanged: false
06-02 15:59:21.974 32342 32360 I Unity   : Handle cmd APP_CMD_LOST_FOCUS(8)
06-02 15:59:22.274 32342 32360 I Unity   : Handle cmd APP_CMD_TERM_WINDOW(2)
06-02 15:59:22.287 32342 32360 I Unity   : SetGameState: isLoading: false, mode: CONTENT, label: -6, quality: 0
06-02 15:59:22.470 32342 32360 I Unity   : Handle cmd APP_CMD_WINDOW_INSETS_CHANGED(17)
06-02 15:59:22.472 32342 32360 I Unity   : Handle cmd APP_CMD_WINDOW_INSETS_CHANGED(17)
06-02 15:59:22.473 32342 32360 I Unity   : Handle cmd APP_CMD_WINDOW_INSETS_CHANGED(17)
06-02 15:59:22.475 32342 32360 I Unity   : Handle cmd APP_CMD_LOW_MEMORY(10)
06-02 15:59:22.477 32342 32342 I Unity   : onPause
06-02 15:59:22.481 32342 32342 I Unity   : pauseUnity
06-02 15:59:22.482 32342 32360 I Unity   : Handle cmd APP_CMD_PAUSE(14)
06-02 15:59:22.485 32342 32360 I Unity   : Handle cmd APP_CMD_STOP(15)
06-02 15:59:22.487 32342 32360 I Unity   : Handle cmd APP_CMD_SAVE_STATE(13)
06-02 15:59:22.619 32342 32342 I Unity   : onDestroy
06-02 15:59:22.620 32342 32360 I Unity   : Handle cmd APP_CMD_DESTROY(16)
06-02 15:59:22.620 32342 32360 I Unity   : UnityApplication::DestroyInstance
